light,humidity,noise,temperature
83.28,35.58,50.0,25.81
80.35,35.77,50.12,25.74
87.61,35.93,50.0,25.81
80.72,35.8,50.0,25.81
80.21,35.38,51.92,25.86
80.81,35.27,50.23,25.82
84.27,35.18,52.08,26.0
86.5,35.0,50.81,25.86
89.6,34.94,50.0,25.83
89.68,34.93,50.0,25.81
88.0,34.98,50.0,25.81
87.26,34.9,50.0,25.81
86.12,34.94,50.0,25.57
84.21,34.9,50.0,25.48
79.69,34.95,50.23,25.48
79.01,34.95,50.0,25.48
79.26,35.09,50.0,25.47
78.03,35.05,51.73,25.49
81.27,34.88,50.81,25.76
83.78,34.76,51.0,25.81
85.39,34.87,50.69,25.81
82.57,35.58,50.23,25.97
81.51,35.0,50.0,26.09
82.89,34.77,50.0,26.13
82.53,35.18,50.0,26.13
84.02,35.4,50.0,26.13
85.97,35.16,50.0,26.13
85.16,35.23,50.0,26.11
79.86,36.17,51.25,25.81
84.5,35.37,50.0,25.39
87.59,36.13,50.0,24.52
88.66,36.24,50.0,24.19
87.35,36.48,50.0,24.19
85.04,36.47,50.0,23.92
91.52,36.48,50.0,24.0
89.03,36.54,50.0,24.19
90.27,36.43,50.0,24.19
90.4,36.33,50.0,24.19
88.07,36.38,50.0,24.19
89.25,36.53,50.0,24.19
87.6,36.56,50.0,24.19
82.53,36.61,50.0,24.03
84.52,36.48,50.0,23.87
84.18,36.58,50.0,23.87
84.16,36.62,50.0,23.87
84.75,36.47,50.0,23.87
87.45,36.46,50.0,23.87
81.49,36.58,50.0,23.87
79.67,36.65,50.0,23.87
83.43,36.78,50.0,23.87
83.32,36.6,50.0,23.98
82.5,36.68,50.0,24.19
78.85,36.58,50.0,24.19
82.13,36.54,50.0,24.39
81.43,36.48,50.0,24.46
82.88,36.41,50.0,24.52
84.89,36.46,50.0,24.7
82.56,36.2,50.0,24.79
80.16,36.22,50.0,24.84
81.38,36.28,50.0,24.84
82.21,36.22,50.0,24.84
77.17,36.13,50.0,24.84
77.08,36.08,50.0,24.84
69.42,36.22,50.0,24.84
71.87,36.26,50.0,24.84
72.41,36.2,50.0,24.84
76.26,36.23,50.0,24.89
82.42,36.14,50.0,24.97
80.22,36.04,50.0,25.16
77.75,36.18,50.0,25.16
80.27,36.15,50.0,25.16
81.66,36.03,50.0,25.16
78.57,35.98,50.0,25.16
73.69,36.11,50.0,25.16
75.88,36.17,50.0,25.16
76.05,36.16,50.0,25.16
74.25,36.08,50.0,25.16
73.24,36.24,50.0,25.16
73.79,36.27,50.0,25.16
71.4,36.24,50.0,25.1
69.89,36.37,50.0,25.16
68.26,36.43,50.0,25.16
67.6,36.36,50.0,25.03
66.28,36.38,50.0,25.03
64.28,36.34,50.0,25.1
62.89,36.45,50.0,24.95
62.37,36.38,50.0,24.9
61.54,36.38,50.0,24.9
57.86,36.44,50.0,24.89
53.59,36.54,50.0,24.88
51.28,36.52,50.0,24.84
50.54,36.55,50.0,24.84
49.07,36.48,50.0,24.84
46.16,36.47,50.0,24.84
42.48,36.44,50.0,24.84
39.9,36.53,50.0,24.84
37.69,36.54,50.0,24.84
33.96,36.66,50.0,24.84
30.87,36.52,50.0,24.84
28.48,36.6,50.0,24.84
25.63,36.74,50.0,24.84
22.61,36.63,50.0,24.84
19.86,36.48,50.0,24.84
17.89,36.55,50.0,24.84
16.34,36.58,50.0,24.84
15.31,36.62,50.0,24.78
14.43,36.62,50.0,24.84
14.37,36.6,50.0,24.84
13.88,36.7,50.0,24.78
13.66,36.66,50.0,24.84
13.75,36.62,50.0,24.73
13.93,36.5,50.0,24.84
13.59,36.67,50.0,24.75
13.59,36.76,50.0,24.66
3.21,36.89,50.0,24.61
2.19,36.82,50.0,24.52
2.29,36.83,50.0,24.6
2.15,36.6,50.0,24.52
2.42,36.8,50.0,24.52
2.6,36.86,50.0,24.52
2.31,36.83,50.0,24.52
2.51,36.87,50.0,24.52
2.49,36.71,50.0,24.52
2.49,36.7,50.0,24.52
2.18,36.73,50.0,24.52
2.37,36.84,50.0,24.52
1.99,36.94,50.0,24.52
2.39,36.82,50.0,24.52
2.15,36.87,50.0,24.46
1.98,36.86,50.0,24.28
1.92,36.9,50.0,24.19
1.82,36.73,50.0,24.19
2.25,36.77,50.0,24.19
1.91,36.94,50.0,24.19
1.89,36.88,50.0,24.19
2.32,36.8,50.0,24.19
1.84,36.85,50.0,24.19
2.04,36.83,50.0,24.19
1.91,36.9,50.0,24.19
1.99,36.82,50.0,24.19
2.3,36.85,50.0,24.19
1.94,36.85,50.0,24.19
2.08,36.89,50.0,24.14
1.86,36.67,50.0,24.19
2.13,36.82,50.0,24.13
2.16,36.85,50.0,24.07
2.1,36.82,50.0,23.98
2.03,36.72,50.0,24.13
2.47,36.92,50.0,23.95
2.09,36.74,50.0,24.06
1.94,36.75,50.0,23.87
1.91,36.83,50.0,23.87
2.13,36.8,50.0,23.87
1.98,36.81,50.0,23.87
2.22,36.7,50.0,23.87
1.66,36.53,50.0,23.87
2.25,36.8,50.0,23.87
2.01,36.78,50.0,23.87
1.89,36.72,50.0,23.87
1.82,36.75,50.0,23.87
2.2,36.9,50.0,23.87
2.13,36.8,50.0,23.87
1.77,36.86,50.0,23.87
2.3,36.92,50.0,23.87
2.05,36.8,50.0,23.87
1.94,36.91,50.0,23.87
1.93,36.84,50.0,23.83
1.84,36.77,50.0,23.87
1.91,36.9,50.0,23.79
2.33,36.9,50.0,23.66
1.96,36.88,50.0,23.6
2.13,36.96,50.0,23.61
1.84,36.72,50.0,23.6
2.28,36.9,50.0,23.55
1.97,36.9,50.0,23.59
2.12,36.83,50.0,23.55
2.15,36.8,50.0,23.55
2.23,36.86,50.0,23.55
1.99,36.74,50.0,23.55
2.23,37.03,50.0,23.55
1.99,36.85,50.0,23.55
2.39,37.0,50.0,23.55
2.01,36.9,50.0,23.55
2.21,37.04,50.0,23.55
2.3,37.01,50.0,23.55
2.09,36.94,50.0,23.55
2.23,37.0,50.0,23.55
2.35,36.92,50.0,23.55
2.7,37.0,50.0,23.55
2.38,37.07,50.0,23.55
2.3,36.98,50.0,23.5
2.35,36.98,50.0,23.55
2.56,37.05,50.0,23.55
2.25,36.93,50.0,23.5
2.54,37.3,50.0,23.39
2.5,36.95,50.0,23.55
2.43,37.01,50.0,23.47
2.13,37.0,50.0,23.55
1.99,36.97,50.0,23.55
2.25,37.02,50.0,23.44
2.41,37.07,50.0,23.39
2.26,37.08,50.0,23.39
2.6,37.16,50.0,23.16
57.69,37.06,50.0,23.42
57.49,36.98,50.0,23.5
57.49,37.02,50.0,23.34
14.62,36.91,50.0,23.55
64.09,36.97,50.0,23.44
64.32,36.78,50.0,23.36
64.73,36.88,50.0,23.5
65.28,36.92,50.0,23.36
66.33,37.06,50.0,23.55
66.88,36.93,50.0,23.5
67.59,37.0,50.0,23.29
68.05,36.9,50.0,23.23
68.95,36.86,50.0,23.29
67.35,36.78,50.0,23.23
70.36,36.7,50.0,23.23
65.97,36.65,50.0,23.23
70.16,36.61,50.0,23.23
74.85,36.57,50.0,23.23
74.46,36.72,50.0,23.23
72.79,36.63,50.0,23.23
72.14,36.8,50.0,23.23
72.81,36.87,50.0,23.23
72.06,36.9,50.0,23.23
72.1,36.86,50.0,23.1
71.94,36.93,50.0,23.18
72.97,36.92,50.0,22.9
73.12,37.14,50.0,22.9
72.34,37.05,50.0,22.9
67.6,37.1,50.0,22.9
73.04,37.28,50.0,22.9
77.83,37.38,50.0,22.9
77.56,37.42,50.0,22.97
77.47,37.38,50.0,22.9
77.57,37.37,50.14,22.9
79.02,37.6,50.0,22.9
80.55,37.56,50.0,22.9
80.92,37.5,50.0,22.9
81.77,37.67,50.0,22.9
80.25,37.74,50.0,22.97
79.89,37.83,50.0,22.9
80.02,37.87,50.0,22.9
80.94,38.24,50.43,22.9
82.82,38.41,50.0,22.9
84.12,38.46,50.0,22.9
85.52,38.53,50.0,23.04
86.3,38.48,50.0,23.06
85.88,38.6,50.0,23.23
87.54,38.75,50.0,23.12
88.13,38.68,50.0,23.16
89.2,38.98,50.0,23.18
89.6,38.84,50.0,23.23
88.13,39.14,50.0,23.23
88.18,39.23,50.0,23.23
88.09,39.22,50.0,23.23
88.19,39.29,50.0,23.23
92.79,39.33,50.0,23.28
93.31,39.23,50.0,23.54
92.07,39.0,50.0,23.55
88.74,39.05,50.0,23.55
86.81,38.93,50.0,23.55
86.94,39.04,50.0,23.54
84.73,39.01,50.0,23.55
84.75,38.94,50.0,23.54
84.78,38.94,50.0,23.55
84.66,39.08,50.0,23.57
84.86,39.01,50.0,23.55
85.1,38.96,50.0,23.56
85.28,39.02,50.0,23.55
85.66,38.88,50.0,23.49
85.56,38.7,50.0,23.56
86.22,38.52,50.0,23.56
85.62,38.29,50.0,23.55
85.72,38.33,50.0,23.77
86.53,38.07,50.0,23.87
86.41,37.92,50.0,23.88
86.39,37.87,50.0,23.87
86.48,37.78,50.0,23.87
86.67,37.77,50.23,23.87
82.37,37.81,50.0,23.87
87.76,37.83,50.0,23.96
87.77,37.62,50.0,24.19
84.47,37.67,50.0,24.19
83.6,37.69,50.0,24.04
82.97,37.7,50.0,23.93
82.22,37.64,50.0,23.88
81.61,37.71,50.0,23.87
81.49,37.76,50.0,23.87
81.27,37.78,50.0,23.87
81.55,37.8,50.0,23.87
82.33,37.9,50.0,23.86
83.49,37.9,50.0,23.84
83.58,37.92,50.0,23.87
83.37,37.9,50.0,23.87
82.92,38.01,50.0,23.87
81.63,38.17,50.0,23.87
81.18,38.13,50.0,23.86
80.68,38.19,50.0,23.83
80.22,38.13,50.0,23.83
80.84,38.02,50.0,23.67
81.8,38.04,50.0,23.6
82.24,38.05,50.0,23.54
82.53,38.16,50.0,23.64
82.96,38.07,50.0,23.65
83.41,38.04,50.0,23.67
83.79,38.12,50.0,23.69
84.27,38.03,50.0,23.57
84.73,38.01,50.0,23.59
85.44,37.93,50.0,23.64
86.45,37.88,50.0,23.59
87.55,37.82,50.0,23.63
89.34,37.78,50.0,23.82
90.2,37.7,50.0,23.87
89.26,37.6,50.0,23.87
89.0,37.52,50.0,23.87
88.66,37.41,50.0,23.87
90.52,37.42,50.0,23.91
89.42,37.26,50.0,24.07
88.85,37.14,50.0,24.04
88.97,37.26,50.0,24.07
87.55,37.36,50.0,24.19
89.15,37.49,50.0,24.19
89.19,37.47,50.0,24.19
88.14,37.5,50.0,24.18
85.28,37.56,50.0,24.16
85.1,37.61,50.0,24.19
84.84,37.72,50.0,24.15
86.42,37.73,50.0,24.15
85.63,37.73,50.0,24.13
86.19,37.78,50.0,24.09
85.35,37.74,50.0,24.1
84.99,37.64,50.0,24.01
84.65,37.68,50.0,23.94
84.13,37.71,50.0,23.89
83.97,37.68,50.0,23.97
83.78,37.66,50.0,24.02
83.5,37.61,50.0,24.19
83.44,37.52,50.0,24.27
83.39,37.46,50.0,24.47
83.28,37.39,50.0,24.53
83.14,37.34,50.0,24.56
83.27,37.23,50.0,24.83
83.13,37.15,50.0,24.84
83.27,37.19,50.0,24.84
82.95,37.12,50.0,24.97
82.59,37.11,50.0,25.16
80.58,37.06,50.0,25.16
79.78,37.09,50.0,25.16
79.82,36.99,50.0,25.16
79.54,36.98,50.0,25.16
79.33,37.0,50.0,25.16
78.69,36.89,50.0,25.18
78.15,36.95,50.0,25.3
77.22,36.89,50.0,25.47
76.76,36.93,50.0,25.45
76.11,36.88,50.0,25.47
76.34,36.9,50.0,25.47
76.34,36.86,50.0,25.48
77.55,36.87,50.0,25.48
77.93,36.82,50.0,25.48
80.93,36.82,50.0,25.48
81.95,36.82,50.0,25.48
82.63,36.81,50.0,25.48
82.77,36.77,50.0,25.48
81.79,36.84,50.0,25.48
80.64,36.82,50.0,25.49
78.88,36.8,50.0,25.51
77.22,36.81,50.0,25.51
76.5,36.82,50.0,25.58
75.56,36.77,50.0,25.7
75.09,36.8,50.0,25.78
74.37,36.79,50.0,25.77
73.84,36.76,50.0,25.81
75.02,36.78,50.0,25.8
74.24,36.82,50.0,25.73
73.5,36.79,50.0,25.81
72.52,36.82,50.0,25.75
71.24,36.86,50.0,25.85
69.46,36.85,50.0,25.8
67.41,36.82,50.0,25.81
64.49,36.88,50.0,25.84
58.56,36.85,50.0,25.81
43.08,36.86,50.0,25.77
40.55,36.91,50.0,25.74
50.69,36.96,50.0,25.7
50.98,36.94,50.0,25.65
48.45,37.0,50.0,25.54
47.38,36.96,50.0,25.51
45.84,37.04,50.0,25.48
35.58,37.06,50.0,25.48
29.69,37.02,50.0,25.48
28.49,37.14,50.0,25.48
30.6,37.1,50.0,25.48
19.77,37.12,50.0,25.48
13.46,37.16,50.0,25.46
13.4,37.17,50.0,25.48
13.34,37.27,50.0,25.46
13.34,37.25,50.0,25.47
13.37,37.25,50.0,25.44
13.59,37.29,50.0,25.37
12.77,37.32,50.0,25.26
2.44,37.27,50.0,25.18
5.0,37.3,50.0,25.17
2.24,37.39,50.0,25.16
2.38,37.41,50.0,25.16
2.38,37.39,50.0,25.16
2.29,37.43,50.0,25.16
2.37,37.46,50.0,25.16
2.34,37.51,50.0,25.16
2.3,37.52,50.0,25.16
2.37,37.52,50.0,25.16
2.3,37.53,50.0,25.16
2.24,37.57,50.0,25.15
2.25,37.59,50.0,25.16
2.01,37.65,50.0,25.08
1.98,37.65,50.0,24.93
2.03,37.68,50.0,24.88
2.03,37.7,50.0,24.84
2.15,37.86,50.0,24.84
2.25,37.99,50.0,24.84
2.16,38.02,50.0,24.84
2.21,38.17,50.0,24.8
2.22,38.26,50.0,24.64
2.17,38.33,50.0,24.59
2.17,38.34,50.0,24.52
2.09,38.49,50.0,24.52
2.1,38.67,50.0,24.52
2.24,38.6,50.0,24.52
2.17,38.72,50.0,24.52
2.14,38.83,50.0,24.52
2.18,38.8,50.0,24.52
1.96,38.86,50.0,24.52
2.01,38.87,50.0,24.52
13.18,38.96,50.0,24.52
25.64,39.05,50.0,24.52
22.81,39.04,50.0,24.52
16.22,39.05,50.0,24.52
1.97,39.17,50.0,24.51
2.04,39.22,50.0,24.52
2.03,39.24,50.0,24.52
2.03,39.29,50.0,24.52
2.08,39.37,50.0,24.49
2.01,39.42,50.0,24.47
2.03,39.41,50.0,24.47
2.08,39.44,50.0,24.47
1.99,39.49,50.0,24.48
2.02,39.47,50.0,24.3
2.09,39.62,50.0,24.33
2.02,39.56,50.0,24.24
2.02,39.6,50.0,24.2
2.11,39.71,50.0,24.2
2.06,39.66,50.0,24.15
2.06,39.71,50.0,24.23
2.05,39.74,50.0,24.2
2.05,39.78,50.0,24.19
2.09,39.85,50.0,24.19
2.06,39.86,50.0,24.19
2.05,39.88,50.0,24.19
2.11,40.01,50.0,24.19
2.03,40.02,50.0,24.18
2.05,40.07,50.0,24.19
2.12,40.08,50.0,24.15
2.01,40.23,50.0,24.15
2.06,40.26,50.0,24.07
2.09,40.25,50.0,24.07
2.06,40.29,50.0,23.94
2.06,40.33,50.0,23.94
2.07,40.4,50.0,23.88
2.09,40.42,50.0,23.87
2.06,40.43,50.0,23.87
2.07,40.52,50.0,23.9
2.08,40.49,50.0,23.87
3.63,40.51,50.0,23.87
3.97,40.47,50.0,23.87
5.47,40.54,50.0,23.87
5.3,40.67,50.0,23.88
5.46,40.59,50.0,23.87
3.81,40.72,50.0,23.87
3.71,40.72,50.0,23.87
2.02,40.82,50.0,23.85
2.05,40.78,50.0,23.87
2.1,40.78,50.0,23.87
2.06,40.95,50.0,23.87
2.05,40.91,50.0,23.87
2.1,40.89,50.0,23.86
2.31,41.03,50.0,23.86
2.4,41.05,50.0,23.86
4.77,41.11,50.0,23.86
10.78,41.16,50.0,23.83
8.94,41.22,50.0,23.85
10.93,41.22,50.0,23.8
8.42,41.31,50.0,23.78
12.93,41.28,50.0,23.8
9.31,41.32,50.0,23.73
14.0,41.4,50.0,23.7
18.23,41.4,50.0,23.65
32.36,41.48,50.0,23.59
37.03,41.5,50.0,23.57
36.88,41.63,50.0,23.56
26.87,41.74,50.0,23.55
26.05,41.87,50.0,23.56
28.34,41.98,50.0,23.55
30.88,42.12,50.0,23.55
33.45,42.25,50.0,23.55
36.07,42.32,50.0,23.55
37.76,42.51,50.0,23.55
40.26,42.58,50.0,23.55
52.24,42.59,50.0,23.55
55.46,42.66,50.0,23.54
55.68,42.84,50.0,23.49
55.83,42.9,50.0,23.48
54.33,43.0,50.0,23.41
51.66,43.16,50.0,23.33
51.77,43.19,50.0,23.25
54.96,43.28,50.0,23.24
59.8,43.42,50.0,23.24
58.07,43.46,50.0,23.23
53.23,43.54,50.0,23.23
58.23,43.62,50.0,23.23
63.78,43.71,50.0,23.23
65.45,43.83,50.0,23.23
65.8,43.96,50.0,23.23
63.4,44.07,50.0,23.23
60.61,44.22,50.0,23.23
59.58,44.4,50.0,23.23
59.48,44.5,50.0,23.23
59.96,44.64,50.0,23.23
64.87,44.71,50.0,23.22
68.66,44.74,50.0,23.22
67.2,44.74,50.0,23.18
65.12,44.79,50.0,23.18
63.94,44.87,50.0,23.16
64.88,44.93,50.0,23.1
63.37,45.03,50.0,22.99
60.93,45.22,50.0,22.95
58.41,45.18,50.0,22.94
63.87,45.26,50.0,22.91
68.4,45.32,50.0,22.9
67.52,45.4,50.0,22.9
60.78,45.37,50.0,22.9
57.09,45.38,50.0,22.9
57.6,45.38,50.0,22.9
56.73,45.54,50.0,22.9
58.0,45.51,50.0,22.86
62.66,45.55,50.0,22.92
66.65,45.61,50.0,22.91
68.03,45.59,50.0,22.9
71.62,45.58,50.0,22.88
71.76,45.62,50.0,22.77
69.11,45.7,50.0,22.76
66.96,45.66,50.0,22.75
66.74,45.73,50.0,22.61
70.59,45.7,50.0,22.59
72.8,45.78,50.0,22.59
73.9,45.75,50.0,22.62
77.9,45.78,50.0,22.58
77.52,45.7,50.0,22.62
78.63,45.72,50.0,22.63
81.69,45.74,50.0,22.64
80.95,45.78,50.0,22.65
82.49,45.72,50.0,22.8
83.55,45.68,50.0,22.86
83.59,45.74,50.0,22.89
81.25,45.8,50.0,22.9
78.37,45.96,50.0,22.9
77.7,46.03,50.0,22.89
77.36,46.17,50.0,22.9
75.77,46.16,50.0,22.9
74.41,46.25,50.0,22.9
76.05,46.3,50.0,22.9
75.52,46.38,50.0,22.9
74.08,46.38,50.0,22.9
73.31,46.35,50.0,22.91
74.96,46.49,50.0,22.9
80.84,46.45,50.0,22.9
82.16,46.34,50.0,22.9
81.52,46.36,50.0,22.9
76.88,46.46,50.0,22.9
76.7,46.66,50.0,22.9
74.2,46.62,50.0,22.9
71.72,46.62,50.0,22.9
74.73,46.6,50.0,22.9
77.26,46.63,50.0,22.9
78.96,46.71,50.0,22.9
79.05,46.75,50.0,22.9
81.9,46.78,50.0,22.9
84.43,46.85,50.0,22.89
84.96,46.82,50.0,22.9
84.97,46.89,50.0,22.9
85.06,46.89,50.0,22.9
84.28,46.97,50.0,22.89
84.64,47.09,50.0,22.86
81.95,47.25,50.0,22.9
81.18,47.33,50.0,22.9
83.16,47.41,50.0,22.89
85.54,47.54,50.0,22.9
87.41,47.46,50.0,22.93
89.53,47.43,50.0,23.06
88.39,47.45,50.0,23.23
87.04,47.58,50.0,23.2
83.12,47.82,50.0,23.14
78.95,47.89,50.0,22.97
73.65,47.98,50.0,22.93
78.31,47.92,50.0,22.9
79.83,47.92,50.0,22.9
79.4,47.93,50.0,22.9
80.89,47.87,50.0,22.9
83.48,47.78,50.0,22.9
70.6,47.78,50.0,22.9
58.09,47.93,50.0,22.9
63.09,47.66,50.0,22.9
69.23,47.21,50.0,22.9
76.46,46.94,50.0,22.9
80.27,46.71,50.0,22.9
83.12,46.44,50.0,22.9
84.69,46.22,50.0,22.9
85.46,45.92,50.0,22.9
85.27,45.8,50.0,22.9
83.76,45.64,50.0,22.9
80.48,45.52,50.0,22.9
79.89,45.51,50.0,22.9
81.84,45.35,50.0,22.9
82.02,45.26,50.0,22.9
78.9,45.23,50.0,22.9
79.92,45.23,50.0,22.9
81.05,45.03,50.0,22.93
80.64,45.0,50.0,23.1
78.52,44.93,50.0,23.23
80.25,44.88,50.0,23.23
76.94,44.85,50.0,23.23
79.15,44.72,50.0,23.23
79.94,44.67,50.0,23.24
78.95,44.7,50.0,23.34
71.59,44.66,50.0,23.4
67.77,44.64,50.0,23.45
70.17,44.61,50.0,23.6
76.18,44.58,50.0,23.54
78.74,44.55,50.0,23.55
78.2,44.49,50.0,23.54
76.33,44.46,50.0,23.5
71.26,44.46,50.0,23.54
71.48,44.42,50.0,23.55
71.86,44.49,50.0,23.55
70.71,44.43,50.0,23.55
70.02,44.45,50.0,23.55
70.7,44.4,50.0,23.55
70.96,44.42,50.0,23.55
71.58,44.33,50.0,23.55
71.94,44.31,50.0,23.55
72.36,44.38,50.0,23.56
73.92,44.28,50.0,23.55
74.89,44.34,50.0,23.55
77.65,44.23,50.0,23.56
78.87,44.2,50.0,23.57
78.03,44.22,50.0,23.6
76.65,44.31,50.0,23.64
74.47,44.27,50.0,23.64
72.04,44.23,50.0,23.65
71.79,44.14,50.0,23.68
71.39,44.16,50.0,23.71
71.11,44.2,50.0,23.66
74.13,44.15,50.0,23.69
75.72,44.13,50.0,23.69
70.46,44.16,50.0,23.77
67.06,44.03,50.0,23.79
63.27,44.04,50.0,23.81
54.27,44.03,50.0,23.86
49.94,44.06,50.0,23.83
45.92,44.07,50.0,23.82
42.92,44.01,50.0,23.85
38.76,44.09,50.0,23.85
37.63,44.08,50.0,23.84
37.12,44.11,50.0,23.77
31.95,44.18,50.0,23.82
26.95,44.13,50.0,23.75
22.67,44.09,50.0,23.64
19.38,44.16,50.0,23.67
16.95,44.1,50.0,23.65
15.33,44.12,50.0,23.65
14.39,44.17,50.0,23.61
13.81,44.1,50.0,23.59
13.49,44.11,50.0,23.6
13.45,44.13,50.0,23.57
13.32,44.15,50.0,23.55
13.3,44.12,50.0,23.56
13.31,44.1,50.0,23.55
13.28,44.2,50.0,23.56
13.27,44.21,50.0,23.55
9.91,44.15,50.0,23.55
2.11,44.1,50.0,23.55
2.12,44.2,50.0,23.55
2.48,44.14,50.0,23.55
5.21,44.09,50.0,23.55
5.33,44.14,50.0,23.55
3.32,44.18,50.0,23.55
2.02,44.18,50.0,23.55
2.12,44.19,50.0,23.55
2.03,44.13,50.0,23.55
2.01,44.18,50.0,23.55
2.1,44.24,50.0,23.55
1.94,44.24,50.0,23.55
1.89,44.19,50.0,23.55
1.94,44.25,50.0,23.55
1.89,44.18,50.0,23.55
1.91,44.24,50.0,23.55
1.96,44.12,50.0,23.55
1.95,44.13,50.0,23.55
1.95,44.12,50.0,23.53
1.95,44.11,50.0,23.49
1.94,44.12,50.0,23.39
2.0,44.14,50.0,23.37
1.94,44.15,50.0,23.24
1.92,44.2,50.0,23.27
2.01,44.18,50.0,23.24
1.93,44.13,50.0,23.23
1.97,44.15,50.0,23.23
2.04,44.16,50.0,23.23
1.94,44.14,50.0,23.23
1.97,44.13,50.0,23.23
2.04,44.08,50.0,23.23
1.99,44.11,50.0,23.23
1.98,44.08,50.0,23.23
2.03,44.05,50.0,23.23
2.04,44.04,50.0,23.23
2.03,44.0,50.0,23.23
2.05,44.07,50.0,23.23
2.05,43.98,50.0,23.23
27.1,44.02,50.0,23.23
38.44,43.97,50.0,23.23
39.65,43.81,50.0,23.24
13.42,43.72,50.0,23.22
1.99,43.64,50.0,23.22
2.0,43.56,50.0,23.22
2.08,43.48,50.0,23.23
2.0,43.38,50.0,23.17
2.03,43.39,50.0,23.15
2.1,43.25,50.0,23.1
2.03,43.17,50.0,23.1
2.04,43.15,50.0,23.01
2.09,43.13,50.0,22.91
2.08,43.04,50.0,22.9
2.05,43.0,50.0,22.93
2.04,42.95,50.0,22.9
2.06,42.92,50.0,22.91
2.06,42.92,50.0,22.9
2.02,42.79,50.0,22.9
1.97,42.75,50.0,22.9
2.08,42.75,50.0,22.9
1.97,42.73,50.0,22.9
1.96,42.68,50.0,22.9
2.07,42.63,50.0,22.9
1.99,42.57,50.0,22.9
1.98,42.62,50.0,22.9
2.07,42.55,50.0,22.9
1.91,42.53,50.0,22.9
1.96,42.59,50.0,22.9
2.03,42.56,50.0,22.89
1.95,42.52,50.0,22.9
2.0,42.52,50.0,22.9
2.02,42.52,50.0,22.88
1.95,42.51,50.0,22.9
24.77,42.51,50.0,22.9
23.6,42.49,50.0,22.89
25.5,42.48,50.0,22.89
3.76,42.53,50.0,22.88
1.91,42.52,50.0,22.86
1.91,42.54,50.0,22.89
2.0,42.54,50.0,22.89
1.96,42.53,50.0,22.9
1.94,42.54,50.0,22.86
2.06,42.57,50.0,22.89
1.94,42.51,50.0,22.86
2.02,42.53,50.0,22.84
2.32,42.58,50.0,22.81
2.24,42.53,50.0,22.73
2.32,42.6,50.0,22.66
2.46,42.58,50.0,22.65
2.66,42.68,50.0,22.6
3.23,42.63,50.0,22.59
4.16,42.71,50.0,22.62
5.81,42.7,50.0,22.59
8.49,42.75,50.0,22.59
12.02,42.8,50.0,22.58
16.6,42.8,50.0,22.53
23.73,42.8,50.0,22.58
31.35,42.87,50.0,22.58
35.22,42.89,50.0,22.58
40.01,42.88,50.0,22.58
46.38,42.98,50.0,22.57
51.93,43.11,50.0,22.57
58.9,43.33,50.0,22.47
63.37,43.32,50.0,22.44
66.17,43.28,50.0,22.54
68.65,43.19,50.0,22.54
71.05,43.18,50.0,22.58
71.68,43.21,50.0,22.55
73.04,43.23,50.0,22.57
75.06,43.32,50.0,22.56
70.27,43.41,50.0,22.54
68.26,43.48,50.0,22.42
67.47,43.45,50.0,22.36
70.06,43.49,50.0,22.28
70.79,43.5,50.0,22.26
78.72,43.52,50.0,22.26
80.59,43.57,50.0,22.26
81.27,43.62,50.0,22.26
81.24,43.7,50.0,22.26
75.53,43.75,50.0,22.26
75.38,43.92,50.0,22.26
76.67,43.94,50.0,22.26
80.98,44.01,50.0,22.26
81.34,44.06,50.0,22.26
84.04,44.02,50.0,22.26
83.7,44.17,50.0,22.26
83.95,44.23,50.0,22.26
84.16,44.3,50.0,22.26
84.42,44.38,50.0,22.26
85.1,44.43,50.0,22.26
86.3,44.45,50.0,22.26
85.49,44.48,50.0,22.27
86.17,44.53,50.0,22.26
84.77,44.48,50.0,22.26
86.55,44.5,50.0,22.29
87.77,44.51,50.0,22.48
86.36,44.41,50.0,22.57
83.58,44.44,50.0,22.58
82.73,44.38,50.0,22.57
81.75,44.39,50.0,22.57
83.99,44.48,50.0,22.57
85.92,44.38,50.0,22.58
85.72,44.32,50.0,22.58
83.83,44.18,50.0,22.58
85.79,44.16,50.0,22.58
85.39,44.03,50.0,22.58
87.69,44.08,50.0,22.58
90.57,44.02,50.0,22.66
90.37,43.83,50.0,22.86
90.45,43.77,50.0,22.9
90.14,43.69,50.0,22.9
89.59,43.64,50.0,22.89
89.1,43.71,50.0,22.9
89.11,43.74,50.0,22.9
89.3,43.69,50.0,22.9
89.68,43.61,50.0,22.9
89.86,43.54,50.0,22.94
90.26,43.58,50.0,23.14
91.09,43.6,50.0,23.23
90.87,43.54,50.0,23.23
92.56,43.39,50.0,23.38
92.04,43.03,50.0,23.87
91.16,42.93,50.0,23.93
95.99,42.28,50.0,24.71
96.3,40.7,50.0,25.95
96.25,39.86,50.0,26.38
95.39,39.92,50.0,25.99
96.71,39.81,50.0,25.8
95.74,39.82,50.0,25.73
93.36,40.33,50.0,25.27
93.18,41.09,50.0,24.93
94.14,41.01,50.0,25.33
92.92,40.67,50.0,25.65
91.01,40.89,50.0,25.28
91.79,41.55,50.0,24.84
95.84,41.26,50.0,25.27
97.08,39.92,50.0,26.39
96.11,39.31,50.0,26.41
94.54,39.84,50.0,25.76
93.44,40.73,50.0,25.28
93.23,41.13,50.0,25.16
93.03,41.38,50.0,25.12
93.85,41.4,50.0,25.2
96.1,40.74,50.0,26.03
93.31,39.97,50.0,26.35
97.28,39.69,50.0,26.44
97.3,38.28,50.0,27.63
97.34,37.5,50.0,28.14
93.09,37.33,50.0,28.02
96.24,38.11,50.0,27.01
94.6,37.52,50.0,27.74
95.6,37.4,50.0,27.48
94.59,36.75,50.0,28.16
93.56,37.27,50.0,27.21
95.33,37.36,50.0,27.43
97.38,36.97,50.0,27.7
92.02,36.77,50.0,27.77
90.22,37.94,50.0,26.5
89.2,38.9,50.0,25.76
89.58,39.2,50.0,25.32
89.08,39.17,50.0,25.13
88.56,38.88,50.0,24.88
88.35,38.69,50.0,24.84
88.32,38.46,50.0,24.71
87.95,38.03,50.0,24.54
87.66,37.83,50.0,24.52
88.33,37.72,50.0,24.52
87.61,37.73,50.0,24.52
87.61,37.75,50.0,24.52
88.72,37.58,50.0,24.52
86.28,37.43,50.0,24.52
87.8,37.39,50.0,24.52
87.78,37.42,50.0,24.51
88.02,37.38,50.0,24.49
87.68,37.48,50.0,24.44
87.62,37.48,50.0,24.2
87.42,37.48,50.0,24.19
87.13,37.47,50.0,24.19
86.4,37.43,50.0,24.19
86.38,37.37,50.0,24.19
86.92,37.42,50.0,24.19
87.1,37.37,50.0,24.2
85.5,37.35,50.0,24.19
84.57,37.32,50.0,24.19
83.35,37.39,50.0,24.23
83.83,37.48,50.0,24.47
79.34,37.5,50.0,24.52
77.87,37.54,50.0,24.52
78.71,37.61,50.0,24.52
84.82,37.57,50.0,24.57
80.83,37.54,50.0,24.8
81.07,37.65,50.0,24.84
78.72,37.68,50.0,24.83
81.45,37.61,50.0,24.84
80.69,37.72,50.0,24.84
79.55,37.75,50.0,24.84
79.43,37.77,50.0,24.88
79.59,37.87,50.0,24.87
79.89,37.85,50.0,24.85
80.12,37.93,50.0,24.98
80.81,37.89,50.0,25.02
79.86,37.95,50.0,25.1
78.11,37.97,50.0,25.12
77.28,38.05,50.0,25.07
77.89,38.05,50.0,25.06
75.98,38.19,50.0,25.12
75.94,38.16,50.0,25.07
76.14,38.29,50.0,25.12
75.41,38.25,50.0,25.12
74.59,38.35,50.0,25.09
73.62,38.36,50.0,25.06
72.19,38.48,50.0,25.06
74.45,38.47,50.0,24.94
75.7,38.5,50.0,24.97
77.0,38.55,50.0,24.99
78.55,38.58,50.0,24.96
80.12,38.57,50.0,24.9
74.7,38.56,50.0,24.92
73.72,38.61,50.0,24.98
69.84,38.62,50.0,25.05
71.85,38.58,50.0,24.97
69.87,38.57,50.0,25.05
69.58,38.61,50.0,25.1
67.81,38.61,50.0,25.11
66.57,38.62,50.0,25.12
63.79,38.68,50.0,25.14
57.38,38.76,50.0,25.15
49.48,38.86,50.0,25.07
44.27,38.79,50.0,25.07
40.08,38.89,50.0,24.98
36.5,38.92,50.0,24.89
33.17,38.96,50.0,24.86
33.55,38.92,50.0,24.84
29.31,39.08,50.0,24.84
25.38,39.13,50.0,24.84
21.6,39.18,50.0,24.84
18.5,39.12,50.0,24.84
16.25,39.25,50.0,24.84
14.75,39.23,50.0,24.84
13.87,39.33,50.0,24.84
13.47,39.33,50.0,24.84
13.26,39.34,50.0,24.84
13.12,39.36,50.0,24.84
13.13,39.44,50.0,24.84
13.09,39.38,50.0,24.84
13.1,39.52,50.0,24.84
13.11,39.44,50.0,24.76
13.06,39.54,50.0,24.74
9.32,39.58,50.0,24.73
2.14,39.6,50.0,24.66
2.11,39.62,50.0,24.55
8.46,39.6,50.0,24.53
5.28,39.68,50.0,24.53
8.63,39.7,50.0,24.52
2.12,39.72,50.0,24.52
2.13,39.73,50.0,24.53
2.13,39.77,50.0,24.52
2.16,39.71,50.0,24.47
2.11,39.73,50.0,24.52
2.08,39.82,50.0,24.57
2.12,39.85,50.0,24.44
1.95,39.9,50.0,24.37
1.95,39.98,50.0,24.24
2.02,40.05,50.0,24.19
1.92,40.02,50.0,24.19
1.89,40.1,50.0,24.19
1.97,40.06,50.0,24.19
1.86,40.13,50.0,24.19
1.91,40.19,50.0,24.19
1.96,40.2,50.0,24.19
1.87,40.24,50.0,24.19
1.92,40.28,50.0,24.19
1.91,40.28,50.0,24.19
1.85,40.26,50.0,24.19
1.95,40.38,50.0,24.18
1.85,40.39,50.0,24.19
1.79,40.34,50.0,24.12
1.92,40.47,50.0,24.14
1.84,40.49,50.0,24.14
1.83,40.47,50.0,24.04
1.92,40.5,50.0,24.02
1.84,40.46,50.0,23.91
1.84,40.53,50.0,23.96
1.94,40.58,50.0,23.87
1.88,40.6,50.0,23.87
1.81,40.67,50.0,23.87
15.97,40.62,50.0,23.87
22.33,40.71,50.0,23.87
18.05,40.7,50.0,23.87
8.11,40.77,50.0,23.87
1.82,40.76,50.0,23.87
1.88,40.79,50.0,23.87
1.83,40.77,50.0,23.87
1.81,40.82,50.0,23.87
1.91,40.89,50.0,23.87
1.81,40.9,50.0,23.87
1.85,40.9,50.0,23.87
1.92,40.95,50.0,23.83
1.83,41.03,50.0,23.76
1.88,41.1,50.0,23.69
1.92,41.24,50.0,23.65
1.85,41.2,50.0,23.59
1.82,41.24,50.0,23.6
1.91,41.34,50.0,23.56
1.85,41.3,50.0,23.55
1.94,41.38,50.0,23.56
1.92,41.44,50.0,23.55
1.91,41.46,50.0,23.55
1.95,41.51,50.0,23.55
1.87,41.56,50.0,23.55
1.87,41.58,50.0,23.55
1.97,41.58,50.0,23.55
1.83,41.63,50.0,23.55
1.89,41.69,50.0,23.55
1.98,41.66,50.0,23.55
1.91,41.75,50.0,23.55
1.95,41.67,50.0,23.55
1.98,41.75,50.0,23.55
1.91,41.76,50.0,23.55
1.92,41.75,50.0,23.55
1.93,41.79,50.0,23.55
2.05,41.73,50.0,23.55
8.4,41.88,50.0,23.53
20.65,41.84,50.0,23.55
13.83,41.87,50.0,23.46
19.6,41.88,50.0,23.53
14.56,41.9,50.0,23.44
21.03,41.88,50.0,23.4
13.84,41.91,50.0,23.38
20.8,41.95,50.0,23.3
13.9,41.89,50.0,23.29
19.14,41.94,50.0,23.3
2.08,41.92,50.0,23.33
2.15,41.9,50.0,23.3
22.99,41.94,50.0,23.36
56.06,41.95,50.0,23.24
63.07,41.95,50.0,23.28
62.97,41.95,50.0,23.26
62.97,41.95,50.0,23.23
62.93,41.86,50.0,23.23
62.93,41.93,50.0,23.23
63.04,41.91,50.0,23.23
63.25,41.89,50.0,23.24
63.6,41.91,50.0,23.25
63.67,41.86,50.0,23.23
64.46,41.85,50.0,23.23
66.03,41.84,50.0,23.23
66.89,41.8,50.0,23.23
67.89,41.8,50.0,23.23
67.87,41.75,50.0,23.23
70.01,41.76,50.0,23.26
73.21,41.77,50.0,23.23
74.55,41.69,50.0,23.23
75.96,41.65,50.0,23.23
77.21,41.56,50.0,23.23
77.53,41.53,50.0,23.23
78.26,41.47,50.0,23.23
79.22,41.49,50.0,23.23
80.66,41.45,50.0,23.23
81.27,41.47,50.0,23.2
81.66,41.39,50.0,23.22
81.94,41.37,50.0,23.23
82.21,41.38,50.0,23.23
82.83,41.44,50.0,23.19
83.15,41.34,50.0,23.16
83.38,41.41,50.0,23.14
83.66,41.35,50.0,23.13
83.94,41.35,50.0,23.11
84.16,41.32,50.0,23.13
84.44,41.34,50.0,23.08
84.65,41.44,50.0,22.97
84.83,41.5,50.0,23.06
84.94,41.55,50.0,23.08
84.98,41.65,50.0,23.13
85.21,41.72,50.0,23.18
85.15,41.78,50.0,23.18
84.96,41.77,50.0,23.18
85.6,41.88,50.0,23.22
85.82,41.97,50.0,23.23
85.99,42.0,50.0,23.23
86.02,41.96,50.04,23.23
86.16,42.06,50.08,23.23
86.22,42.05,50.0,23.23
86.42,42.12,50.0,23.23
86.66,42.18,50.0,23.23
86.85,42.15,50.0,23.23
87.24,42.16,50.0,23.23
85.83,42.19,50.0,23.23
87.8,42.27,50.0,23.23
86.68,42.17,50.0,23.28
87.98,42.19,50.0,23.35
88.73,42.12,50.0,23.35
91.5,42.08,50.0,23.54
93.63,41.89,50.0,23.55
92.08,41.68,50.0,23.76
89.77,41.57,50.0,23.64
89.94,41.5,50.0,23.69
89.32,41.42,50.0,23.6
89.71,41.35,50.0,23.78
89.78,41.17,50.0,23.85
90.21,41.08,50.0,23.87
89.65,40.97,50.0,23.86
89.26,40.93,50.0,23.87
89.96,40.79,50.0,23.86
91.03,40.72,50.04,23.87
90.01,40.52,50.0,23.87
89.97,40.47,50.0,23.87
90.52,40.39,50.0,23.88
90.8,40.31,50.0,23.87
92.68,40.14,50.0,24.12
89.29,39.97,50.0,24.19
85.45,40.25,50.0,24.05
84.12,40.4,50.0,23.87
83.61,40.49,50.0,23.87
84.24,40.58,50.0,23.87
84.09,40.66,50.0,23.87
81.37,40.75,50.04,23.78
78.47,40.87,50.0,23.56
78.84,40.96,50.0,23.57
79.88,41.07,50.0,23.56
79.69,41.1,50.0,23.55
80.36,41.11,50.0,23.55
81.96,41.19,50.0,23.55
86.68,41.22,50.0,23.55
85.89,41.07,50.0,23.66
81.56,41.18,50.04,23.83
83.9,41.21,50.0,23.87
85.63,40.96,50.0,23.87
83.54,40.97,50.0,23.87
81.18,41.13,50.0,23.87
81.03,41.48,50.0,23.87
84.78,41.77,50.0,23.87
82.45,42.13,50.0,23.87
81.81,42.44,50.0,23.86
82.64,42.72,50.0,23.83
80.42,42.95,50.0,23.81
79.35,43.3,50.0,23.72
78.74,43.43,50.0,23.61
79.22,43.33,50.0,23.56
79.76,42.94,50.0,23.55
80.23,42.5,50.0,23.61
81.37,42.52,50.0,23.6
83.59,42.6,50.0,23.56
83.93,42.63,50.0,23.78
82.12,42.56,50.0,23.73
81.14,42.58,50.0,23.61
87.76,42.38,50.0,23.75
88.85,42.11,50.0,23.88
88.1,41.99,50.0,23.87
85.36,41.85,50.0,23.87
85.14,41.85,50.0,23.86
90.09,41.88,50.0,23.88
87.57,42.1,50.62,24.05
87.52,42.13,50.0,25.1
91.99,41.93,50.0,25.29
91.79,40.9,50.0,26.45
88.21,41.1,50.38,26.45
83.32,41.56,50.0,25.88
78.0,41.94,50.0,25.35
74.95,42.19,50.0,25.16
75.65,42.33,50.0,24.97
73.99,42.48,50.0,24.84
70.64,42.64,50.0,24.81
73.56,42.79,50.0,24.59
79.91,42.98,50.0,24.55
84.07,43.06,50.0,24.65
87.2,43.15,50.0,24.84
80.15,43.11,50.0,24.84
82.15,43.29,50.0,24.74
82.13,43.41,50.0,24.65
88.22,43.48,50.0,24.73
76.47,43.22,50.0,24.84
67.56,43.35,50.0,24.71
65.93,43.42,50.0,24.58
64.57,43.41,50.0,24.52
67.73,43.43,50.0,24.55
81.58,43.39,50.0,24.52
86.69,43.15,50.0,24.74
87.49,42.96,50.5,25.0
76.3,42.79,50.0,25.0
66.8,42.83,50.0,24.84
61.0,43.08,50.0,24.84
60.37,43.07,50.0,24.62
60.36,43.27,50.0,24.52
60.0,43.22,50.0,24.52
73.14,43.24,50.0,24.52
75.41,43.21,50.0,24.52
77.32,43.04,50.0,24.52
83.02,43.12,50.0,24.52
83.76,43.11,50.0,24.52
85.01,42.97,50.0,24.52
83.26,43.02,50.0,24.52
81.61,43.02,50.0,24.52
78.44,42.96,50.0,24.52
79.06,43.03,50.0,24.52
77.47,43.14,50.0,24.52
77.48,43.13,50.0,24.52
75.05,43.22,50.0,24.52
68.52,43.25,50.0,24.45
65.12,43.28,50.0,24.26
62.48,43.31,50.0,24.22
57.14,43.37,50.0,24.19
52.39,43.44,50.0,24.19
47.96,43.38,50.0,24.19
46.87,43.51,50.0,24.19
45.66,43.6,50.0,24.06
42.9,43.59,50.0,23.93
38.41,43.67,50.0,23.87
34.17,43.66,50.0,23.87
31.65,43.71,50.0,23.87
28.95,43.66,50.0,23.87
26.41,43.82,50.0,23.87
24.15,43.75,50.0,23.87
20.42,43.8,50.0,23.87
17.63,43.79,50.0,23.81
15.71,43.81,50.0,23.65
11.72,43.86,50.0,23.55
10.31,43.91,50.0,23.55
8.43,43.92,50.0,23.55
7.12,44.05,50.0,23.55
5.57,44.1,50.0,23.55
4.02,43.97,50.0,23.55
3.17,44.07,50.0,23.51
2.6,44.16,50.0,23.55
2.35,44.09,50.0,23.55
2.11,44.18,50.0,23.52
1.97,44.16,50.0,23.32
1.95,44.14,50.0,23.33
1.95,44.21,50.0,23.29
1.92,44.25,50.0,23.23
1.88,44.28,50.0,23.23
1.87,44.26,50.0,23.23
1.86,44.38,50.0,23.23
1.86,44.22,50.0,23.23
1.86,44.32,50.0,23.23
1.4,44.44,50.0,23.23
0.58,44.39,50.0,23.23
0.59,44.49,50.0,23.23
0.59,44.49,50.0,23.23
0.59,44.54,50.0,23.23
0.59,44.5,50.0,23.23
0.58,44.6,50.0,23.16
0.59,44.51,50.0,23.06
0.59,44.54,50.0,22.99
0.57,44.61,50.0,22.94
0.59,44.58,50.0,22.9
0.59,44.69,50.0,22.9
0.5,44.66,50.0,22.9
0.29,44.73,50.0,22.9
0.27,44.78,50.0,22.9
0.29,44.84,50.0,22.9
0.29,44.81,50.0,22.9
0.29,44.88,50.0,22.9
0.28,44.9,50.0,22.9
0.28,44.96,50.0,22.9
0.28,45.0,50.0,22.9
0.29,45.04,50.0,22.9
0.29,45.02,50.0,22.87
0.29,45.14,50.0,22.9
0.29,45.06,50.0,22.9
0.29,45.23,50.0,22.87
0.29,45.21,50.0,22.86
0.29,45.38,50.0,22.78
0.29,45.46,50.0,22.79
0.29,45.43,50.0,22.85
0.29,45.58,50.0,22.63
0.29,45.67,50.0,22.68
0.29,45.51,50.0,22.69
0.29,45.63,50.0,22.58
0.27,45.72,50.0,22.62
0.2,45.79,50.0,22.58
0.21,45.78,50.0,22.58
0.2,45.84,50.0,22.61
0.22,45.97,50.0,22.58
0.21,45.97,50.0,22.58
0.24,45.94,50.0,22.58
0.29,46.04,50.0,22.62
0.29,46.06,50.0,22.58
0.28,46.1,50.0,22.58
0.28,46.01,50.0,22.58
0.29,46.0,50.0,22.58
0.29,46.11,50.0,22.58
0.28,46.13,50.0,22.58
0.28,46.06,50.0,22.58
0.29,46.23,50.0,22.58
0.29,46.34,50.0,22.58
0.28,46.23,50.0,22.58
0.29,46.21,50.0,22.58
0.29,46.28,50.0,22.58
0.29,46.33,50.0,22.54
0.29,46.39,50.0,22.58
0.29,46.43,50.0,22.58
0.29,46.39,50.0,22.55
0.29,46.44,50.0,22.58
0.29,46.44,50.0,22.54
0.29,46.45,50.0,22.55
0.29,46.49,50.0,22.52
0.29,46.53,50.0,22.55
0.29,46.59,50.0,22.51
0.29,46.55,50.0,22.55
0.29,46.63,50.0,22.47
0.29,46.67,50.0,22.45
0.29,46.67,50.0,22.54
0.28,46.67,50.0,22.44
0.27,46.65,50.0,22.42
0.29,46.67,50.0,22.32
0.29,46.72,50.0,22.47
0.29,46.74,50.0,22.37
0.29,46.79,50.0,22.26
0.29,46.79,50.0,22.29
0.29,46.66,50.0,22.32
0.3,46.77,50.0,22.29
0.29,46.79,50.0,22.26
0.29,46.71,50.0,22.3
0.29,46.75,50.0,22.26
0.28,46.74,50.0,22.31
0.29,46.78,50.0,22.26
0.29,46.83,50.0,22.3
0.29,46.76,50.0,22.26
0.33,46.74,50.0,22.26
0.39,46.81,50.0,22.26
0.39,46.79,50.0,22.26
0.43,46.79,50.0,22.26
0.49,46.85,50.0,22.26
0.62,46.83,50.0,22.26
0.85,46.86,50.0,22.26
1.34,46.81,50.0,22.26
2.2,46.82,50.0,22.26
3.84,46.94,50.0,22.26
6.83,46.99,50.0,22.26
11.81,47.0,50.0,22.26
16.75,47.01,50.0,22.29
22.49,46.95,50.0,22.26
27.74,47.09,50.0,22.29
82.65,46.97,50.0,22.26
29.67,46.98,50.0,22.26
26.83,47.02,50.0,22.42
26.12,47.04,50.0,22.26
31.84,47.11,50.0,22.26
41.6,47.25,50.0,22.26
46.38,47.22,50.0,22.26
48.09,47.37,50.0,22.23
48.91,47.42,50.0,22.23
52.0,47.41,50.0,22.2
49.4,47.48,50.0,22.15
47.9,47.54,50.0,22.04
46.78,47.53,50.0,22.15
47.33,47.45,50.0,22.2
49.96,47.5,50.0,22.23
52.1,47.46,50.0,22.08
53.67,47.5,50.0,22.16
57.33,47.61,50.0,22.26
60.45,47.78,50.0,22.26
60.13,47.96,50.0,22.26
60.97,48.1,50.0,22.26
65.44,48.03,50.0,22.26
66.92,48.22,50.0,22.26
72.17,48.45,50.0,22.26
73.13,48.74,50.0,22.26
69.89,48.84,50.0,22.26
71.48,49.11,50.0,22.29
73.87,49.37,50.0,22.45
76.63,49.36,50.0,22.58
78.38,49.35,50.0,22.58
77.68,49.57,51.22,22.58
78.73,49.39,50.0,22.58
80.09,49.58,50.0,22.62
81.38,49.44,50.5,22.8
80.68,49.36,50.0,22.83
79.85,49.3,50.0,22.9
78.46,49.46,50.0,22.9
77.72,49.3,50.0,22.9
78.17,49.25,50.0,22.9
79.43,49.45,50.0,22.9
81.42,49.51,50.0,22.9
81.64,49.4,50.0,22.94
82.29,49.21,50.0,23.1
82.89,49.09,50.0,23.19
82.52,49.0,50.0,23.23
82.98,48.93,50.0,23.23
83.62,48.74,50.0,23.23
84.9,48.69,50.0,23.23
85.39,48.39,50.0,23.26
85.65,48.34,50.0,23.39
85.08,48.3,50.0,23.55
83.62,48.24,50.0,23.55
81.83,48.15,50.0,23.55
81.94,48.19,50.0,23.55
82.21,47.95,50.0,23.55
81.96,47.89,50.0,23.55
82.06,47.93,50.0,23.55
83.31,47.76,50.0,23.55
82.44,47.6,50.0,23.64
79.87,47.48,50.0,23.71
79.04,47.18,50.0,23.58
81.51,47.21,50.0,23.61
85.28,47.0,50.0,23.77
87.2,46.67,51.0,23.87
85.57,46.42,50.0,23.87
84.12,46.41,50.0,23.87
81.91,46.29,50.0,23.87
78.69,46.18,50.0,23.84
78.94,45.98,50.0,23.8
79.24,46.16,50.0,23.71
79.69,45.96,50.0,23.64
80.11,45.96,50.0,23.74
81.28,45.97,50.0,23.84
82.04,45.96,50.0,23.87
82.59,45.91,50.0,23.87
82.23,45.79,50.0,23.87
81.71,45.82,50.0,23.87
82.66,45.9,50.0,23.87
83.54,45.8,50.11,23.87
83.2,45.94,50.0,24.0
82.76,45.87,50.0,24.06
83.19,45.88,50.0,24.15
84.82,45.73,50.0,24.16
85.62,45.73,50.0,24.19
86.1,45.7,50.0,24.19
87.3,45.44,50.0,24.22
87.28,45.25,50.0,24.32
86.67,45.18,50.0,24.45
86.68,45.2,50.0,24.45
86.71,45.07,50.0,24.45
87.08,45.06,50.0,24.49
87.3,45.1,50.0,24.52
85.13,44.89,50.0,24.52
86.43,45.1,50.0,24.52
88.15,45.03,50.0,24.52
88.86,45.09,50.0,24.74
86.67,44.97,50.0,24.84
84.89,45.14,50.0,24.9
84.02,45.13,50.0,24.81
81.38,45.24,50.0,24.58
80.79,45.3,50.0,24.52
83.14,45.35,50.0,24.52
84.9,45.33,50.0,24.52
85.45,45.33,50.0,24.65
85.59,45.31,50.0,24.58
86.38,45.32,50.0,24.77
84.55,45.18,50.0,24.84
85.01,45.01,50.0,24.84
88.81,45.07,50.0,24.84
90.82,44.66,50.0,25.74
81.67,44.34,50.0,25.87
82.58,44.71,50.0,25.45
76.63,45.15,51.1,25.22
72.11,45.4,50.0,25.0
69.05,45.5,50.0,24.84
66.53,45.72,50.0,24.77
65.91,45.77,50.0,24.52
70.56,45.93,50.0,24.52
75.37,45.93,50.0,24.52
76.7,45.93,50.0,24.52
78.89,45.91,50.0,24.52
81.7,46.03,50.0,24.52
84.09,45.99,50.0,24.52
84.25,45.89,50.0,24.58
87.95,46.01,50.0,24.68
89.32,45.69,50.0,25.16
85.73,45.37,50.0,25.16
84.73,45.44,50.0,25.42
79.22,45.49,50.0,25.48
75.81,45.52,50.0,25.16
78.27,45.47,50.0,25.16
74.52,45.6,50.0,25.16
74.51,45.54,50.0,25.0
75.92,45.54,50.0,24.87
80.94,45.62,50.0,25.12
72.55,45.48,50.0,25.16
69.01,45.53,50.0,24.97
68.04,45.51,50.0,24.84
70.87,45.56,50.0,24.84
67.54,45.63,50.0,24.84
65.41,45.59,50.0,24.84
75.99,45.46,50.0,24.84
76.13,45.54,50.0,24.84
74.09,45.51,50.0,24.84
71.47,45.53,50.0,24.84
69.43,45.56,50.0,24.81
68.21,45.53,50.0,24.62
68.35,45.46,50.0,24.61
70.01,45.53,50.0,24.52
72.2,45.51,50.0,24.52
73.34,45.67,50.0,24.52
71.54,45.54,50.0,24.52
78.29,45.43,50.0,24.52
77.78,45.44,50.0,24.71
76.91,45.46,50.0,24.78
78.09,45.39,50.0,24.84
75.63,45.24,50.0,24.84
72.33,45.33,50.0,24.84
70.83,45.35,50.0,24.84
67.51,45.42,50.0,24.84
62.54,45.33,50.0,24.84
61.81,45.37,50.0,24.84
61.39,45.51,50.0,24.65
58.19,45.48,50.0,24.52
53.7,45.46,50.0,24.52
57.43,45.52,50.0,24.52
59.97,45.5,50.0,24.52
62.03,45.51,50.0,24.52
67.18,45.46,50.0,24.52
51.77,45.5,50.0,24.52
43.1,45.55,50.0,24.52
35.77,45.6,50.0,24.52
28.75,45.56,50.0,24.48
22.96,45.57,50.0,24.31
17.63,45.57,50.0,24.22
12.11,45.59,50.0,24.19
8.63,45.63,50.0,24.19
5.86,45.76,50.0,24.19
4.0,45.68,50.0,24.19
3.02,45.88,50.0,24.19
2.53,45.87,50.0,24.19
2.28,45.97,50.0,24.16
2.09,45.9,50.0,24.03
1.99,45.84,50.0,23.93
1.95,45.97,50.0,23.87
1.91,46.08,50.0,23.87
1.86,46.08,50.0,23.87
1.86,45.98,50.0,23.87
1.86,46.02,50.0,23.87
1.39,46.12,50.0,23.84
0.68,46.16,50.0,23.84
0.68,46.2,50.0,23.71
0.68,46.1,50.0,23.65
0.68,46.42,50.0,23.55
0.68,46.34,50.0,23.55
0.68,46.28,50.0,23.55
0.67,46.34,50.0,23.55
0.67,46.38,50.0,23.55
0.68,46.48,50.0,23.55
0.68,46.45,50.0,23.55
0.68,46.44,50.0,23.55
0.55,46.5,50.0,23.55
0.29,46.61,50.0,23.36
0.26,46.58,50.0,23.33
0.23,46.65,50.0,23.38
0.27,46.61,50.0,23.23
0.26,46.77,50.0,23.26
0.26,46.64,50.0,23.23
0.25,46.62,50.0,23.23
0.23,46.58,50.0,23.23
0.23,46.78,50.0,23.23
0.23,46.68,50.0,23.23
0.23,46.78,50.0,23.23
0.24,46.74,50.0,23.23
0.21,46.71,50.0,23.23
0.22,46.8,50.0,23.2
0.25,46.73,50.0,22.97
0.23,46.85,50.0,23.0
0.24,46.82,50.0,22.99
0.23,46.83,50.0,22.93
0.25,46.88,50.0,22.9
0.28,46.69,50.0,22.9
0.26,46.84,50.0,22.9
0.25,46.77,50.0,22.9
0.27,46.8,50.0,22.9
0.28,46.88,50.0,22.9
0.28,46.88,50.0,22.9
0.28,46.79,50.0,22.9
0.29,46.75,50.0,22.9
0.28,46.74,50.0,22.9
0.28,46.76,50.0,22.9
0.28,46.74,50.0,22.86
0.27,46.78,50.0,22.87
0.29,46.75,50.0,22.87
0.29,46.62,50.0,22.72
0.29,46.64,50.0,22.58
0.27,46.74,50.0,22.58
0.29,46.75,50.0,22.61
0.28,46.62,50.0,22.58
0.28,46.7,50.0,22.58
0.29,46.7,50.0,22.58
0.29,46.72,50.0,22.61
0.28,46.7,50.0,22.58
0.29,46.66,50.0,22.58
0.29,46.71,50.0,22.58
0.29,46.63,50.0,22.58
0.29,46.75,50.0,22.55
0.29,46.59,50.0,22.58
0.29,46.64,50.0,22.58
0.29,46.65,50.0,22.58
0.28,46.53,50.0,22.58
0.29,46.65,50.0,22.49
0.29,46.67,50.0,22.52
0.29,46.61,50.0,22.39
0.28,46.66,50.0,22.32
0.28,46.66,50.0,22.37
0.29,46.54,50.0,22.35
0.29,46.69,50.0,22.29
0.29,46.67,50.0,22.26
0.29,46.53,50.0,22.26
0.29,46.49,50.0,22.26
0.29,46.46,50.0,22.26
0.29,46.66,50.0,22.26
0.29,46.55,50.0,22.26
0.29,46.51,50.0,22.26
0.29,46.59,50.0,22.26
0.29,46.41,50.0,22.26
0.29,46.43,50.0,22.22
0.29,46.43,50.0,22.26
0.29,46.46,50.0,22.26
0.29,46.47,50.0,22.26
0.29,46.5,50.0,22.26
0.29,46.4,50.0,22.26
0.34,46.38,50.0,22.26
0.39,46.48,50.0,22.23
0.41,46.29,50.0,22.22
0.48,46.41,50.0,22.26
0.55,46.32,50.0,22.26
1.82,46.46,50.0,22.26
2.71,46.25,50.0,22.26
3.26,46.43,50.0,22.26
4.49,46.36,50.0,22.23
6.88,46.27,50.0,22.26
10.11,46.37,50.0,22.15
15.33,46.3,50.0,22.07
21.52,46.36,50.0,22.0
27.93,46.21,50.0,22.04
33.77,46.19,50.0,22.08
39.02,46.18,50.0,22.01
44.31,46.1,50.0,22.04
49.55,46.19,50.0,21.94
53.73,46.06,50.0,21.94
57.74,45.99,50.0,21.94
60.89,46.01,50.0,21.94
63.27,46.04,50.0,21.94
66.0,45.8,50.0,21.94
67.88,45.99,50.0,21.94
69.41,45.99,50.0,21.94
69.65,45.85,50.0,21.94
71.87,45.85,50.0,21.94
73.07,45.86,50.0,21.94
73.87,45.91,50.0,21.94
74.96,45.94,50.0,21.97
75.69,45.97,50.0,22.19
76.61,46.0,50.0,22.2
76.97,46.11,50.0,22.19
77.04,46.29,50.0,22.26
78.25,46.22,50.0,22.26
78.95,46.21,50.0,22.26
77.46,46.36,50.0,22.26
78.14,46.85,50.0,22.26
77.79,47.06,50.0,22.26
78.86,47.06,50.0,22.26
78.07,47.17,50.6,22.26
78.64,47.29,50.0,22.45
77.42,47.41,50.0,22.55
78.73,47.66,50.0,22.58
79.75,47.91,50.0,22.58
80.67,48.25,50.0,22.58
80.07,48.22,50.0,22.58
80.87,47.91,50.0,22.71
80.35,47.93,50.0,22.87
80.55,47.7,50.0,22.87
80.9,47.59,50.0,22.9
81.97,47.5,50.0,22.9
82.0,47.33,50.0,22.9
82.88,47.36,50.0,22.9
84.58,47.21,50.0,22.9
84.22,47.3,50.0,22.93
84.67,47.18,50.0,23.0
85.41,46.98,50.0,23.16
86.15,47.03,50.0,23.23
84.92,46.97,50.0,23.23
81.22,46.91,50.0,23.23
80.55,46.92,50.0,23.23
83.41,47.04,50.0,23.23
84.21,47.13,50.0,23.23
83.53,47.01,50.0,23.23
82.89,47.15,50.0,23.23
82.78,47.34,50.0,23.29
83.37,47.36,50.0,23.45
83.82,47.49,50.0,23.55
84.72,47.4,50.0,23.55
86.26,47.49,50.0,23.55
85.27,47.63,50.0,23.55
83.48,47.6,50.0,23.81
80.89,47.52,50.0,23.59
87.53,47.6,50.0,23.59
86.35,47.61,50.0,23.84
85.07,47.62,50.0,23.87
77.52,47.75,50.0,23.87
86.84,47.78,50.0,23.87
87.42,47.67,50.0,23.93
87.43,47.56,50.0,24.06
87.82,47.5,50.0,24.06
87.15,47.29,50.0,24.29
86.07,47.28,50.0,24.12
86.46,47.22,50.0,24.15
86.11,47.11,50.0,24.16
85.84,47.24,50.09,24.19
85.14,47.13,50.0,24.19
85.63,47.07,50.4,24.19
86.03,46.94,50.0,24.19
86.03,47.07,50.0,24.19
85.42,47.09,50.0,24.23
85.28,47.04,51.0,24.19
85.42,47.07,50.0,24.19
86.04,47.15,50.0,24.19
85.89,47.23,50.0,24.29
85.99,47.21,50.0,24.36
85.53,47.27,50.0,24.45
85.62,47.36,50.4,24.52
85.96,47.33,50.0,24.52
86.28,47.27,50.0,24.52
86.45,47.24,50.3,24.52
86.78,47.28,50.56,24.52
86.51,47.3,50.0,24.62
87.0,47.35,50.0,24.68
87.05,47.45,50.0,24.81
87.27,47.45,50.09,24.84
87.29,47.54,50.0,24.84
87.12,47.64,50.0,24.84
87.16,47.57,50.0,24.84
87.21,47.61,50.0,24.84
87.22,47.68,50.0,24.9
87.21,47.71,50.0,25.13
87.28,47.85,50.12,25.16
87.4,47.82,50.0,25.16
87.27,47.93,50.0,25.16
86.96,47.94,50.0,25.16
87.17,47.92,50.0,25.19
87.76,47.79,50.0,25.42
90.69,47.77,50.0,25.81
93.88,47.46,50.0,27.0
94.89,46.03,50.0,28.35
95.18,45.1,50.0,28.84
95.34,44.66,50.0,29.1
95.46,44.49,50.0,29.35
95.6,44.32,50.0,29.35
95.63,44.11,50.0,29.45
95.29,43.84,50.0,29.42
95.07,43.84,50.0,29.19
94.53,43.88,50.1,28.9
95.0,44.25,50.0,28.52
95.8,43.84,50.4,29.16
95.59,43.38,50.0,29.38
95.22,43.34,50.0,29.32
95.41,43.14,50.0,29.35
95.31,43.24,50.0,29.35
95.37,43.3,50.0,29.29
95.03,43.01,50.0,29.35
95.37,42.91,50.0,29.19
94.76,42.97,50.0,29.19
94.22,42.96,50.0,29.07
95.06,42.98,50.0,29.22
95.44,42.88,50.0,29.16
95.36,42.73,50.0,29.35
95.13,42.59,50.0,29.29
95.23,42.52,50.0,29.21
95.36,42.26,50.0,29.35
95.31,42.17,50.0,29.35
95.21,42.13,50.0,29.38
94.73,42.03,50.0,29.42
93.04,42.17,50.0,29.13
86.71,42.54,51.1,28.58
82.79,43.19,50.0,27.87
86.03,43.63,50.0,27.64
87.99,43.8,50.0,27.7
87.22,43.85,50.0,27.74
87.69,43.79,50.0,27.74
87.98,43.72,50.0,27.74
87.63,43.67,50.0,27.74
87.29,43.59,50.0,27.77
87.11,43.61,50.0,27.85
86.96,43.62,50.0,27.77
86.74,43.55,50.0,27.74
86.55,43.55,50.0,27.74
86.23,43.6,50.0,27.74
85.98,43.55,50.0,27.74
85.61,43.62,50.0,27.74
85.25,43.55,50.0,27.74
84.85,43.63,50.0,27.74
84.3,43.59,50.0,27.74
83.93,43.56,50.0,27.74
83.35,43.49,50.0,27.71
82.6,43.53,50.0,27.48
81.8,43.53,50.0,27.42
80.75,43.57,50.0,27.42
80.25,43.66,50.0,27.42
80.4,43.67,50.0,27.42
79.7,43.7,50.0,27.35
77.74,43.75,50.0,27.1
71.72,43.82,50.0,27.1
62.11,43.86,50.0,27.1
57.45,43.89,50.0,26.99
51.83,43.96,50.0,26.77
42.16,44.09,50.0,26.77
37.8,44.07,50.0,26.77
31.94,44.21,50.0,26.71
26.12,44.19,50.0,26.49
22.35,44.31,50.0,26.45
24.06,44.12,50.0,26.58
17.93,44.15,50.0,26.74
12.9,44.06,50.0,26.73
9.02,43.88,50.0,26.77
5.96,43.99,50.0,26.57
3.97,44.05,50.0,26.48
2.94,44.18,50.0,26.45
2.4,44.12,50.0,26.45
2.13,44.15,50.0,26.33
2.01,44.28,50.0,26.42
1.96,44.38,50.0,26.61
1.95,44.22,50.0,26.07
1.87,44.33,50.0,26.13
1.86,44.37,50.0,25.99
1.86,44.5,50.0,26.13
1.86,44.51,50.0,26.13
1.34,44.6,50.0,26.13
0.68,44.58,50.0,26.0
0.68,44.53,50.0,25.9
0.68,44.73,50.0,25.81
0.68,44.67,50.0,25.81
0.68,44.75,50.0,25.81
0.68,44.78,50.0,25.81
0.68,44.92,50.0,25.81
0.68,44.8,50.0,25.64
0.68,44.81,50.0,25.52
0.68,44.96,50.0,25.48
0.68,44.95,50.0,25.48
0.5,45.16,50.0,25.48
0.21,45.17,50.0,25.19
0.2,45.24,50.0,25.26
0.21,45.19,50.0,25.16
0.21,45.35,50.0,25.19
0.22,45.28,50.0,25.16
0.2,45.42,50.0,25.16
0.2,45.45,50.0,25.28
0.2,45.49,50.0,25.07
0.2,45.64,50.0,24.87
0.2,45.69,50.0,24.84
0.2,45.62,50.0,24.84
0.2,45.67,50.0,24.84
0.21,45.73,50.0,24.97
0.2,45.76,50.0,24.84
0.2,45.8,50.0,24.97
0.2,45.86,50.0,24.8
0.2,45.77,50.0,24.84
0.2,45.83,50.0,24.84
0.21,45.76,50.0,24.63
0.2,45.83,50.0,24.63
0.2,45.93,50.0,24.52
0.2,45.93,50.0,24.52
0.2,46.1,50.0,24.52
0.21,46.04,50.0,24.52
0.2,46.04,50.0,24.52
0.24,46.12,50.0,24.52
0.24,46.16,50.0,24.52
0.22,46.0,50.0,24.52
0.21,46.21,50.0,24.52
0.23,46.21,50.0,24.49
0.22,46.25,50.0,24.52
0.26,46.25,50.0,24.34
0.24,46.23,50.0,24.26
0.29,46.31,50.0,24.19
0.24,46.31,50.0,24.26
0.23,46.41,50.0,24.22
0.26,46.38,50.0,24.19
0.25,46.47,50.0,24.19
0.24,46.45,50.0,24.19
0.28,46.51,50.0,24.19
0.28,46.4,50.0,24.19
0.29,46.5,50.0,24.19
0.27,46.65,50.0,24.19
0.29,46.74,50.0,24.19
0.29,46.68,50.0,24.19
0.26,46.64,50.0,24.13
0.28,46.71,50.0,24.19
0.29,46.77,50.0,24.05
0.29,46.88,50.0,23.99
0.28,46.87,50.0,23.9
0.29,46.85,50.0,23.87
0.28,46.78,50.0,23.9
0.29,46.92,50.0,23.9
0.29,46.98,50.0,23.87
0.28,46.94,50.0,23.87
0.29,46.96,50.0,23.87
0.29,47.03,50.0,23.87
0.29,47.04,50.0,23.87
0.29,47.15,50.0,23.87
0.29,47.05,50.0,23.87
0.29,47.19,50.0,23.87
0.29,47.1,50.0,23.87
0.29,47.24,50.0,23.84
0.29,47.24,50.0,23.87
0.29,47.27,50.0,23.87
0.27,47.22,50.0,23.8
0.29,47.32,50.0,23.61
0.29,47.34,50.0,23.59
0.28,47.33,50.0,23.61
0.29,47.27,50.0,23.58
0.29,47.38,50.0,23.55
0.34,47.35,50.0,23.55
0.39,47.48,50.0,23.55
0.39,47.47,50.0,23.55
0.46,47.53,50.0,23.55
0.52,47.55,50.0,23.55
0.64,47.6,50.0,23.55
0.88,47.67,50.0,23.55
1.41,47.67,50.0,23.55
2.29,47.7,50.0,23.55
3.93,47.7,50.0,23.55
7.46,47.7,50.0,23.55
12.21,47.79,50.0,23.55
17.94,47.77,50.0,23.55
24.26,47.88,50.0,23.55
30.02,47.88,50.0,23.55
35.51,47.85,50.0,23.52
41.01,47.84,50.0,23.55
46.19,47.83,50.0,23.52
50.43,47.86,50.0,23.42
53.51,48.1,50.0,23.48
58.3,48.1,50.0,23.33
61.21,48.17,50.0,23.36
64.24,48.28,50.0,23.26
65.55,48.48,50.6,23.26
68.02,48.56,50.0,23.45
68.73,48.82,50.0,23.46
70.54,48.96,50.0,23.45
72.68,49.14,50.0,23.48
73.72,49.18,50.0,23.55
74.48,49.26,50.0,23.55
75.38,49.38,50.0,23.55
75.94,49.46,50.0,23.51
76.55,49.53,50.0,23.55
77.21,49.6,50.0,23.52
77.93,49.64,50.0,23.55
78.33,49.6,50.0,23.55
78.48,49.85,50.0,23.55
78.47,49.93,50.0,23.55
78.84,49.94,50.0,23.55
79.18,49.89,50.0,23.55
79.87,50.0,50.0,23.58
79.94,49.94,50.0,23.66
80.34,50.0,50.0,23.75
80.73,50.1,50.0,23.83
80.95,50.0,50.0,23.87
80.31,50.1,50.5,23.87
79.33,50.38,50.0,23.87
80.42,50.48,50.56,23.87
80.82,50.55,50.0,23.87
80.85,50.46,51.6,24.03
81.39,50.48,50.0,24.16
81.57,50.36,50.0,24.19
82.26,50.42,50.0,24.19
80.19,50.47,50.1,24.19
80.82,50.4,50.0,24.19
80.99,50.3,50.0,24.19
81.4,50.36,50.0,24.22
80.99,50.25,50.0,24.26
81.55,50.17,50.0,24.49
81.43,50.04,50.0,24.52
82.34,50.04,50.0,24.52
82.92,49.94,50.0,24.52
82.94,49.97,50.5,24.52
83.02,49.96,50.0,24.52
83.44,49.9,50.0,24.58
83.75,49.82,50.0,24.71
82.03,49.73,50.0,24.81
83.36,49.6,50.0,24.84
83.93,49.55,50.0,24.84
84.09,49.47,50.0,24.84
83.54,49.44,50.0,24.87
83.75,49.51,50.0,25.06
84.27,49.35,50.8,25.16
84.73,49.32,50.0,25.16
84.85,49.13,51.33,25.16
84.38,71.2,50.0,23.91
82.74,71.0,50.0,23.87
82.49,71.5,50.0,23.87
82.21,72.1,50.0,23.77
84.82,71.6,50.0,23.65
84.7,71.8,50.0,23.71
83.01,71.9,50.0,23.69
84.23,71.9,50.0,23.64
84.29,72.1,50.0,23.55
83.93,71.8,50.0,23.55
84.13,71.6,50.0,23.55
83.86,71.3,50.0,23.55
83.15,71.5,50.0,23.55
83.33,70.4,50.0,23.55
83.55,69.9,50.0,23.55
83.67,69.1,50.9,23.55
83.74,67.8,50.5,23.52
83.72,68.0,50.0,23.55
83.3,68.2,50.0,23.52
83.75,67.8,50.0,23.55
83.58,68.5,50.0,23.55
83.6,69.1,50.0,23.55
83.37,68.9,50.0,23.55
83.55,68.9,50.0,23.55
84.04,68.8,50.0,23.64
84.04,68.5,50.0,23.74
83.97,68.8,50.0,23.83
83.85,67.8,50.0,23.87
83.78,67.8,50.0,23.87
83.82,67.4,50.0,23.87
83.96,67.8,50.0,23.93
84.15,67.4,50.0,23.99
83.89,70.2,50.0,24.13
83.82,70.5,50.0,24.19
83.92,71.2,50.0,24.37
84.07,71.3,50.0,24.25
84.4,71.2,50.0,24.23
83.48,49.13,50.2,24.34
83.29,49.15,50.0,25.23
83.69,49.04,50.3,25.42
83.79,48.94,50.0,25.45
84.09,48.79,50.0,25.48
84.83,48.79,50.0,25.48
87.88,48.65,50.0,25.48
92.63,48.45,50.0,25.48
94.54,48.51,50.0,25.48
94.94,48.35,50.0,25.48
95.19,48.27,50.0,25.55
95.36,48.08,50.0,25.68
95.47,48.25,50.0,25.68
95.5,48.16,50.0,25.73
95.58,48.09,50.0,25.74
95.6,48.09,50.0,25.81
95.66,48.12,50.0,25.81
95.67,48.13,50.0,25.81
95.59,48.19,50.0,25.81
95.44,48.18,50.0,25.81
95.65,48.2,50.0,25.87
95.64,48.23,50.0,25.94
95.47,48.18,50.0,26.03
95.7,48.14,50.0,26.13
95.8,48.12,50.0,26.13
95.79,47.99,50.0,26.13
95.66,47.88,50.0,26.13
95.75,47.84,50.0,26.13
95.33,47.9,50.0,26.13
95.08,47.78,50.0,26.06
95.62,47.76,50.0,26.13
95.01,47.88,50.0,26.16
94.18,47.89,50.0,26.23
93.75,47.86,50.0,26.26
94.19,47.88,50.0,26.39
94.53,47.91,50.0,26.39
94.62,47.75,50.0,26.45
94.8,47.69,50.0,26.45
94.75,47.65,50.0,26.45
89.34,47.55,50.7,26.45
88.62,47.41,50.0,26.45
88.75,47.51,50.0,26.45
88.27,47.18,50.0,26.45
87.9,47.12,50.0,26.63
87.79,46.73,50.0,26.87
86.93,45.74,50.0,27.71
84.89,44.53,50.0,29.32
87.36,43.76,50.0,30.22
86.22,43.45,50.0,30.57
86.52,43.06,50.0,30.71
86.51,43.0,50.0,30.97
86.12,42.77,50.0,31.23
85.82,42.46,50.0,31.29
85.39,42.23,50.0,31.61
84.38,42.08,50.0,31.61
83.48,41.82,50.0,31.64
83.26,41.65,50.0,31.61
82.62,41.79,50.0,31.61
79.94,41.67,50.0,31.61
74.32,41.63,50.0,31.68
69.46,41.62,50.0,31.61
71.89,41.57,50.0,31.45
71.62,41.43,50.0,31.61
69.14,41.2,50.0,31.61
69.78,41.26,50.0,31.51
72.23,41.35,50.0,31.36
70.86,41.28,50.0,31.29
61.97,41.03,50.0,31.19
55.46,40.94,50.0,31.29
50.57,41.28,50.0,31.23
42.95,41.57,50.0,30.72
37.83,41.72,50.0,30.22
32.0,41.62,50.0,30.03
25.34,41.54,50.0,30.29
19.49,41.45,50.0,30.29
13.89,41.33,50.0,30.39
16.41,41.39,50.0,30.65
12.78,42.17,50.0,30.29
8.68,42.56,50.0,29.48
5.54,42.7,50.0,29.35
3.68,42.87,50.0,29.48
2.67,42.86,50.0,29.31
2.2,42.93,50.0,29.1
1.98,43.02,50.0,29.03
1.86,43.12,50.0,29.03
1.76,43.13,50.0,29.03
1.76,42.98,50.0,29.03
1.76,43.0,50.0,29.03
1.76,42.96,50.0,29.03
1.75,43.02,50.0,29.0
1.75,43.06,50.0,29.0
1.76,43.08,50.0,29.0
1.24,43.14,50.0,28.84
0.59,43.04,50.0,28.78
0.59,43.2,50.0,28.71
0.59,43.26,50.0,28.71
0.59,43.32,50.0,28.67
0.58,43.27,50.0,28.42
0.59,43.45,50.0,28.39
0.59,43.51,50.0,28.19
0.59,43.53,50.0,28.06
0.59,43.65,50.0,28.06
0.59,43.65,50.0,28.06
0.59,43.79,50.0,28.0
0.39,43.69,50.0,27.9
0.2,43.78,50.0,27.74
0.2,43.77,50.0,27.74
0.2,43.82,50.0,27.74
0.2,43.94,50.0,27.74
0.2,44.06,50.0,27.6
0.2,43.94,50.0,27.48
0.19,44.05,50.0,27.48
0.2,44.11,50.0,27.42
0.17,44.14,50.0,27.42
0.2,43.91,50.0,27.42
0.19,43.9,50.0,27.55
0.2,43.8,50.0,27.68
0.2,43.86,50.0,27.7
0.2,43.94,50.0,27.45
0.2,43.92,50.0,27.45
0.2,44.02,50.0,27.42
0.2,44.06,50.0,27.42
0.2,44.08,50.0,27.42
0.2,44.2,50.0,27.42
0.2,44.19,50.0,27.42
0.2,44.15,50.0,27.42
0.2,44.29,50.0,27.26
0.2,44.4,50.0,27.16
0.19,44.38,50.0,27.1
0.2,44.38,50.0,27.1
0.2,44.45,50.0,27.1
0.2,44.35,50.0,27.1
0.19,44.56,50.0,27.1
0.2,44.66,50.0,27.03
0.2,44.7,50.0,26.84
0.2,44.65,50.0,26.81
0.2,44.77,50.0,26.77
0.2,44.83,50.0,26.77
0.19,44.69,50.0,26.77
0.2,44.79,50.0,26.77
0.2,44.88,50.0,26.77
0.2,44.9,50.0,26.7
0.2,44.89,50.0,26.48
0.2,44.93,50.0,26.45
0.2,44.92,50.0,26.45
0.2,44.94,50.0,26.45
0.2,44.92,50.0,26.45
0.2,44.91,50.0,26.45
0.2,44.97,50.0,26.45
0.2,45.05,50.0,26.45
0.2,44.88,50.0,26.26
0.2,44.98,50.0,26.17
0.2,44.95,50.0,26.13
0.2,44.99,50.0,26.13
0.2,44.91,50.0,26.13
0.2,45.07,50.0,26.13
0.2,45.04,50.0,26.13
0.2,45.07,50.0,26.1
0.2,45.11,50.0,25.99
0.2,45.23,50.0,25.86
0.2,45.04,50.0,25.81
0.2,45.15,50.0,25.81
0.19,45.24,50.0,25.84
0.2,45.19,50.0,25.81
0.2,45.25,50.0,25.81
0.2,45.32,50.0,25.81
0.2,45.21,50.0,25.81
0.2,45.23,50.0,25.81
0.2,45.17,50.0,25.78
0.2,45.33,50.0,25.63
0.2,45.24,50.0,25.54
0.2,45.32,50.0,25.52
0.2,45.31,50.0,25.48
0.2,45.36,50.0,25.48
0.2,45.26,50.0,25.48
0.2,45.41,50.0,25.48
0.24,45.39,50.0,25.48
0.3,45.38,50.0,25.48
0.35,45.41,50.0,25.45
0.39,45.22,50.0,25.45
0.44,45.44,50.0,25.35
0.54,45.4,50.0,25.29
0.72,45.45,50.0,25.2
1.94,45.51,50.0,25.16
3.19,45.36,50.0,25.16
4.56,45.36,50.0,25.16
7.01,45.5,50.0,25.16
11.25,45.42,50.0,25.19
17.58,45.49,50.0,25.16
24.5,45.58,50.0,25.16
30.22,45.49,50.0,25.09
35.7,45.58,50.0,25.16
41.56,45.68,50.0,24.97
47.59,45.62,50.0,25.16
52.54,45.72,50.0,25.03
55.76,45.67,50.0,24.97
58.38,45.68,50.0,24.91
58.66,45.7,50.0,24.95
60.91,45.77,50.0,24.84
62.65,45.8,50.0,24.84
63.43,45.83,50.0,24.84
64.69,45.79,50.0,24.84
68.35,45.91,50.0,24.84
69.77,45.92,50.0,24.84
71.3,46.01,50.0,24.84
74.25,45.99,50.0,24.84
75.49,45.96,50.0,24.78
74.74,46.08,50.0,24.8
76.56,46.13,50.0,24.77
76.92,46.02,50.0,24.66
76.29,46.04,51.2,24.59
77.91,46.09,50.36,24.72
78.4,46.12,51.3,24.55
78.9,46.17,50.0,24.52
78.83,46.13,50.0,24.52
79.52,46.2,50.3,24.52
80.02,46.26,50.44,24.52
80.23,46.28,50.0,24.52
80.5,46.18,50.5,24.52
80.9,46.31,50.0,24.52
80.99,46.27,50.0,24.52
81.5,46.16,50.0,24.52
81.22,46.15,50.0,24.52
81.63,46.24,50.0,24.52
81.99,46.27,50.11,24.49
82.05,46.25,50.0,24.52
82.23,46.23,50.0,24.49
82.35,46.28,50.0,24.49
82.46,46.24,50.0,24.48
82.68,46.2,50.0,24.42
82.7,46.18,50.0,24.49
82.77,46.17,50.0,24.28
82.71,46.19,50.0,24.19
83.01,46.13,50.0,24.19
83.06,46.05,50.0,24.19
83.39,46.12,50.3,24.19
83.77,46.07,50.0,24.19
83.89,45.95,50.0,24.19
83.92,45.78,50.0,24.19
83.83,45.79,50.0,24.19
83.7,45.83,50.0,24.19
83.52,45.82,50.0,24.22
83.79,45.71,50.0,24.19
83.79,45.62,50.0,24.19
84.06,45.58,50.0,24.19
84.04,45.55,50.0,24.19
84.29,45.59,50.0,24.19
84.68,45.54,50.0,24.19
84.52,45.64,50.0,24.19
84.51,45.56,50.0,24.34
84.69,45.75,50.0,24.45
84.79,45.66,50.0,24.42
85.21,45.68,50.0,24.52
85.11,45.82,50.0,24.52
85.33,45.94,50.0,24.52
85.47,46.1,50.0,24.52
85.24,46.36,50.0,24.49
85.11,46.41,50.0,24.52
85.39,46.37,50.0,24.55
85.5,46.41,50.0,24.65
85.79,46.27,50.0,24.81
85.93,46.02,50.0,24.84
85.85,45.91,50.0,24.84
85.81,45.98,50.0,24.84
85.98,46.02,50.0,24.84
86.11,45.88,50.0,24.84
85.67,45.97,50.2,24.84
85.83,46.03,50.0,24.84
85.67,45.92,50.3,24.88
86.3,45.91,50.3,24.96
86.26,45.81,50.0,25.04
86.36,45.91,50.0,25.06
86.41,45.89,50.0,25.1
86.5,45.89,50.0,25.13
86.74,46.0,50.0,25.16
87.06,46.04,50.0,25.16
86.83,46.17,50.8,25.16
86.52,46.26,50.1,25.16
86.51,46.2,50.0,25.16
86.62,46.44,50.0,25.16
87.0,46.44,50.0,25.16
87.25,46.46,50.0,25.16
86.83,46.5,50.0,25.16
86.98,46.71,50.0,25.19
87.12,46.67,50.0,25.16
87.02,46.66,50.0,25.48
87.55,46.83,50.0,25.48
88.62,46.93,50.0,25.48
88.7,46.85,50.0,25.48
88.03,46.85,50.0,25.48
87.58,46.9,50.0,25.48
87.59,47.04,50.0,25.51
88.18,47.14,50.0,25.48
88.62,47.1,50.0,25.48
91.18,47.09,50.6,25.48
93.64,47.28,50.0,25.56
94.28,47.27,50.0,25.55
94.54,47.42,50.0,25.61
94.69,47.35,50.0,25.77
94.81,47.22,50.0,25.78
94.91,47.31,50.0,25.74
94.89,47.28,50.0,25.78
94.08,47.41,50.0,25.81
94.22,47.31,50.0,25.85
95.06,47.29,50.0,25.68
95.26,47.45,50.0,25.84
95.34,47.58,50.0,26.0
95.32,47.52,50.0,26.1
95.36,47.48,50.0,26.13
95.4,47.54,50.0,26.13
95.44,47.71,50.0,26.13
95.47,47.63,50.0,26.17
95.48,47.71,50.0,26.32
95.27,47.68,50.0,26.45
94.18,47.88,50.7,26.45
87.97,47.92,50.0,26.45
87.48,47.98,50.0,26.45
90.52,48.02,50.0,26.55
90.44,48.22,50.0,26.74
90.46,48.27,50.0,26.77
90.36,48.16,50.0,26.77
90.27,48.09,50.0,26.77
90.04,48.21,50.0,26.77
89.9,48.14,50.0,26.77
89.9,48.13,50.0,26.77
89.67,47.9,50.0,26.81
89.3,47.68,50.0,26.94
89.18,47.3,50.0,27.1
89.27,47.03,50.0,27.07
89.14,46.93,50.0,27.1
88.89,46.68,50.0,27.1
87.41,46.53,50.0,27.39
86.72,45.83,50.0,27.77
88.31,44.76,50.0,28.74
87.28,43.97,50.0,29.35
88.38,43.58,50.0,29.74
84.36,43.42,50.0,29.74
87.78,43.17,50.0,30.0
87.64,42.9,50.0,30.0
87.21,42.79,50.0,30.1
81.29,42.84,50.0,30.22
76.75,42.72,50.0,29.82
86.51,42.25,50.0,30.06
85.91,41.81,50.0,30.32
85.69,41.41,50.0,30.32
83.35,41.09,50.0,30.32
81.66,41.09,50.0,30.62
84.28,41.0,50.0,30.87
79.66,41.01,50.0,30.97
82.51,40.74,50.0,31.04
80.15,40.54,50.0,31.07
78.17,40.61,50.0,31.0
75.64,40.89,50.0,30.75
79.15,41.66,50.0,29.9
73.26,42.04,50.0,29.1
60.24,41.91,50.0,29.03
55.78,41.95,50.0,29.35
48.75,41.86,50.0,29.35
44.57,41.94,50.0,29.35
39.33,41.84,50.0,29.38
33.47,41.83,50.0,29.55
27.71,41.92,50.0,29.64
22.25,41.94,50.0,29.68
25.87,42.04,50.0,29.68
19.54,41.94,50.0,29.68
13.99,41.98,50.0,29.65
9.66,41.97,50.0,29.68
6.54,42.04,50.0,29.65
4.47,42.04,50.0,29.68
3.23,42.04,50.0,29.68
2.5,41.95,50.0,29.35
2.15,42.04,50.0,29.42
1.99,42.08,50.0,29.35
1.89,41.93,50.0,29.35
1.86,41.99,50.0,29.35
1.86,42.12,50.0,29.35
1.81,42.03,50.0,29.35
1.79,42.04,50.0,29.35
1.8,42.06,50.0,29.35
1.78,42.2,50.0,29.16
1.31,42.07,50.0,29.03
0.68,42.19,50.0,29.0
0.68,42.02,50.0,29.03
0.67,42.11,50.0,29.03
0.67,42.21,50.0,28.97
0.68,42.27,50.0,28.84
0.67,42.21,50.0,28.71
0.68,42.09,50.0,28.71
0.68,42.24,50.0,28.71
0.68,42.28,50.0,28.65
0.65,42.31,50.0,28.43
0.66,42.27,50.0,28.39
0.47,42.25,50.0,28.39
0.23,42.44,50.0,28.39
0.21,42.56,50.0,28.21
0.22,42.54,50.0,28.06
0.21,42.48,50.0,28.06
0.24,42.58,50.0,28.06
0.21,42.64,50.0,27.8
0.23,42.6,50.0,27.74
0.2,42.63,50.0,27.74
0.2,42.63,50.0,27.74
0.2,42.64,50.0,27.74
0.2,42.68,50.0,27.74
0.2,42.67,50.0,27.74
0.2,42.84,50.0,27.7
0.2,42.82,50.0,27.64
0.2,42.89,50.0,27.42
0.2,43.11,50.0,27.42
0.2,43.0,50.0,27.42
0.2,43.2,50.0,27.42
0.2,43.2,50.0,27.39
0.2,43.29,50.0,27.2
0.2,43.18,50.0,27.1
0.2,43.32,50.0,27.1
0.21,43.37,50.0,27.1
0.21,43.48,50.0,27.1
0.2,43.53,50.0,26.92
0.2,43.64,50.0,26.77
0.2,43.77,50.0,26.77
0.2,43.74,50.0,26.74
0.2,43.87,50.0,26.59
0.2,43.93,50.0,26.45
0.21,43.92,50.0,26.45
0.2,44.06,50.0,26.45
0.21,44.21,50.0,26.32
0.2,44.34,50.0,26.13
0.2,44.34,50.0,26.13
0.21,44.49,50.0,26.13
0.21,44.47,50.0,26.13
0.21,44.61,50.0,26.13
0.22,44.59,50.0,26.04
0.23,44.71,50.0,25.88
0.23,44.7,50.0,25.81
0.23,44.85,50.0,25.81
0.21,44.8,50.0,25.81
0.24,44.89,50.0,25.81
0.29,44.87,50.0,25.78
0.25,44.9,50.0,25.66
0.28,44.89,50.0,25.52
0.27,44.88,50.0,25.48
0.25,44.85,50.0,25.48
0.25,44.89,50.0,25.48
0.26,44.87,50.0,25.48
0.27,44.8,50.0,25.45
0.26,44.62,50.0,25.29
0.28,44.7,50.0,25.16
0.26,44.63,50.0,25.16
0.26,44.65,50.0,25.16
0.28,44.54,50.0,25.16
0.28,44.62,50.0,25.16
0.27,44.54,50.0,25.13
0.29,44.66,50.0,25.1
0.29,44.42,50.0,24.91
0.29,44.48,50.0,24.84
0.29,44.44,50.0,24.84
0.27,44.49,50.0,24.84
0.29,44.49,50.0,24.84
0.28,44.38,50.0,24.84
0.27,44.37,50.0,24.84
0.29,44.44,50.0,24.8
0.29,44.39,50.0,24.67
0.29,44.46,50.0,24.52
0.28,44.38,50.0,24.52
0.35,44.35,50.0,24.52
0.39,44.3,50.0,24.52
0.38,44.34,50.0,24.52
0.39,44.22,50.0,24.52
0.45,44.18,50.0,24.52
0.55,44.21,50.0,24.52
0.73,44.27,50.0,24.44
1.15,44.18,50.0,24.39
1.88,44.17,50.0,24.26
3.28,44.26,50.0,24.22
6.01,44.23,50.0,24.19
10.07,44.16,50.0,24.19
15.6,44.1,50.0,24.19
21.97,44.14,50.0,24.19
29.1,44.18,50.0,24.19
35.97,44.08,50.0,24.19
42.39,44.12,50.0,24.19
48.74,44.16,50.0,24.19
54.41,44.14,50.0,24.11
57.71,44.12,50.0,23.93
61.65,44.12,50.0,23.92
63.92,44.08,50.0,23.87
65.93,44.03,50.0,23.87
68.17,44.1,50.0,23.87
69.4,44.01,50.0,23.87
70.77,43.96,50.0,23.87
71.89,43.97,50.0,23.87
72.96,43.95,50.0,23.87
73.88,43.99,50.0,23.87
74.74,43.94,50.0,23.84
75.52,44.08,50.0,23.77
76.19,43.96,50.0,23.71
76.71,43.91,50.0,23.71
77.27,43.88,50.0,23.66
77.76,43.84,50.0,23.6
78.28,43.93,50.0,23.55
78.69,43.93,50.0,23.55
79.12,43.89,50.0,23.55
79.45,43.91,50.0,23.55
79.77,43.92,50.0,23.55
77.8,44.04,50.0,23.55
74.74,43.99,50.0,23.55
75.07,43.91,50.0,23.55
75.3,43.87,50.0,23.51
75.93,43.85,50.0,23.48
75.7,43.87,50.0,23.42
75.9,43.9,50.0,23.43
76.1,43.91,50.0,23.36
76.3,43.99,50.0,23.26
76.47,43.97,50.0,23.23
76.6,43.85,50.0,23.23
76.73,43.81,50.0,23.23
76.84,43.88,50.0,23.23
76.97,43.86,50.0,23.23
77.1,43.75,50.0,23.23
77.21,43.73,50.0,23.23
77.31,43.63,50.0,23.23
77.35,43.44,50.0,23.23
77.42,43.29,50.0,23.23
77.49,43.21,50.0,23.23
77.54,43.09,50.0,23.23
77.61,42.98,50.0,23.23
77.71,42.77,50.0,23.23
77.79,42.71,50.0,23.23
77.89,42.59,50.0,23.16
77.97,42.47,50.0,23.1
78.07,42.32,50.0,23.1
78.18,42.15,50.0,23.23
78.34,42.07,50.0,23.14
78.45,42.01,50.0,23.06
78.6,41.71,50.0,23.16
78.82,41.62,50.0,23.16
78.93,41.44,50.0,23.13
79.17,41.31,50.0,23.03
79.52,41.08,50.0,23.05
79.8,41.0,50.0,23.23
80.13,40.95,50.0,23.23
80.57,40.79,50.0,23.23
80.92,40.79,50.0,23.23
80.91,40.57,50.0,23.23
81.81,40.62,50.0,23.23
81.95,40.43,50.0,23.23
81.25,40.48,50.0,23.23
82.49,40.49,50.0,23.23
82.58,40.49,50.0,23.23
83.22,40.49,50.0,23.23
82.59,40.5,50.0,23.23
83.54,40.47,50.0,23.23
81.0,40.35,50.0,23.23
84.18,40.51,50.0,23.23
83.85,40.52,50.0,23.23
82.92,40.52,50.0,23.23
84.64,40.4,50.0,23.23
82.3,40.42,50.0,23.23
83.63,40.56,50.0,23.23
83.6,40.47,50.0,23.23
83.95,40.53,50.0,23.23
84.81,40.38,50.0,23.23
84.4,40.34,50.0,23.27
83.77,40.3,50.0,23.37
82.36,40.15,50.0,23.35
82.33,39.93,50.0,23.55
83.4,39.87,50.0,23.33
82.64,39.8,50.0,23.42
85.6,39.71,50.0,23.55
85.59,39.55,50.0,23.49
85.34,39.51,50.0,23.52
83.96,39.31,50.0,23.47
84.41,39.17,50.0,23.42
82.59,38.98,50.0,23.55
85.52,38.88,50.0,23.51
86.86,38.79,50.0,23.55
86.76,38.64,50.0,23.55
85.95,38.55,50.0,23.55
85.09,38.35,50.0,23.55
83.1,38.22,50.0,23.55
75.71,38.18,50.0,23.59
77.74,38.09,50.0,23.74
73.1,37.91,50.0,23.81
71.61,37.76,50.0,23.87
73.6,37.63,50.0,23.87
78.55,37.46,50.0,23.87
90.76,37.2,50.0,23.87
89.24,37.04,50.0,23.87
92.02,36.94,50.0,23.87
92.49,36.8,50.0,24.01
92.67,36.75,50.0,24.09
92.89,36.76,50.0,24.07
92.79,36.57,50.0,24.19
92.78,36.65,50.0,24.19
91.41,36.46,50.0,24.19
85.04,36.4,50.0,24.19
83.63,36.23,50.4,24.19
87.26,36.33,50.0,24.19
82.33,36.13,50.0,24.22
91.58,36.15,50.0,24.26
93.77,36.01,50.0,24.49
93.93,35.87,50.0,24.52
94.1,35.68,50.0,24.52
94.14,35.69,50.0,24.52
94.11,35.59,50.0,24.52
88.39,35.48,50.0,24.52
92.96,35.35,50.0,24.52
91.38,35.36,50.0,24.52
93.93,35.3,50.0,24.52
93.11,35.26,50.0,24.58
93.28,35.25,50.0,24.52
94.04,35.3,50.0,24.56
93.85,35.22,50.0,24.56
92.92,35.18,50.0,24.72
93.68,35.13,50.0,24.8
93.55,34.92,50.0,24.84
93.47,34.83,50.0,24.84
92.67,34.82,50.0,24.84
80.42,34.93,50.0,24.9
78.55,34.87,50.0,24.84
84.68,34.69,50.0,24.87
81.62,34.79,50.0,24.84
89.32,34.72,50.0,24.81
90.89,34.73,50.0,24.84
87.17,34.38,50.0,25.48
84.28,34.08,50.0,26.52
89.2,33.9,50.0,26.92
88.67,33.69,50.0,27.53
88.63,33.74,50.0,27.92
88.59,33.8,50.0,28.09
88.36,33.87,50.0,28.39
78.84,34.0,50.0,28.39
75.49,34.17,50.0,28.39
82.29,34.54,50.0,27.74
85.09,34.86,50.0,27.1
84.65,34.95,50.0,26.81
83.19,35.23,50.0,26.45
79.85,35.04,50.0,26.48
74.59,34.69,50.0,27.52
73.08,34.63,50.0,28.16
72.44,34.69,50.0,28.39
67.23,34.64,50.0,28.49
62.45,34.52,50.0,28.71
56.24,34.87,50.0,28.58
53.17,34.81,50.0,28.16
48.2,34.82,50.0,28.09
43.06,34.76,50.0,28.52
37.12,34.63,50.0,28.68
30.56,34.66,50.0,28.55
28.16,34.52,50.0,28.67
23.29,34.44,50.0,28.71
17.35,34.53,50.0,28.71
11.86,34.44,50.0,28.67
7.95,34.57,50.0,28.77
5.27,34.33,50.0,29.03
3.64,34.42,50.0,29.0
2.69,34.99,50.0,28.46
2.29,35.21,50.0,27.78
2.05,35.38,50.0,27.42
1.94,35.51,50.0,27.39
1.9,35.37,50.0,27.32
1.86,35.29,50.0,27.74
1.86,35.4,50.0,27.7
1.86,35.64,50.0,27.48
1.86,35.4,50.0,27.42
1.86,35.51,50.0,27.42
1.86,35.41,50.0,27.55
1.86,35.42,50.0,27.74
1.27,35.42,50.0,27.74
0.68,35.63,50.0,27.61
0.67,35.75,50.0,27.35
0.66,35.78,50.0,27.13
0.68,35.83,50.0,27.16
0.67,35.87,50.0,27.32
0.68,36.02,50.0,27.23
0.68,35.88,50.0,27.1
0.68,36.1,50.0,27.1
0.67,36.17,50.0,27.07
0.68,36.28,50.0,26.88
0.68,36.32,50.0,26.77
0.49,36.36,50.0,26.77
0.21,36.34,50.0,26.77
0.21,36.51,50.0,26.71
0.2,36.58,50.0,26.48
0.2,36.62,50.0,26.64
0.2,36.65,50.0,26.45
0.2,36.67,50.0,26.45
0.2,36.66,50.0,26.45
0.2,36.7,50.0,26.45
0.2,36.76,50.0,26.45
0.2,36.75,50.0,26.45
0.2,36.76,50.0,26.45
0.2,36.84,50.0,26.42
0.2,37.05,50.0,26.25
0.2,36.96,50.0,26.13
0.2,37.12,50.0,26.13
0.2,37.19,50.0,26.13
0.2,37.27,50.0,26.13
0.2,37.22,50.0,26.13
0.2,37.27,50.0,26.06
0.2,37.26,50.0,25.84
0.21,37.43,50.0,25.81
0.2,37.52,50.0,25.81
0.2,37.62,50.0,25.81
0.2,37.52,50.0,25.78
0.2,37.71,50.0,25.64
0.2,37.57,50.0,25.48
0.23,37.78,50.0,25.51
0.2,37.87,50.0,25.48
0.2,37.98,50.0,25.48
0.21,37.93,50.0,25.45
0.21,38.06,50.0,25.36
0.2,38.06,50.0,25.16
0.2,38.09,50.0,25.16
0.2,38.26,50.0,25.16
0.2,38.35,50.0,25.16
0.2,38.48,50.0,25.16
0.2,38.53,50.0,25.16
0.21,38.44,50.0,25.12
0.2,38.61,50.0,25.03
0.22,38.57,50.0,24.87
0.22,38.61,50.0,24.84
0.23,38.72,50.0,24.84
0.21,38.72,50.0,24.84
0.21,38.86,50.0,24.84
0.2,38.8,50.0,24.84
0.21,38.83,50.0,24.84
0.23,38.9,50.0,24.76
0.21,38.94,50.0,24.7
0.22,38.97,50.0,24.63
0.23,38.98,50.0,24.52
0.22,39.06,50.0,24.52
0.23,39.16,50.0,24.52
0.22,39.13,50.0,24.52
0.21,39.15,50.0,24.52
0.21,39.26,50.0,24.52
0.23,39.41,50.0,24.52
0.25,39.38,50.0,24.52
0.29,39.52,50.0,24.41
0.28,39.49,50.0,24.26
0.29,39.52,50.0,24.26
0.28,39.53,50.0,24.19
0.25,39.56,50.0,24.19
0.2,39.62,50.0,24.19
0.25,39.69,50.0,24.19
0.23,39.68,50.0,24.19
0.21,39.79,50.0,24.19
0.2,39.75,50.0,24.19
0.2,39.82,50.0,24.19
0.2,39.92,50.0,24.06
0.2,39.95,50.0,24.03
0.2,39.97,50.0,23.93
0.24,40.06,50.0,23.87
0.29,40.06,50.0,23.9
0.29,40.08,50.0,23.87
0.29,40.12,50.0,23.87
0.29,40.27,50.0,23.87
0.29,40.12,50.0,23.87
0.29,40.21,50.0,23.87
0.29,40.22,50.0,23.87
0.36,40.24,50.0,23.87
0.48,40.36,50.0,23.87
0.77,40.3,50.0,23.87
1.36,40.31,50.0,23.87
2.96,40.42,50.0,23.87
4.81,40.5,50.0,23.87
6.05,40.46,50.0,23.81
6.73,40.52,50.0,23.76
9.9,40.52,50.0,23.74
13.7,40.54,50.0,23.73
17.49,40.53,50.0,23.77
22.1,40.55,50.0,23.65
27.36,40.53,50.0,23.55
31.83,40.47,50.0,23.55
35.07,40.47,50.0,23.58
35.21,40.45,50.0,23.55
39.79,40.48,50.0,23.55
43.88,40.61,50.0,23.58
45.23,40.66,50.0,23.55
42.02,40.62,50.0,23.4
45.62,40.61,50.0,23.55
54.2,40.62,50.0,23.58
58.34,40.69,50.0,23.55
59.81,40.56,50.0,23.55
61.54,40.69,50.0,23.55
61.39,40.77,50.0,23.55
57.97,40.81,50.0,23.55
58.31,40.73,50.0,23.52
59.6,40.83,50.0,23.55
59.32,40.85,50.0,23.55
58.65,40.83,50.0,23.52
61.13,40.84,50.0,23.55
65.3,40.85,50.0,23.52
71.8,40.9,50.0,23.34
71.15,40.92,50.0,23.29
69.78,40.91,50.0,23.26
69.33,40.92,50.0,23.33
70.45,40.95,50.0,23.23
73.44,40.92,50.0,23.26
77.59,40.96,50.0,23.23
78.51,41.02,50.0,23.23
76.95,40.92,50.0,23.23
76.58,41.1,50.0,23.23
79.62,40.99,50.0,23.23
78.67,41.09,50.0,23.23
75.88,41.13,50.0,23.23
75.91,41.0,50.0,23.23
74.0,41.11,50.0,23.23
73.35,41.21,50.0,23.23
76.83,41.05,50.0,23.23
82.4,40.98,50.0,23.23
79.11,40.96,50.0,23.23
72.49,40.99,50.0,23.23
77.76,40.86,50.0,23.03
79.16,40.72,50.0,23.1
77.93,40.78,50.0,23.1
77.7,40.82,50.0,23.13
75.44,40.66,50.0,23.12
73.21,40.66,50.0,23.02
75.78,40.57,50.0,23.0
74.55,40.47,50.0,22.93
74.45,40.47,50.0,22.9
72.91,40.46,50.0,22.9
72.53,40.28,50.0,22.9
73.65,40.24,50.0,22.9
74.28,40.04,50.0,22.9
75.11,39.94,50.0,22.9
78.73,39.78,50.0,22.9
79.62,39.84,50.0,22.9
80.53,39.76,51.0,22.9
80.57,39.69,50.0,22.9
82.99,39.67,50.0,22.9
83.8,39.5,50.0,22.9
84.35,39.5,50.0,22.9
83.95,39.62,50.0,22.9
82.88,39.57,50.0,22.9
83.0,39.65,50.0,22.9
82.57,39.59,50.0,22.93
80.36,39.63,50.0,22.93
80.06,39.67,50.0,22.9
79.84,39.67,50.0,22.9
78.35,39.69,50.0,22.9
71.55,39.66,50.0,22.93
57.82,39.68,50.0,22.93
49.32,39.7,50.0,23.02
44.06,39.88,50.0,22.94
42.56,39.93,50.0,22.97
41.07,39.88,50.0,23.06
54.56,39.97,50.0,23.16
61.68,39.93,50.0,23.23
54.84,40.1,50.0,23.19
67.76,40.15,50.0,22.99
84.74,40.22,50.0,22.93
85.27,40.44,50.3,23.03
79.86,40.53,50.0,22.93
72.98,40.6,50.0,22.94
76.71,40.78,50.0,22.94
71.69,40.88,50.0,22.93
69.81,40.97,50.0,22.97
66.38,41.14,50.0,22.97
72.64,41.2,50.0,22.97
74.7,41.37,50.0,22.99
72.41,41.63,50.0,23.1
71.56,41.55,50.0,23.05
68.85,41.81,50.0,23.13
71.26,41.83,50.0,23.1
74.5,41.87,50.0,23.19
76.69,42.09,50.0,23.23
81.13,42.2,50.0,23.23
82.97,42.33,50.0,23.23
83.08,42.34,50.0,23.23
80.46,42.46,50.0,23.26
83.18,42.34,50.0,23.36
86.49,42.5,50.0,23.41
86.07,42.57,50.0,23.52
84.88,42.63,50.0,23.52
85.01,42.62,50.0,23.55
83.67,42.78,50.0,23.55
82.81,42.9,50.0,23.42
82.12,43.07,50.0,23.52
84.0,43.25,50.0,23.45
89.79,43.27,50.0,23.26
86.83,43.4,50.11,23.23
82.01,43.43,50.0,23.23
76.88,43.64,50.0,23.23
79.39,43.81,50.0,23.23
82.19,43.93,50.0,23.23
78.9,44.01,50.0,23.23
77.61,44.23,50.0,23.23
77.18,44.22,50.0,23.23
86.84,44.23,50.0,23.23
91.18,44.28,50.2,23.49
87.51,44.55,50.0,23.55
76.62,44.89,50.0,23.39
79.28,44.94,50.0,23.26
77.1,45.14,50.0,23.26
74.56,45.39,50.0,23.23
76.87,45.6,50.0,23.23
81.82,45.84,50.0,23.23
86.55,45.93,50.0,23.23
87.25,45.98,50.0,23.23
88.92,46.18,50.0,23.23
89.92,46.53,50.0,23.23
89.5,46.65,50.0,23.23
88.59,46.71,50.0,23.23
89.39,46.94,50.0,23.23
88.95,46.96,50.0,23.23
87.66,47.1,50.0,23.23
80.22,47.33,50.0,23.23
75.76,47.44,50.0,23.26
82.17,47.68,50.0,23.23
86.07,47.68,50.0,23.44
86.71,47.48,50.0,23.55
85.27,47.7,50.0,23.55
78.47,47.87,50.0,23.55
63.25,47.93,50.0,23.55
53.35,48.09,50.0,23.55
47.25,48.37,50.0,23.52
40.47,48.34,50.0,23.55
38.53,48.2,50.0,23.62
41.89,48.32,50.0,24.15
47.11,48.46,50.0,24.29
55.64,48.63,50.0,24.19
50.26,48.86,50.0,24.13
45.38,48.85,50.0,24.19
41.84,48.86,50.0,24.19
39.15,48.99,50.0,24.19
42.21,49.08,50.0,24.13
36.6,48.76,50.0,24.19
31.52,48.22,50.0,24.39
26.71,48.23,50.0,24.87
22.36,48.24,50.0,24.78
18.76,48.25,50.0,24.52
17.22,48.2,50.0,24.52
15.11,48.14,50.0,24.52
12.81,48.13,50.0,24.52
9.94,47.99,50.0,24.52
7.32,47.69,50.0,24.56
5.88,47.51,50.0,24.87
4.84,47.13,50.0,25.19
4.09,46.87,50.0,25.58
3.84,46.64,50.0,25.78
3.17,46.57,50.0,25.81
2.5,46.3,50.0,25.84
2.1,46.28,50.0,26.06
1.91,46.1,50.0,26.03
1.86,46.23,50.0,26.0
1.86,46.31,50.0,25.61
1.86,46.23,50.0,25.48
1.86,46.12,50.0,25.48
1.86,45.96,50.0,25.61
1.87,45.93,50.0,25.78
1.86,45.89,50.0,25.81
1.86,46.2,50.0,25.48
1.86,46.1,50.0,25.29
1.86,46.24,50.0,25.16
1.26,46.2,50.0,25.13
0.68,46.24,50.0,24.97
0.67,46.29,50.0,24.87
0.67,46.19,50.0,24.84
0.67,46.09,50.0,24.84
0.68,46.01,50.0,25.03
0.68,46.01,50.0,25.03
37.93,46.05,60.0,25.0
64.22,46.02,54.0,24.84
80.06,45.95,63.0,24.84
79.86,46.15,66.0,24.84
83.68,46.06,68.0,24.84
81.82,46.05,61.0,24.84
85.24,46.08,66.0,24.84
84.07,46.05,64.0,24.84
84.85,46.12,61.0,24.71
86.61,46.18,63.0,24.62
88.17,46.16,70.0,24.56
88.46,46.17,61.0,24.52
89.93,46.26,63.0,24.52
85.53,46.23,68.0,24.52
84.56,46.24,62.0,24.52
84.26,46.18,60.0,24.52
82.8,46.33,64.0,24.52
83.09,46.27,63.0,24.52
84.16,46.29,62.0,24.52
84.07,46.36,62.0,24.49
83.19,46.42,50.0,24.39
81.72,46.35,62.0,24.23
78.01,46.44,50.0,24.19
76.83,46.38,53.0,24.19
77.42,46.43,62.0,24.19
73.22,46.43,64.0,24.16
70.38,46.38,67.0,24.19
0.68,46.53,71.0,24.19
0.68,46.57,50.0,24.06
0.63,46.54,50.0,24.01
0.64,46.56,50.0,24.0
0.68,46.62,50.0,23.9
0.42,46.62,50.0,23.87
0.23,46.52,50.0,23.87
0.2,46.69,50.0,23.87
0.22,46.7,50.0,23.87
0.21,46.64,50.0,23.87
0.24,46.74,50.0,23.87
0.21,46.78,50.0,7.74
0.27,46.82,50.0,8.39
0.24,46.82,50.0,8.71
0.22,46.77,50.0,8.71
0.23,46.9,50.0,8.71
0.27,46.83,50.0,8.71
0.28,46.95,50.0,8.71
0.28,46.94,50.0,8.71
0.29,47.13,50.0,8.71
0.25,47.12,50.0,8.71
0.21,47.17,50.0,8.71
0.21,47.05,50.0,8.71
0.2,47.16,50.0,8.71
0.22,47.17,50.0,8.71
0.27,47.21,50.0,8.39
0.28,47.32,50.0,8.39
0.23,47.43,50.0,8.39
0.23,47.38,50.0,8.39
0.27,47.55,50.0,8.39
0.26,47.64,50.0,8.39
0.22,47.7,50.0,8.39
0.23,47.9,50.0,8.39
0.25,47.93,50.0,8.39
0.27,48.08,50.0,8.39
0.24,48.19,50.0,8.39
0.28,48.28,50.0,8.39
0.28,48.38,50.0,8.39
0.29,48.44,50.0,8.39
0.21,48.5,50.0,8.39
0.2,48.7,50.0,8.71
0.2,48.81,50.0,8.71
0.2,48.95,50.0,8.71
0.2,49.04,50.0,8.71
0.2,49.11,50.0,8.71
0.2,49.15,50.0,8.71
0.2,49.28,50.0,8.71
0.2,49.42,50.0,8.71
0.22,49.45,50.0,8.71
0.2,49.56,50.0,8.71
0.24,49.65,50.0,8.71
0.27,49.84,50.0,8.71
0.27,49.86,50.0,8.71
0.28,49.93,50.0,8.71
0.29,50.05,50.0,8.71
0.29,50.13,50.0,8.71
0.29,50.28,50.0,8.71
0.27,50.36,50.0,8.71
0.28,50.37,50.0,8.71
0.29,50.54,50.0,8.71
0.28,50.6,50.0,8.71
0.25,50.69,50.0,24.49
0.22,50.8,50.0,24.52
0.25,50.94,50.0,24.52
0.24,50.94,50.0,24.52
0.26,51.08,50.0,24.55
0.26,51.03,50.0,24.77
0.26,51.2,50.0,24.81
0.27,51.28,50.0,24.84
0.27,51.34,50.0,24.84
0.29,51.49,50.0,24.9
0.29,51.44,50.0,25.04
0.29,51.54,50.0,25.13
0.29,51.72,50.0,25.19
0.27,51.78,50.0,25.16
0.29,51.92,50.0,25.29
0.31,52.04,50.0,25.37
0.35,52.12,50.0,25.48
0.39,52.05,50.0,25.48
1.92,52.11,50.0,25.51
2.13,52.23,50.0,25.74
2.15,52.41,50.0,25.81
2.12,52.38,50.0,25.81
2.15,52.54,50.0,25.81
47.17,52.59,50.0,25.88
66.32,52.64,50.0,26.13
66.18,52.72,50.0,26.13
66.44,52.88,50.0,26.13
66.26,52.95,50.0,26.21
66.08,53.13,50.0,26.45
66.08,53.11,50.0,26.45
66.08,53.34,50.0,26.48
66.08,53.49,50.0,26.71
66.08,53.6,50.0,26.77
66.09,53.68,50.0,26.77
23.98,53.72,50.0,26.84
12.71,53.88,50.0,27.1
14.74,53.99,50.0,27.1
22.61,54.13,50.0,27.17
32.54,54.24,50.0,27.38
39.19,54.38,50.0,27.42
42.86,54.73,50.0,27.42
51.02,54.75,50.0,27.58
52.23,55.31,50.0,27.74
48.21,55.87,50.0,27.74
46.17,55.97,50.0,27.84
51.87,56.01,50.0,28.06
59.49,56.28,50.0,28.06
58.48,56.43,50.0,28.36
57.11,56.69,50.0,28.35
59.5,56.68,50.0,28.5
59.6,56.8,50.0,28.71
60.05,57.02,50.0,28.75
60.13,57.01,50.0,29.0
61.06,57.02,50.0,29.03
60.24,57.07,50.0,29.29
56.83,57.29,50.0,29.35
51.66,57.33,50.0,29.52
53.6,57.39,50.0,29.68
59.73,57.28,50.0,29.89
67.48,57.45,50.0,30.0
0.0,57.73,50.5,30.06
81.53,57.75,58.0,30.28
76.44,58.02,55.0,30.39
74.88,58.23,54.0,30.65
78.25,58.81,56.5,30.76
80.94,59.11,56.5,30.97
81.32,59.38,50.0,31.16
81.5,59.78,51.14,31.29
82.31,60.02,66.2,31.5
97.65,60.03,68.0,31.84
0.0,58.8,50.0,32.0
0.0,58.8,50.0,32.19
0.0,58.15,50.0,32.58
0.0,57.85,50.0,32.84
0.0,57.25,50.0,33.07
0.0,39.05,50.0,33.48
0.0,39.1,50.0,33.87
0.0,39.64,50.0,34.22
0.0,45.5,50.0,34.52
0.0,24.8,50.0,34.9
0.0,25.1,50.0,35.32
0.0,24.5,50.0,35.48
0.0,25.1,50.0,35.48
0.0,25.0,50.0,36.29
0.0,26.2,50.0,36.29
0.0,28.7,50.0,36.13
0.0,27.8,50.0,36.45
0.0,31.7,50.0,36.45
0.0,33.5,50.0,24.95
0.0,34.7,50.0,25.14
0.0,35.1,50.0,25.42
0.0,35.4,50.0,21.94
0.0,34.4,50.0,-36.13
0.0,32.7,50.0,-36.45
0.0,32.4,50.0,-36.77
0.0,33.8,50.0,-36.13
0.0,34.9,50.0,-36.45
0.0,36.8,50.0,-37.42
0.0,36.2,50.0,-38.06
0.0,36.0,50.0,-38.06
0.0,36.5,50.0,-37.74
0.0,36.3,50.0,-38.06
0.0,38.8,50.0,-38.39
0.0,39.8,50.0,-38.39
0.0,43.6,50.0,-38.71
0.0,46.2,50.0,-38.39
0.0,46.2,50.0,-39.35
0.0,45.8,50.0,-38.39
0.0,46.2,50.0,-39.68
0.0,46.2,50.0,-39.35
0.0,46.2,50.0,-39.68
0.0,46.2,50.0,-39.35
0.0,46.2,50.0,-39.68
0.0,45.3,50.0,-39.35
0.0,44.4,50.0,-39.35
0.0,45.3,50.0,-39.68
0.0,45.5,50.0,-39.68
0.0,42.8,50.0,-39.68
0.0,41.2,50.0,-39.35
0.0,39.2,50.0,-39.35
0.0,37.7,50.0,-39.03
0.0,35.4,50.0,-39.68
0.0,36.5,50.0,-40.0
0.0,35.4,50.0,-39.35
0.0,35.7,50.0,-38.71
0.0,33.2,50.0,-39.68
0.0,36.9,50.0,-39.35
0.0,36.5,50.0,-39.03
0.0,33.2,50.0,-39.03
0.0,33.2,50.0,-38.06
0.0,33.2,50.0,-38.71
0.0,39.3,50.0,-38.06
0.0,36.3,50.0,-38.06
0.0,35.1,50.0,-38.39
0.0,35.5,50.0,-37.42
0.0,35.7,50.0,-38.39
0.0,36.5,50.0,-38.71
0.0,37.7,50.0,-38.39
0.0,39.2,50.0,-36.77
0.0,40.3,50.0,-37.42
0.0,40.6,50.0,-38.39
0.0,40.3,50.0,-38.71
0.0,40.7,50.0,-38.06
0.0,41.7,50.0,-37.42
0.0,42.8,50.0,-38.39
0.0,43.9,50.0,-37.42
0.0,44.5,50.0,-37.42
0.0,42.9,50.0,-37.42
0.0,45.6,50.0,-37.74
0.0,45.5,50.0,-38.39
0.0,45.1,50.0,-37.74
0.0,46.2,50.0,-38.71
0.0,46.2,50.0,-39.68
0.0,46.2,50.0,-39.68
0.0,46.4,50.0,-39.68
0.0,46.4,50.0,-40.0
0.0,46.4,50.0,-40.0
0.0,46.4,50.0,-39.35
0.0,46.4,50.0,-39.68
0.0,46.4,50.0,-39.68
0.0,46.4,50.0,-39.68
0.0,45.1,50.0,-39.68
0.0,45.0,50.0,-39.68
0.0,44.8,50.0,-39.35
45.94,45.8,50.0,-39.35
42.13,44.7,70.0,-39.03
46.48,44.2,70.0,-39.03
43.89,46.4,50.0,-40.0
33.33,46.4,50.0,-39.68
97.56,46.4,50.0,-39.35
97.75,46.4,58.0,-39.03
98.83,46.4,53.0,-39.35
98.83,46.4,62.0,-38.06
98.53,46.2,70.0,-38.39
97.85,82.4,65.0,-38.39
98.14,82.5,61.0,-37.1
97.95,82.9,57.0,-37.1
96.97,82.5,64.0,-38.39
97.07,80.6,58.0,-37.74
95.6,64.9,60.0,-37.74
97.07,58.2,61.0,-37.42
92.67,59.6,67.0,-37.42
82.11,52.6,61.0,-38.06
0.59,53.7,50.0,-37.74
52.4,52.4,61.0,-38.39
7.23,50.0,54.0,-37.1
1.17,47.2,61.0,-38.71
0.78,49.7,65.0,17.1
0.68,51.3,50.0,17.74
0.68,53.2,63.0,18.39
0.68,53.5,50.0,19.03
0.68,55.2,50.0,19.68
0.78,56.2,60.0,15.48
0.78,56.7,50.0,16.45
0.59,56.5,53.0,16.77
0.68,57.4,50.0,20.0
0.49,58.9,50.0,18.71
0.49,58.1,74.0,17.42
0.49,58.4,54.0,17.74
0.68,58.7,59.0,17.1
0.49,58.1,50.0,15.81
0.49,57.3,64.0,15.81
0.59,56.7,62.0,14.84
0.49,59.6,67.0,14.52
0.68,64.7,59.0,14.19
0.49,68.8,50.0,13.55
0.49,63.0,69.0,13.23
0.49,61.1,62.0,13.23
0.59,60.4,51.0,12.9
0.49,64.9,50.0,12.58
0.59,65.6,56.0,12.58
0.59,73.5,50.0,12.58
0.59,72.6,58.0,12.26
0.59,71.9,52.0,12.26
0.68,68.6,50.0,12.58
0.59,69.1,50.0,12.58
0.68,68.2,50.0,11.94
1.17,67.4,51.0,11.61
7.53,68.8,50.0,10.65
49.07,68.5,61.0,10.97
78.59,67.4,50.0,10.97
90.03,67.2,50.0,11.29
92.77,67.4,50.0,10.32
96.38,66.0,51.0,10.32
97.16,67.5,50.0,9.68
97.75,68.5,61.0,9.68
96.68,68.3,50.0,10.32
96.68,69.1,50.0,10.65
98.04,68.0,50.0,10.32
97.65,69.6,50.0,10.0
98.24,75.4,50.0,9.68
97.95,74.6,65.0,9.03
97.36,74.0,63.0,9.03
98.14,73.4,63.0,9.03
97.56,69.7,61.0,8.71
98.53,64.4,55.0,8.71
97.85,59.2,66.0,9.03
97.36,51.3,50.0,8.71
98.83,53.5,63.0,8.39
98.83,50.8,50.0,8.06
97.75,50.0,64.0,8.39
98.83,53.5,50.0,8.39
97.65,53.0,61.0,8.71
96.28,60.4,57.0,8.71
98.14,58.9,50.0,8.39
94.72,51.6,50.0,8.71
98.92,61.2,53.0,9.68
98.83,62.0,50.0,11.29
95.41,45.6,50.0,11.29
98.73,48.9,59.0,12.26
95.21,42.0,50.0,13.87
98.53,56.3,50.0,13.87
91.89,60.1,50.0,15.48
91.89,55.2,53.0,15.48
86.12,52.7,50.0,14.19
66.96,51.9,66.0,14.19
14.08,46.7,50.0,14.19
1.56,50.3,50.0,15.81
0.78,75.9,60.0,15.48
0.68,72.9,50.0,13.55
1.08,70.5,50.0,14.52
0.68,73.4,50.0,18.71
0.59,74.0,50.0,15.81
0.59,69.6,50.0,19.35
0.59,71.0,50.0,14.19
0.88,71.8,50.0,11.94
0.59,69.9,50.0,14.52
0.49,67.2,50.0,13.55
0.49,67.4,50.0,16.13
0.59,65.0,50.0,17.42
0.49,70.2,50.0,14.84
0.49,70.1,50.0,12.26
0.49,70.2,51.0,10.97
0.49,71.5,50.0,11.94
0.49,72.7,50.0,9.68
0.49,72.6,50.0,10.65
0.49,72.4,50.0,10.32
0.49,72.4,50.0,9.68
0.49,73.2,50.0,9.68
0.59,72.6,50.0,9.68
0.59,72.6,50.0,10.0
0.59,73.0,50.0,9.35
0.68,72.7,50.0,10.0
0.59,73.4,50.0,8.39
0.68,72.7,50.0,8.71
0.68,72.6,50.0,8.71
0.59,72.4,50.0,8.06
0.68,72.6,50.0,8.39
0.88,72.6,50.0,8.06
2.64,72.9,50.0,8.06
23.46,72.7,50.0,7.74
73.51,72.1,50.0,7.74
89.44,73.4,50.0,7.74
94.72,72.3,50.0,7.74
96.48,72.7,50.0,7.74
96.87,72.7,50.0,7.74
97.56,72.3,50.0,7.74
97.36,72.4,50.0,8.06
96.68,73.0,50.0,7.74
97.85,72.6,50.0,7.42
97.75,73.2,50.0,7.1
97.36,73.0,50.0,7.1
97.65,72.4,50.0,6.77
97.46,70.8,50.0,6.77
98.14,67.5,50.0,6.77
98.24,63.3,51.0,6.77
98.24,57.8,50.0,6.77
98.44,57.1,58.0,6.77
98.04,51.9,50.0,7.1
96.87,51.0,50.0,7.1
97.16,55.4,50.0,6.77
97.36,50.5,50.0,7.1
95.8,48.5,54.0,6.77
95.99,48.8,50.0,6.77
96.19,47.0,50.0,6.77
96.19,48.8,61.0,7.42
96.87,49.4,50.0,8.06
95.6,46.7,50.0,9.03
96.19,50.7,50.0,10.0
97.75,51.8,50.0,10.97
96.38,54.4,50.0,11.61
93.06,59.8,50.0,13.55
89.05,64.9,50.0,14.84
85.83,61.1,50.0,14.84
79.37,56.5,50.0,16.13
75.86,57.1,50.0,16.77
50.54,57.1,50.0,16.45
7.14,58.1,50.0,18.39
1.37,55.4,50.0,17.1
0.78,52.6,50.0,17.1
0.68,61.2,50.0,17.74
1.08,63.1,50.0,16.13
0.68,63.9,50.0,15.48
0.68,63.4,50.0,16.45
0.78,61.9,50.0,15.16
0.68,61.7,50.0,13.55
0.68,64.4,50.0,14.52
0.68,63.6,50.0,14.84
0.59,61.1,50.0,14.84
0.59,62.3,50.0,14.84
0.59,58.9,50.0,14.52
0.68,58.4,50.0,15.16
0.59,60.0,50.0,15.81
0.59,60.8,50.0,13.87
0.59,61.2,50.0,13.55
0.59,60.6,50.0,13.23
0.59,60.6,50.0,12.9
0.68,61.7,50.0,12.9
0.68,62.3,50.0,12.58
0.68,63.4,50.0,12.9
0.68,64.5,50.0,12.9
0.68,66.3,50.0,12.9
0.78,67.1,50.0,12.58
1.17,69.4,50.0,12.58
0.88,71.6,50.0,11.94
0.78,72.4,50.0,10.97
0.78,73.4,50.0,11.29
0.98,73.8,50.0,11.29
0.88,73.2,50.0,11.29
0.88,73.8,50.0,11.61
1.27,73.8,50.0,11.29
1.86,74.3,50.0,11.29
16.13,75.7,50.0,10.97
44.28,75.6,50.0,10.65
60.51,74.6,50.0,10.65
74.19,74.6,50.0,10.65
82.5,74.5,59.0,10.32
86.9,74.5,50.0,10.32
88.76,74.5,57.0,10.32
94.33,74.6,50.0,10.32
95.8,74.5,58.0,10.0
94.92,75.3,53.0,9.68
95.02,76.0,50.0,9.68
95.89,77.1,50.0,9.68
96.09,76.8,60.0,9.03
95.11,76.8,69.0,9.68
95.99,76.7,70.0,9.68
96.19,77.0,54.0,9.68
96.97,76.2,63.0,9.35
97.56,73.0,50.0,9.68
97.36,70.2,50.0,10.0
95.31,70.5,50.0,10.32
95.6,71.2,50.0,10.65
94.72,67.1,50.0,10.32
93.94,61.5,50.0,8.71
96.38,65.5,65.0,10.65
95.41,64.4,50.0,10.97
93.94,65.6,51.0,10.65
90.22,60.0,54.0,10.32
88.46,66.0,50.0,10.32
85.44,65.0,53.0,10.65
80.16,63.7,50.0,10.65
71.06,63.3,50.0,10.65
72.04,63.7,54.0,10.97
83.48,64.9,50.0,11.61
61.88,68.2,50.0,11.61
42.52,67.2,50.0,11.94
35.09,69.9,50.0,11.61
13.39,73.8,52.0,11.94
2.54,71.3,50.0,12.58
1.17,69.3,50.0,12.58
1.08,70.5,51.0,14.19
0.88,70.5,50.0,12.9
1.17,72.6,50.0,12.26
1.08,76.2,50.0,12.26
1.08,76.2,50.0,13.23
1.08,76.7,50.0,12.9
0.98,76.7,50.0,13.23
1.27,76.8,50.0,12.58
0.98,77.0,50.0,12.58
0.88,76.7,50.0,11.61
0.78,77.0,50.0,10.97
0.68,77.3,50.0,11.29
0.78,77.1,50.0,10.0
0.88,77.3,50.0,9.35
0.88,77.8,50.0,9.03
1.08,78.3,50.0,8.71
1.17,77.9,50.0,8.39
1.37,77.9,50.0,8.39
1.17,78.1,50.0,8.39
0.88,78.4,50.0,8.39
0.68,78.3,50.0,8.39
0.78,78.3,50.0,8.39
0.68,78.4,50.0,8.39
0.78,78.3,50.0,8.39
0.59,78.6,50.0,8.39
0.59,78.6,50.0,8.71
0.49,78.9,57.0,8.71
0.49,79.0,50.0,9.03
0.59,79.2,50.0,9.35
0.68,79.5,50.0,9.68
1.37,79.5,50.0,9.35
12.51,79.4,50.0,9.35
62.46,79.5,50.0,10.32
84.65,78.9,53.0,10.0
90.32,78.7,65.0,10.0
93.26,79.0,58.0,10.0
93.65,78.6,50.0,10.0
95.02,78.6,54.0,9.68
95.5,77.9,50.0,9.68
96.28,77.8,59.0,10.0
97.16,77.5,50.0,10.0
98.24,77.3,57.0,10.65
98.04,77.1,62.0,11.94
97.56,77.1,65.0,10.97
97.65,77.1,61.0,10.65
96.77,76.8,64.0,10.97
96.97,77.1,71.0,10.32
96.09,76.2,66.0,10.65
97.36,76.0,66.0,10.32
97.95,75.3,63.0,10.32
98.14,69.4,62.0,10.0
98.04,62.0,70.0,10.0
98.73,61.4,64.0,9.68
98.83,62.3,68.0,9.68
98.92,62.0,63.0,9.68
98.92,63.9,70.0,9.68
98.92,64.2,64.0,9.68
98.92,62.0,63.0,9.68
98.53,61.9,70.0,9.68
97.36,58.2,50.0,10.0
98.24,56.3,60.0,10.32
98.83,54.3,70.0,10.65
98.73,55.2,55.0,11.29
98.63,52.1,57.0,11.94
98.34,49.6,69.0,12.9
93.35,51.4,54.0,12.9
88.95,50.8,65.0,13.23
72.63,51.0,50.0,13.23
21.8,53.7,50.0,12.58
2.44,50.3,50.0,12.9
0.68,50.0,50.0,12.26
0.59,46.6,59.0,12.9
0.68,47.7,63.0,14.19
0.59,50.0,59.0,14.52
0.59,50.3,50.0,15.81
0.59,53.3,51.0,15.48
0.49,56.8,54.0,16.13
0.59,57.6,60.0,15.81
0.49,58.4,58.0,15.81
0.49,57.9,61.0,15.48
0.49,57.0,68.0,15.48
0.49,57.0,68.0,14.19
0.49,56.7,54.0,14.84
0.49,59.5,53.0,14.19
0.49,59.8,68.0,15.16
0.49,60.1,66.0,14.84
0.49,60.6,50.0,14.19
0.49,61.1,60.0,13.87
0.49,62.2,50.0,12.9
0.49,61.1,50.0,11.94
0.49,60.0,50.0,11.29
0.49,61.1,57.0,10.97
0.49,60.4,50.0,10.65
0.49,59.8,51.0,10.97
0.59,62.2,50.0,11.29
0.49,63.7,50.0,11.29
0.59,64.4,50.0,10.65
0.59,64.4,50.0,10.65
0.59,64.9,50.0,10.65
0.59,65.8,64.0,10.65
0.68,65.2,50.0,10.65
0.98,66.0,50.0,10.65
6.06,66.7,55.0,11.61
43.3,67.1,50.0,11.94
81.33,65.2,50.0,11.61
92.08,66.6,60.0,11.61
96.09,67.7,50.0,11.61
96.87,66.9,58.0,10.97
97.26,66.7,61.0,10.0
97.56,66.9,50.0,9.68
97.75,66.9,59.0,9.35
97.95,63.0,54.0,9.35
97.95,64.4,63.0,9.35
98.04,64.1,65.0,10.32
98.14,62.8,64.0,9.35
98.24,61.1,63.0,9.03
98.34,57.6,70.0,9.03
98.14,53.8,61.0,9.35
98.44,51.1,60.0,8.71
98.53,49.4,63.0,8.71
98.63,49.4,69.0,8.71
98.63,46.6,62.0,9.03
98.73,45.0,63.0,8.71
98.83,43.7,67.0,8.39
98.83,42.1,75.0,9.35
98.83,41.4,63.0,9.03
98.83,38.8,68.0,8.39
98.92,39.2,61.0,8.39
98.92,40.9,67.0,8.39
98.92,36.0,60.0,9.03
98.92,39.3,59.0,10.0
97.26,39.3,67.0,10.65
98.83,39.2,70.0,10.65
96.38,37.7,63.0,11.29
98.63,41.0,69.0,11.61
97.85,40.7,56.0,11.94
93.06,39.6,62.0,12.26
88.95,41.7,55.0,12.9
73.8,41.0,63.0,13.23
26.2,41.8,61.0,14.52
2.44,44.2,51.0,14.19
0.98,44.5,50.0,13.55
0.68,49.4,55.0,14.84
0.88,49.2,50.0,14.84
0.98,46.2,73.0,15.16
0.98,48.8,61.0,14.52
0.78,46.6,65.0,15.16
0.88,48.3,55.0,14.84
0.78,48.8,50.0,14.52
0.59,51.0,50.0,14.84
0.59,51.0,51.0,14.52
0.68,50.3,65.0,14.84
0.68,52.6,60.0,14.52
0.59,51.4,61.0,14.19
0.68,48.8,63.0,12.9
0.68,49.4,50.0,12.26
0.59,48.9,66.0,11.29
0.49,46.9,59.0,12.9
0.78,47.8,58.0,11.29
0.59,48.1,63.0,10.97
0.49,47.7,61.0,10.65
0.49,47.0,67.0,10.65
0.49,46.2,67.0,9.68
0.49,46.7,56.0,9.68
0.59,47.3,54.0,10.0
0.59,48.8,61.0,10.0
0.59,50.2,50.0,10.65
0.59,51.8,53.0,10.65
0.59,50.0,60.0,10.65
0.59,52.7,59.0,10.65
0.59,53.0,50.0,10.65
0.68,52.1,56.0,10.65
0.78,56.3,60.0,10.32
1.96,57.3,58.0,10.0
15.35,57.1,54.0,10.32
64.52,58.1,60.0,10.32
86.51,58.5,57.0,10.0
94.92,58.9,62.0,10.0
95.41,58.4,60.0,10.0
96.38,59.2,61.0,9.35
97.46,59.3,61.0,9.03
97.65,60.0,61.0,9.68
97.95,58.1,58.0,9.03
97.95,60.1,50.0,8.71
71.16,62.5,59.0,8.71
54.35,62.3,50.0,7.42
78.89,62.6,50.0,7.42
85.53,59.5,70.0,7.42
86.61,57.1,66.0,6.77
88.95,53.3,75.0,6.77
89.05,54.3,63.0,6.45
90.32,52.1,68.0,6.45
89.93,49.2,77.0,6.13
89.93,46.6,66.0,6.13
90.42,45.8,75.0,5.81
91.59,47.2,71.0,5.48
91.4,47.7,63.0,5.16
91.2,48.9,70.0,5.48
91.4,49.9,76.0,5.48
92.18,48.3,67.0,5.48
92.86,48.6,78.0,5.81
92.77,48.8,76.0,6.13
93.26,48.6,71.0,6.77
93.35,48.6,69.0,7.1
92.77,49.4,86.0,7.74
91.89,49.7,69.0,9.03
92.77,49.1,72.0,10.0
89.83,49.2,71.0,16.45
87.59,49.6,70.0,19.35
88.37,50.5,61.0,8.39
86.41,48.3,57.0,8.39
80.45,49.2,87.0,8.39
70.48,49.6,69.0,8.39
50.44,49.1,64.0,8.71
44.97,49.7,65.0,8.71
43.3,48.9,93.0,8.71
1.27,48.6,61.0,8.71
1.08,49.7,67.0,8.71
1.08,51.6,76.0,8.71
1.08,52.2,70.0,8.71
1.08,54.0,69.0,8.71
1.08,55.4,68.0,8.71
1.08,55.5,74.0,8.71
1.08,56.2,71.0,8.71
0.98,57.1,75.0,8.71
0.88,56.3,79.0,8.71
0.88,56.8,100.0,9.03
0.88,56.0,75.0,9.03
0.78,54.6,64.0,8.71
0.78,54.6,59.0,9.03
0.78,54.9,67.0,8.71
0.68,55.5,64.0,8.71
0.68,54.8,72.0,8.71
0.68,56.8,68.0,8.71
0.68,54.1,91.0,8.39
0.68,52.1,78.0,8.39
0.68,49.4,92.0,8.71
0.68,48.9,82.0,8.71
0.68,49.7,100.0,8.71
0.68,49.7,65.0,8.71
0.68,51.9,66.0,9.03
0.68,52.9,68.0,8.71
0.59,52.7,63.0,8.71
0.59,52.6,78.0,8.71
41.84,51.0,80.0,8.71
44.58,51.6,64.0,8.71
45.75,51.4,64.0,8.39
44.38,53.2,60.0,8.71
38.51,53.2,55.0,8.39
43.11,54.3,65.0,8.39
42.13,54.4,80.0,8.39
42.03,54.0,67.0,8.39
47.51,52.4,66.0,8.39
58.94,51.6,64.0,8.39
73.7,52.4,67.0,8.06
80.35,52.9,72.0,8.06
82.7,52.4,73.0,7.74
82.11,54.6,57.0,7.74
85.04,59.5,67.0,7.74
84.56,57.9,66.0,7.74
90.22,58.7,90.0,7.74
89.64,60.6,95.0,7.74
92.18,57.6,100.0,7.74
92.28,56.5,77.0,7.74
92.28,57.1,88.0,7.74
91.5,57.8,73.0,7.42
90.32,57.4,92.0,7.42
88.56,58.5,100.0,7.42
89.15,59.8,74.0,7.42
89.83,59.8,74.0,7.1
91.69,59.3,100.0,7.1
91.98,58.5,65.0,7.1
93.35,57.9,61.0,7.74
90.62,57.9,68.0,7.74
91.3,57.1,75.0,7.74
91.5,57.8,67.0,8.06
93.55,56.8,92.0,8.06
91.2,56.7,65.0,8.06
87.98,57.6,95.0,8.06
88.66,57.9,79.0,8.06
89.05,55.1,64.0,8.06
79.18,53.8,76.0,8.39
78.01,49.7,71.0,8.39
59.82,49.6,79.0,8.39
47.21,51.0,73.0,8.39
44.97,52.4,100.0,8.06
40.86,52.9,75.0,8.06
0.98,52.4,83.0,8.06
0.98,53.0,65.0,8.06
1.08,56.0,100.0,7.74
1.08,57.9,100.0,7.42
1.08,58.4,99.0,7.42
1.08,58.4,100.0,7.42
1.08,58.5,99.0,7.74
1.08,59.2,67.0,7.74
0.98,58.5,82.0,8.06
0.88,59.2,77.0,7.74
0.78,58.2,91.0,8.06
0.68,58.1,100.0,8.06
0.68,59.2,69.0,8.39
0.78,59.3,80.0,8.39
0.68,59.2,88.0,8.06
0.78,59.6,63.0,8.39
0.68,60.1,67.0,8.39
0.49,59.6,72.0,8.71
0.68,60.3,61.0,8.71
0.78,60.6,74.0,8.71
0.78,59.5,96.0,8.71
0.68,59.6,100.0,8.71
0.59,60.3,100.0,8.71
0.68,59.8,92.0,8.71
0.78,61.1,86.0,9.03
0.78,61.1,86.0,8.71
0.98,61.2,76.0,8.71
0.88,61.4,70.0,8.71
43.01,61.2,81.0,8.71
42.03,61.5,100.0,8.71
43.5,61.4,100.0,8.71
43.6,61.7,87.0,8.71
41.74,63.0,87.0,8.71
44.87,62.3,93.0,8.71
43.4,62.8,93.0,8.71
45.46,63.6,91.0,8.71
46.14,63.9,89.0,8.71
40.96,63.9,100.0,8.71
64.71,65.0,100.0,8.71
69.89,65.0,89.0,8.71
82.99,65.0,95.0,8.39
83.38,63.0,100.0,8.71
87.68,64.2,88.0,8.71
91.01,63.3,79.0,8.71
92.57,63.6,87.0,8.71
91.69,62.2,90.0,8.71
94.23,62.6,100.0,8.71
92.86,65.2,94.0,8.71
93.94,64.9,91.0,8.71
93.06,64.9,92.0,8.71
95.31,66.7,88.0,8.71
95.8,66.3,90.0,8.71
95.41,64.9,89.0,8.71
95.31,63.9,84.0,9.03
93.84,63.7,99.0,9.03
95.21,62.8,100.0,8.71
95.31,60.4,89.0,9.03
93.45,60.8,98.0,8.71
93.45,61.4,97.0,8.71
93.65,60.3,83.0,8.71
93.74,60.3,95.0,8.39
93.26,59.3,98.0,8.71
94.53,59.8,94.0,8.71
93.16,60.0,92.0,8.71
91.98,60.4,97.0,8.39
92.28,60.3,88.0,8.71
91.1,59.2,100.0,8.71
88.66,60.8,100.0,9.03
77.61,58.5,100.0,9.03
46.04,58.1,94.0,9.35
46.33,59.5,98.0,9.03
0.98,58.1,100.0,9.03
1.08,58.4,98.0,9.03
0.98,57.3,100.0,9.35
1.08,58.2,98.0,9.35
1.08,53.8,92.0,9.35
0.98,56.0,87.0,9.35
1.08,55.1,100.0,9.03
0.98,54.1,100.0,9.35
0.98,50.7,100.0,9.68
0.88,52.4,100.0,9.35
0.68,50.7,91.0,9.68
0.88,51.4,100.0,9.68
0.78,49.6,100.0,9.35
0.68,53.0,94.0,9.68
0.68,56.3,100.0,10.0
0.78,54.1,90.0,10.0
0.78,55.2,100.0,10.0
0.68,52.7,94.0,9.68
0.68,53.7,100.0,10.0
0.68,54.9,86.0,10.0
0.68,53.3,92.0,9.68
0.59,54.3,100.0,9.35
0.59,55.1,96.0,9.03
0.68,55.9,100.0,9.03
0.68,57.8,99.0,9.03
0.78,57.0,96.0,9.35
0.78,58.7,100.0,9.35
44.28,58.9,100.0,9.35
46.24,60.0,96.0,9.35
43.7,59.6,98.0,9.35
47.21,59.5,91.0,9.35
46.92,60.0,95.0,9.35
47.7,60.4,97.0,9.03
45.06,60.6,100.0,9.03
43.01,60.8,78.0,8.71
47.6,60.9,75.0,8.39
46.92,61.1,100.0,8.39
74.58,61.5,100.0,8.39
87.39,60.0,100.0,8.39
91.89,60.1,100.0,8.39
91.4,60.4,82.0,8.39
93.06,63.0,70.0,8.39
94.14,63.3,78.0,8.39
95.7,63.3,75.0,8.39
94.23,62.6,71.0,8.39
95.6,62.8,70.0,8.39
94.62,62.3,72.0,8.39
94.82,61.7,83.0,8.71
94.04,59.2,75.0,8.71
95.02,59.5,72.0,8.71
95.11,58.9,74.0,8.71
96.19,57.1,70.0,8.71
95.21,57.6,77.0,8.71
96.68,56.2,75.0,8.71
95.5,58.1,74.0,8.71
96.19,54.3,70.0,8.71
94.72,53.8,77.0,8.39
95.21,54.8,71.0,8.71
94.14,54.3,67.0,8.71
94.23,53.2,71.0,8.71
93.94,55.2,73.0,8.71
95.02,54.3,72.0,8.71
94.14,54.1,67.0,8.71
91.1,51.1,74.0,9.03
91.1,50.2,71.0,9.03
86.12,49.7,71.0,9.03
77.42,49.7,73.0,9.03
51.81,50.5,80.0,9.68
42.13,51.3,66.0,9.35
1.37,50.0,68.0,10.0
0.78,50.3,70.0,9.35
0.78,51.8,71.0,9.35
0.68,50.3,73.0,9.35
0.68,50.8,77.0,9.68
0.68,52.1,76.0,9.35
0.68,52.9,68.0,10.65
0.68,53.8,74.0,10.0
0.68,54.8,74.0,10.65
0.68,55.5,74.0,10.65
0.78,55.2,85.0,10.32
0.78,54.3,75.0,10.65
0.78,54.9,72.0,10.32
0.78,55.9,74.0,10.32
0.78,57.4,76.0,10.0
0.78,56.3,75.0,10.0
0.68,56.3,76.0,10.0
0.68,56.8,76.0,10.32
0.78,57.1,72.0,10.0
0.59,57.3,75.0,10.0
0.68,58.7,73.0,9.68
0.68,58.4,72.0,9.68
0.68,57.6,71.0,9.68
0.68,57.4,80.0,9.68
0.78,57.1,71.0,9.68
0.68,57.3,80.0,9.68
0.78,57.4,81.0,9.68
0.78,57.1,72.0,9.35
0.68,57.6,81.0,9.35
0.68,58.4,74.0,9.35
0.59,58.4,87.0,9.03
0.68,59.2,73.0,9.03
0.78,59.0,71.0,9.03
1.17,61.7,74.0,9.03
1.27,60.8,74.0,9.03
1.27,60.8,76.0,9.03
2.93,60.9,73.0,9.03
7.04,60.6,75.0,9.03
26.2,61.4,81.0,9.03
53.67,62.3,78.0,9.03
68.92,62.2,79.0,9.35
78.79,62.0,68.0,9.35
82.99,61.7,74.0,9.35
86.32,53.8,81.0,9.35
87.98,62.0,83.0,9.35
88.46,62.5,82.0,9.03
89.64,62.5,74.0,9.35
91.89,57.8,75.0,9.03
91.4,57.0,72.0,9.03
92.28,58.4,77.0,9.03
91.59,58.7,82.0,9.35
91.98,59.8,75.0,9.03
93.16,58.4,73.0,9.03
93.35,58.9,72.0,9.03
92.86,58.5,81.0,8.71
93.45,58.9,67.0,9.03
93.84,58.4,68.0,9.03
94.04,59.0,75.0,9.03
93.35,56.7,80.0,9.03
92.18,57.0,80.0,9.03
92.47,57.1,69.0,9.35
90.62,57.4,75.0,9.03
87.78,57.6,73.0,9.35
85.44,56.7,73.0,9.35
80.45,56.5,71.0,9.35
75.27,56.3,77.0,9.35
67.35,56.8,68.0,9.35
56.7,54.6,77.0,9.35
39.2,53.3,70.0,9.35
22.29,54.4,72.0,9.35
5.57,56.5,69.0,9.68
0.98,56.0,72.0,9.68
0.88,57.3,67.0,9.68
0.78,56.2,70.0,9.68
0.78,60.6,75.0,9.68
0.68,62.5,72.0,10.0
0.78,64.5,70.0,10.0
0.78,63.7,72.0,10.0
0.78,65.5,77.0,10.0
0.78,67.4,66.0,10.0
0.88,69.1,70.0,10.32
0.78,70.5,70.0,10.0
0.78,70.7,68.0,9.68
0.78,71.0,72.0,9.35
0.88,71.2,71.0,9.03
0.78,71.3,76.0,9.03
0.88,71.5,69.0,8.06
0.78,71.6,72.0,8.39
0.68,71.6,66.0,8.06
0.78,71.8,65.0,8.06
0.68,72.1,75.0,8.06
0.78,72.1,66.0,7.42
0.78,72.1,61.0,7.74
0.68,72.3,70.0,7.42
0.68,72.6,72.0,7.74
0.59,72.4,70.0,7.74
0.68,72.7,68.0,7.74
0.59,72.9,65.0,7.74
0.59,72.7,66.0,7.42
0.59,72.7,62.0,8.71
0.59,73.0,65.0,7.42
0.68,73.4,64.0,7.74
0.68,73.7,68.0,7.74
0.68,73.4,61.0,7.74
0.98,73.8,62.0,7.74
1.08,73.8,60.0,8.06
0.98,73.7,63.0,7.74
1.17,73.2,68.0,7.74
2.54,73.0,64.0,7.74
9.38,72.4,54.0,7.74
27.47,72.6,63.0,7.74
0.39,72.9,63.0,7.74
0.39,72.7,63.0,7.74
0.49,72.7,50.0,7.74
0.49,72.9,50.0,7.74
0.49,73.0,63.0,7.74
0.39,73.4,55.0,7.74
0.39,73.2,50.0,7.74
0.39,73.4,50.0,7.74
39.78,74.0,56.0,7.74
38.51,74.0,60.0,8.06
40.08,73.8,65.0,8.06
39.39,73.5,64.0,7.74
38.81,72.6,66.0,8.06
40.47,71.9,60.0,7.74
41.06,71.6,60.0,8.06
26.59,71.3,64.0,7.74
65.69,71.6,63.0,7.74
82.31,71.5,70.0,7.74
95.21,70.8,65.0,7.74
94.43,71.0,69.0,7.74
95.5,71.0,65.0,7.74
95.8,70.8,65.0,7.74
97.75,70.8,66.0,7.74
98.04,71.0,63.0,8.71
98.04,69.3,62.0,8.71
93.55,69.4,61.0,8.71
93.06,69.4,57.0,8.71
95.31,68.9,63.0,8.71
71.75,66.7,64.0,8.71
67.25,66.4,69.0,8.71
39.59,67.1,65.0,8.71
11.24,67.2,65.0,8.71
1.96,67.8,65.0,8.71
0.98,67.5,65.0,8.39
0.98,67.4,72.0,8.06
0.98,67.1,62.0,8.39
0.98,67.7,61.0,8.39
0.98,68.0,71.0,8.39
0.88,67.5,62.0,8.39
0.98,67.1,64.0,8.39
0.88,66.1,72.0,8.71
0.98,65.8,62.0,8.71
0.88,65.2,59.0,8.71
0.88,65.5,71.0,9.03
0.98,65.8,67.0,8.71
0.88,65.8,67.0,8.71
0.88,66.4,61.0,8.39
0.78,66.0,58.0,8.39
0.88,66.0,60.0,8.39
0.88,65.5,65.0,8.39
0.88,66.1,59.0,8.39
0.88,66.6,63.0,8.39
0.78,66.9,62.0,8.39
0.78,67.2,59.0,8.71
0.78,67.4,71.0,8.39
0.78,67.5,50.0,8.71
0.78,68.0,55.0,8.71
0.78,67.7,64.0,8.71
0.78,68.5,57.0,8.71
0.78,68.9,56.0,8.71
0.78,68.0,61.0,9.03
0.78,68.5,64.0,8.71
43.3,68.2,62.0,9.03
43.21,68.2,65.0,9.03
41.64,67.8,67.0,9.03
41.64,68.3,65.0,9.03
39.78,68.8,63.0,9.35
44.18,68.6,76.0,9.03
43.3,69.4,63.0,9.03
40.57,69.4,64.0,9.03
44.48,69.9,51.0,9.03
50.73,72.3,64.0,9.03
63.83,72.3,65.0,9.03
67.16,72.4,65.0,9.03
73.31,73.2,60.0,9.03
72.63,73.7,67.0,8.71
84.07,73.5,66.0,8.71
80.64,73.2,68.0,8.71
78.69,73.2,50.0,8.39
86.61,72.6,59.0,8.39
87.68,72.7,69.0,8.06
88.56,72.4,56.0,8.06
90.52,72.4,64.0,7.74
90.52,72.3,64.0,7.74
89.44,73.4,66.0,8.39
92.08,73.4,63.0,8.71
91.01,73.7,60.0,8.71
90.81,72.7,58.0,8.71
90.62,73.7,69.0,8.71
89.44,73.7,63.0,9.03
89.83,73.0,64.0,9.03
88.76,72.3,62.0,9.03
88.86,71.8,66.0,9.03
86.71,71.5,63.0,9.35
89.44,72.1,65.0,9.03
86.71,70.7,62.0,8.71
84.46,70.4,68.0,8.71
87.2,69.7,61.0,8.71
75.27,70.7,66.0,8.71
64.12,71.3,66.0,8.71
62.07,70.2,68.0,8.71
34.31,69.9,64.0,8.71
43.7,69.6,62.0,8.71
42.42,69.6,61.0,8.71
40.57,69.1,63.0,9.03
1.17,69.1,66.0,9.03
1.27,68.9,66.0,9.03
1.27,68.8,62.0,9.03
1.27,68.3,64.0,9.03
1.08,68.5,68.0,9.03
1.08,68.0,64.0,9.35
0.88,68.9,73.0,9.35
0.78,68.9,70.0,9.03
0.78,70.2,62.0,9.35
0.68,70.7,86.0,9.35
0.78,71.2,100.0,9.35
0.78,71.3,69.0,9.35
0.78,71.8,62.0,9.35
0.78,71.9,64.0,9.68
0.68,73.4,68.0,10.0
0.78,73.4,88.0,10.0
0.78,72.9,63.0,9.68
0.78,72.1,79.0,9.35
0.78,70.5,64.0,9.68
0.88,69.9,67.0,9.68
0.78,70.5,64.0,9.68
0.78,69.9,72.0,9.68
0.78,69.3,69.0,9.68
0.78,69.4,66.0,9.68
0.78,69.9,63.0,9.68
0.78,69.4,73.0,9.68
0.78,70.1,57.0,10.0
38.81,69.4,53.0,10.0
42.42,71.2,62.0,10.32
41.06,73.2,58.0,10.32
41.84,74.6,65.0,10.32
38.51,74.9,64.0,10.32
39.69,74.8,62.0,10.65
40.47,74.8,59.0,10.65
42.33,75.3,63.0,10.32
41.54,75.4,52.0,10.65
43.4,75.7,50.0,10.65
49.95,75.4,50.0,10.65
55.13,75.1,54.0,10.65
77.22,74.8,50.0,10.32
84.56,74.9,53.0,10.65
88.07,75.7,62.0,10.65
88.37,75.9,50.0,10.32
86.71,75.9,55.0,10.32
87.1,75.7,50.0,10.32
86.71,75.9,50.0,10.0
89.05,76.5,50.0,10.0
87.59,76.2,62.0,10.32
89.34,76.8,50.0,10.0
89.93,76.5,50.0,10.32
89.54,76.5,50.0,10.0
87.98,76.7,63.0,10.0
89.34,76.2,52.0,9.68
90.62,75.4,50.0,9.68
90.22,75.1,63.0,10.0
91.5,75.4,53.0,10.0
85.92,76.2,60.0,10.32
87.2,75.4,61.0,10.0
87.68,75.7,56.0,10.32
86.22,75.4,60.0,10.32
90.22,75.4,60.0,10.0
82.21,75.7,53.0,10.0
81.72,75.9,59.0,9.68
84.85,76.2,51.0,10.0
83.87,75.6,51.0,10.0
83.19,75.7,60.0,10.0
67.35,75.1,64.0,9.68
51.22,74.9,61.0,9.35
42.62,75.6,64.0,9.35
40.47,75.7,61.0,9.35
0.88,75.3,61.0,9.35
0.59,75.9,60.0,9.35
0.78,75.9,62.0,9.35
0.88,75.6,62.0,9.35
0.78,75.3,65.0,9.35
0.98,75.7,56.0,9.35
0.78,75.9,55.0,9.35
0.88,75.9,63.0,9.35
0.59,75.9,63.0,9.03
0.68,75.7,55.0,9.03
0.68,74.8,61.0,9.03
0.68,74.8,58.0,9.35
0.68,74.3,66.0,9.03
0.68,74.9,50.0,9.03
0.49,76.4,57.0,9.03
0.59,76.2,61.0,9.03
0.59,75.7,56.0,9.35
0.59,75.4,57.0,9.68
0.59,75.6,66.0,9.03
0.49,76.2,52.0,9.35
0.49,76.4,61.0,9.68
0.49,76.4,62.0,9.35
0.49,77.0,58.0,9.03
0.39,76.5,60.0,9.68
0.39,75.9,68.0,9.68
0.39,76.0,61.0,10.0
0.49,76.2,62.0,9.68
0.49,75.7,65.0,10.0
38.51,76.0,59.0,10.0
36.17,75.7,57.0,10.0
37.34,76.0,62.0,10.0
37.34,76.0,65.0,10.0
36.95,76.0,64.0,10.0
37.15,76.2,58.0,10.0
36.17,76.0,57.0,10.32
36.17,75.7,62.0,10.0
36.76,75.9,64.0,10.0
39.69,76.0,64.0,9.68
46.72,76.2,66.0,9.68
64.81,76.5,64.0,9.68
62.07,76.7,61.0,9.68
74.19,76.5,65.0,9.68
78.3,76.4,51.0,10.0
84.46,76.5,61.0,9.35
87.59,76.4,51.0,9.35
80.94,76.5,63.0,9.68
80.55,76.0,50.0,9.68
85.63,75.9,67.0,9.68
88.86,75.9,55.0,9.68
83.09,76.5,58.0,9.68
85.92,76.2,56.0,9.35
89.15,76.0,61.0,9.68
91.4,76.2,58.0,9.68
91.3,76.4,50.0,9.68
89.93,76.5,63.0,9.68
91.1,76.0,60.0,9.68
90.62,75.7,55.0,9.35
88.27,76.2,58.0,9.35
85.04,76.0,59.0,9.35
88.76,75.9,59.0,9.35
78.5,75.7,58.0,9.03
86.71,75.9,59.0,9.03
86.8,75.9,64.0,9.03
78.2,75.6,62.0,8.71
69.31,75.6,64.0,8.71
49.85,75.3,66.0,8.71
38.22,74.9,68.0,8.39
47.7,74.8,66.0,8.39
43.89,74.8,65.0,8.39
39.59,74.8,68.0,8.71
41.25,74.9,66.0,8.71
0.68,74.5,67.0,8.71
0.68,74.0,69.0,8.71
0.68,73.5,62.0,8.71
0.68,73.8,67.0,8.71
0.68,73.7,63.0,8.71
0.59,74.8,64.0,8.71
0.68,74.3,57.0,8.71
0.68,74.2,61.0,8.39
0.59,74.0,58.0,8.39
0.68,70.1,56.0,8.39
0.59,70.7,65.0,8.39
0.59,71.3,52.0,9.03
0.59,68.5,57.0,9.35
0.49,68.0,64.0,9.03
0.49,68.5,66.0,11.94
0.59,68.3,64.0,13.55
0.49,68.2,61.0,15.16
0.49,68.2,67.0,11.94
0.59,67.5,54.0,14.19
0.68,68.3,53.0,11.94
0.59,67.8,64.0,12.26
0.68,68.0,50.0,14.52
0.59,67.8,70.0,10.65
0.88,67.7,57.0,10.32
0.68,68.3,56.0,13.87
0.68,67.7,72.0,14.84
0.78,67.1,51.0,14.84
0.78,67.4,61.0,14.84
38.02,67.4,53.0,13.55
37.44,67.5,50.0,11.29
39.0,70.7,72.0,10.65
36.56,70.4,57.0,10.65
36.95,71.6,68.0,10.97
35.88,73.0,67.0,11.29
35.09,73.4,71.0,10.97
37.73,74.3,64.0,10.65
35.09,74.8,65.0,10.32
39.98,75.4,55.0,10.32
68.04,75.4,66.0,10.0
87.78,75.6,69.0,9.68
91.5,75.6,57.0,9.35
91.3,75.9,66.0,9.03
95.5,76.0,50.0,9.03
95.89,76.2,72.0,9.03
96.28,76.2,66.0,8.71
94.04,76.0,62.0,9.03
96.28,76.0,76.0,8.71
95.6,76.4,72.0,9.03
95.11,76.4,71.0,9.03
96.58,75.6,76.0,9.03
95.31,72.3,64.0,9.35
94.04,71.0,61.0,9.68
97.46,68.3,67.0,9.68
96.58,63.9,74.0,9.68
95.99,68.3,62.0,9.68
95.89,66.9,56.0,9.68
95.8,68.5,65.0,9.68
95.7,69.4,64.0,9.35
95.6,68.5,67.0,9.35
95.6,65.6,61.0,9.35
95.5,64.5,66.0,9.35
94.92,63.7,64.0,9.03
92.86,61.1,61.0,9.03
93.65,58.2,61.0,9.03
92.47,56.5,61.0,9.03
90.32,57.9,59.0,8.71
87.39,60.4,53.0,8.71
80.64,61.4,60.0,8.71
61.49,60.8,54.0,8.39
42.23,60.6,69.0,8.39
41.64,60.3,52.0,8.39
0.98,58.5,60.0,8.39
0.88,58.9,59.0,8.06
1.08,59.3,53.0,8.06
0.88,61.5,53.0,8.06
0.98,61.5,52.0,8.39
1.08,63.1,53.0,8.06
0.98,63.1,54.0,7.42
1.08,65.2,50.0,7.42
1.17,66.0,52.0,7.42
1.17,65.6,55.0,7.42
1.08,66.3,58.0,7.1
1.08,66.6,51.0,7.1
1.17,68.6,53.0,7.1
1.08,69.3,62.0,7.1
1.08,69.6,62.0,7.1
0.98,69.9,55.0,7.1
0.78,70.2,63.0,7.1
0.88,70.1,63.0,7.42
0.78,69.4,66.0,7.42
0.88,68.6,63.0,7.42
0.78,68.8,57.0,7.42
0.88,68.8,56.0,7.1
0.88,68.6,50.0,7.42
0.88,68.5,50.0,7.42
0.98,69.1,50.0,7.1
0.88,68.9,57.0,7.42
1.08,67.7,50.0,7.42
1.08,67.1,50.0,5.81
1.17,67.1,50.0,7.1
38.61,67.4,50.0,7.1
41.15,66.6,61.0,6.77
38.81,66.7,63.0,6.77
41.25,66.7,61.0,6.77
38.81,66.4,50.0,6.77
37.93,66.4,50.0,6.77
39.2,66.0,66.0,6.77
38.12,65.2,61.0,6.77
36.95,65.3,68.0,6.77
41.06,65.0,70.0,6.77
47.31,65.8,65.0,6.45
51.71,66.3,50.0,6.45
64.32,64.9,50.0,6.45
69.21,65.2,61.0,6.45
76.54,65.6,59.0,6.45
81.43,69.3,69.0,6.45
85.24,69.6,71.0,6.45
89.15,69.9,67.0,6.45
85.34,71.0,50.0,6.45
88.27,71.6,71.0,6.45
87.39,72.6,73.0,6.45
88.27,72.9,64.0,6.45
90.91,73.4,72.0,6.45
88.76,73.4,85.0,6.45
91.89,72.9,50.0,6.45
92.57,73.2,63.0,6.77
82.01,74.0,68.0,6.77
89.34,73.7,68.0,6.77
90.62,73.4,66.0,6.77
86.51,72.9,60.0,7.42
86.12,72.9,61.0,7.42
84.85,72.7,64.0,7.74
87.49,71.5,72.0,7.74
82.4,71.5,61.0,7.74
84.36,71.6,63.0,8.06
82.21,71.9,61.0,7.74
71.75,71.2,72.0,7.42
74.98,71.6,79.0,7.74
58.46,72.4,66.0,7.42
37.73,71.8,67.0,7.42
36.85,71.9,60.0,7.74
36.17,72.3,73.0,7.42
37.54,71.9,76.0,7.42
1.08,72.1,75.0,7.1
1.08,71.8,76.0,7.42
1.08,72.3,79.0,7.42
1.17,71.9,77.0,7.1
1.17,72.3,66.0,7.1
1.08,72.3,72.0,6.77
1.17,72.3,70.0,6.77
1.17,72.1,64.0,6.77
1.17,71.9,64.0,6.45
1.17,72.6,66.0,6.45
1.08,73.2,66.0,6.45
1.08,73.4,73.0,6.45
1.08,73.7,72.0,6.45
0.98,73.7,70.0,6.13
0.98,74.2,61.0,5.81
0.88,74.6,66.0,5.81
0.88,74.6,73.0,5.48
0.78,74.9,68.0,5.16
0.78,75.1,56.0,4.84
0.78,75.1,70.0,4.52
0.88,75.1,58.0,4.19
0.78,75.3,66.0,4.52
0.88,75.3,67.0,4.52
0.78,75.4,72.0,4.52
0.78,74.6,55.0,4.84
0.78,73.4,67.0,4.84
0.78,71.0,61.0,4.84
0.78,69.1,64.0,4.84
0.78,68.9,64.0,4.84
0.78,67.8,71.0,4.84
0.78,70.1,53.0,4.84
0.88,70.1,62.0,4.84
1.27,69.4,63.0,4.84
1.17,69.3,70.0,4.52
1.27,69.1,53.0,4.52
1.37,66.7,61.0,4.52
1.66,65.6,64.0,4.52
5.77,64.5,64.0,4.52
19.75,64.2,79.0,4.52
40.76,65.2,70.0,4.52
55.52,65.3,73.0,4.84
64.52,63.7,65.0,4.84
74.19,65.3,53.0,4.84
81.33,64.9,67.0,5.16
81.92,65.0,60.0,5.48
80.25,64.7,50.0,5.48
84.65,64.4,70.0,5.16
86.32,65.5,71.0,5.48
87.2,64.5,68.0,5.48
89.83,63.0,50.0,5.81
86.71,63.0,56.0,6.13
89.05,63.9,50.0,6.45
90.42,67.4,60.0,6.45
92.08,68.8,74.0,7.1
91.4,68.8,57.0,7.1
92.08,69.9,65.0,6.77
90.91,69.7,50.0,7.1
90.52,69.3,72.0,7.1
86.9,68.9,50.0,6.77
80.84,70.5,51.0,6.45
81.33,71.0,56.0,7.1
83.68,70.5,59.0,7.1
81.13,71.0,63.0,7.1
71.55,69.3,67.0,6.77
70.09,69.9,65.0,6.45
70.77,69.6,58.0,6.45
54.54,69.1,64.0,6.45
27.76,69.4,69.0,6.77
9.48,69.9,69.0,6.45
2.05,70.4,60.0,6.13
1.08,70.5,75.0,5.81
1.17,71.0,71.0,5.81
1.08,71.9,73.0,6.13
1.17,71.9,60.0,5.81
1.17,72.3,63.0,5.81
1.08,72.7,72.0,5.48
1.08,72.6,61.0,5.81
1.08,72.9,67.0,5.81
1.08,73.2,59.0,5.81
0.98,73.0,61.0,5.48
0.98,73.4,75.0,5.81
0.98,73.7,61.0,5.48
0.98,74.0,61.0,5.48
0.78,73.8,70.0,5.48
0.78,73.8,65.0,5.48
0.88,74.2,62.0,5.48
0.78,74.2,62.0,5.48
0.88,74.8,65.0,5.48
0.88,74.6,57.0,5.81
0.78,75.3,64.0,5.81
0.78,75.1,67.0,5.81
0.78,72.7,63.0,5.81
0.78,71.9,65.0,5.81
0.78,73.0,65.0,6.13
0.88,71.9,63.0,6.13
0.78,71.9,68.0,6.13
0.78,71.9,68.0,6.13
0.78,73.2,61.0,6.45
0.78,72.7,72.0,6.45
0.78,70.8,58.0,6.45
0.88,70.2,62.0,6.45
0.88,71.2,66.0,6.45
0.88,72.4,72.0,6.45
1.08,72.3,74.0,6.77
1.17,70.2,70.0,6.45
1.27,69.9,74.0,6.77
1.47,69.9,75.0,6.77
1.47,71.5,65.0,6.77
4.01,72.6,73.0,6.77
15.25,73.0,63.0,7.1
40.37,72.3,64.0,6.77
61.0,70.8,66.0,7.1
73.61,71.0,64.0,7.1
73.9,71.2,57.0,7.1
77.42,70.5,69.0,7.1
83.19,69.4,75.0,7.1
88.46,68.8,75.0,7.1
87.78,69.1,66.0,7.1
87.2,69.6,73.0,7.42
89.44,69.1,61.0,7.74
87.29,69.7,72.0,7.74
89.15,69.9,57.0,7.42
90.81,69.4,66.0,6.45
91.01,69.6,74.0,6.45
90.13,67.2,68.0,6.13
90.81,67.7,74.0,6.45
90.13,67.1,61.0,6.45
89.93,66.6,70.0,6.45
90.32,67.8,64.0,6.45
88.37,66.0,60.0,6.13
90.42,65.5,65.0,6.13
92.57,65.3,62.0,6.13
89.74,64.7,58.0,6.13
85.44,64.5,56.0,5.81
85.14,63.4,61.0,5.48
85.24,64.4,61.0,5.16
80.55,63.3,62.0,5.48
70.77,64.5,65.0,5.16
58.36,64.4,61.0,5.48
44.58,64.9,63.0,5.48
7.92,65.5,62.0,5.48
1.17,65.0,59.0,5.48
0.78,65.5,60.0,5.81
0.68,66.4,63.0,6.13
0.78,66.3,54.0,6.45
0.78,64.2,60.0,6.77
0.59,64.4,63.0,6.45
0.68,63.7,60.0,6.77
0.59,65.2,59.0,6.77
0.68,64.5,65.0,6.13
0.59,64.7,60.0,6.13
0.68,65.3,65.0,6.13
0.59,65.8,62.0,6.45
0.59,66.3,57.0,6.77
0.59,66.9,62.0,6.45
0.59,66.7,65.0,6.45
0.59,64.7,59.0,8.39
0.49,66.0,56.0,7.74
0.49,64.2,57.0,7.1
0.49,61.2,58.0,7.1
0.39,61.2,58.0,8.06
0.39,62.2,58.0,8.39
0.39,63.0,60.0,7.1
0.39,62.3,66.0,7.42
0.39,62.8,63.0,7.42
0.39,63.6,64.0,7.74
0.88,64.5,62.0,10.65
0.49,64.7,57.0,8.39
0.49,64.5,62.0,8.39
0.59,65.0,60.0,8.39
0.59,65.0,60.0,10.0
37.63,63.7,65.0,9.03
40.27,66.7,50.0,8.39
39.49,68.6,51.0,8.39
40.37,67.7,50.0,8.06
38.61,67.5,50.0,8.06
40.47,67.2,50.0,7.74
41.45,66.6,50.0,7.74
41.06,66.1,50.0,7.42
38.81,68.3,50.0,7.1
45.65,70.2,50.0,7.1
55.72,70.8,50.0,7.1
70.58,72.3,50.0,7.1
84.16,69.3,50.0,6.77
91.69,71.8,50.0,6.77
91.3,71.6,54.0,7.1
88.76,71.5,54.0,6.77
90.22,71.9,53.0,6.77
92.47,72.1,50.0,6.77
93.16,71.3,59.0,6.77
90.42,69.9,50.0,6.77
87.98,70.4,55.0,6.77
78.89,70.7,57.0,6.77
92.86,71.0,51.0,6.77
97.65,70.8,57.0,6.45
92.38,68.0,62.0,6.77
94.72,69.9,60.0,6.77
93.65,69.6,63.0,6.13
95.02,68.0,61.0,5.81
94.23,66.7,60.0,5.81
95.31,68.6,57.0,5.81
92.77,67.8,59.0,5.81
92.57,68.0,60.0,5.48
91.98,67.7,60.0,5.48
90.22,65.5,58.0,5.16
89.83,65.8,60.0,5.16
88.37,65.3,62.0,5.16
82.89,65.3,58.0,4.84
74.29,62.5,62.0,4.84
57.28,63.3,61.0,4.84
52.88,63.4,62.0,5.16
41.45,61.1,59.0,4.84
40.96,61.7,57.0,4.84
39.78,61.9,61.0,4.52
1.08,61.2,62.0,4.84
2.74,60.9,63.0,4.84
1.17,60.8,71.0,4.84
1.47,61.9,68.0,5.16
1.17,62.2,65.0,5.48
1.17,60.8,67.0,5.16
1.08,61.2,62.0,4.84
1.27,62.3,58.0,4.52
1.27,63.1,67.0,4.19
1.08,63.6,61.0,4.19
0.88,64.1,60.0,3.87
0.78,64.4,61.0,3.55
0.78,64.5,56.0,3.87
0.78,64.5,60.0,7.1
0.78,64.1,69.0,5.48
0.78,63.6,65.0,7.1
0.78,63.0,53.0,7.1
0.78,63.7,57.0,6.13
0.78,63.9,54.0,8.06
0.68,63.7,50.0,8.39
0.68,63.4,50.0,16.77
0.68,64.2,50.0,14.52
0.68,65.3,51.0,20.32
0.68,65.8,50.0,11.29
0.78,66.3,50.0,10.97
0.68,66.6,65.0,10.97
0.68,66.7,50.0,10.97
0.68,66.3,57.0,8.06
34.41,66.9,51.0,8.06
40.66,67.4,56.0,8.39
39.59,67.8,50.0,9.35
39.39,68.8,50.0,10.32
42.42,69.6,50.0,9.35
41.06,70.2,55.0,9.35
39.88,69.9,50.0,9.35
41.54,69.7,51.0,8.39
41.35,69.3,54.0,8.06
42.13,70.1,60.0,7.74
51.81,70.8,50.0,7.74
78.59,70.7,57.0,7.42
87.98,70.8,63.0,7.42
96.09,70.7,58.0,7.42
92.67,70.4,60.0,7.1
95.89,70.4,50.0,7.1
94.04,71.0,50.0,6.77
93.45,70.5,55.0,6.45
95.5,71.5,60.0,6.13
96.38,71.2,53.0,5.81
97.95,71.0,52.0,5.48
97.07,71.3,55.0,5.48
97.65,70.4,61.0,5.48
95.6,64.2,52.0,5.81
95.8,65.0,50.0,5.81
95.99,65.0,60.0,5.81
95.31,64.1,58.0,5.81
90.32,66.0,63.0,5.81
91.69,62.0,64.0,5.81
92.96,62.3,65.0,5.81
94.33,51.9,65.0,5.81
94.33,49.6,65.0,5.81
93.06,46.1,63.0,6.13
93.35,54.6,62.0,5.81
90.42,54.8,62.0,5.81
80.94,56.7,63.0,5.81
79.67,57.8,60.0,6.13
78.5,63.9,59.0,5.81
70.87,63.0,57.0,5.16
54.94,63.3,59.0,5.48
32.16,61.7,61.0,5.48
41.06,59.8,56.0,5.48
41.64,61.9,54.0,5.48
39.2,61.9,57.0,5.16
0.98,60.9,57.0,5.48
0.98,63.0,50.0,5.48
0.98,64.4,61.0,5.48
0.98,63.7,61.0,5.48
1.08,65.2,58.0,5.16
0.98,65.3,56.0,4.84
0.88,65.0,54.0,5.48
0.88,64.7,55.0,6.13
0.98,64.9,65.0,5.81
0.88,64.5,53.0,5.16
0.98,65.6,61.0,4.52
0.88,65.5,54.0,4.52
0.88,66.6,50.0,4.52
0.88,67.1,50.0,4.19
0.88,66.6,51.0,4.52
0.88,66.1,51.0,5.16
0.88,66.3,51.0,5.16
0.88,65.5,50.0,5.48
0.88,65.0,50.0,5.48
0.88,65.0,50.0,5.81
0.78,65.3,50.0,6.13
0.88,65.0,53.0,6.77
0.88,64.4,55.0,7.1
0.88,65.2,50.0,7.42
0.88,64.5,55.0,7.42
0.88,65.2,55.0,7.42
0.88,65.0,57.0,8.71
0.88,64.7,55.0,8.39
41.54,64.5,54.0,7.74
39.59,65.2,53.0,7.42
40.86,64.2,54.0,7.42
42.42,66.0,53.0,7.74
40.47,67.2,52.0,7.42
40.86,67.5,53.0,7.74
35.78,67.7,51.0,7.74
40.37,67.4,51.0,7.74
42.62,66.9,51.0,7.74
46.63,67.4,50.0,7.42
56.7,67.7,51.0,7.42
73.22,67.4,50.0,7.42
81.72,67.7,50.0,7.42
87.49,68.6,51.0,7.42
91.69,68.2,50.0,7.42
92.57,68.5,53.0,7.1
92.38,68.0,50.0,7.42
93.06,66.6,53.0,6.77
94.43,65.3,54.0,6.77
93.26,66.7,54.0,6.77
93.55,68.2,53.0,6.77
94.33,68.8,54.0,6.77
95.02,68.9,54.0,7.1
94.14,70.7,58.0,7.1
92.38,71.0,55.0,7.1
92.47,68.8,59.0,7.42
96.77,68.2,61.0,7.42
94.14,67.2,58.0,7.42
90.81,67.1,57.0,7.1
90.13,65.6,58.0,7.1
89.44,65.3,61.0,7.74
87.49,63.4,62.0,7.74
86.41,62.6,62.0,8.06
84.56,61.4,62.0,8.06
84.26,61.2,62.0,8.06
83.09,62.3,60.0,8.06
83.48,58.4,65.0,8.06
79.47,58.7,61.0,8.39
69.4,60.4,61.0,8.06
45.06,62.2,62.0,8.39
41.15,63.6,66.0,8.39
40.27,64.2,66.0,8.71
41.54,64.5,77.0,8.71
0.98,65.6,57.0,9.03
0.88,66.1,54.0,9.35
0.98,66.3,61.0,9.35
1.08,65.6,60.0,9.68
1.08,65.5,67.0,9.68
1.08,65.5,65.0,10.0
0.98,65.5,60.0,10.0
0.98,65.8,61.0,10.0
0.98,65.5,59.0,10.0
0.98,66.7,57.0,10.0
0.98,67.7,66.0,10.32
0.98,67.1,55.0,10.0
1.08,69.1,54.0,10.0
0.98,70.5,56.0,12.26
0.98,71.5,60.0,14.19
0.88,71.3,56.0,15.48
0.98,71.5,53.0,18.06
0.98,70.4,56.0,17.1
0.98,69.6,58.0,16.45
0.88,69.9,62.0,16.77
0.88,69.6,56.0,14.19
0.88,69.7,52.0,16.13
0.88,70.2,59.0,16.13
0.88,72.4,58.0,16.77
0.78,73.0,56.0,14.84
0.88,72.9,50.0,16.13
0.98,72.7,50.0,16.45
0.98,72.6,52.0,13.87
36.27,73.0,60.0,12.9
40.66,72.9,53.0,15.48
38.61,73.2,58.0,13.87
40.18,73.4,50.0,16.45
38.12,73.4,56.0,12.9
37.73,73.8,60.0,12.58
38.9,74.6,51.0,12.58
38.9,74.9,54.0,12.9
38.02,74.6,66.0,12.58
40.18,74.6,63.0,12.26
45.16,74.8,50.0,11.94
76.25,74.9,50.0,11.94
92.77,75.4,50.0,11.94
96.58,75.3,50.0,11.94
97.36,75.1,50.0,11.61
97.75,75.4,60.0,11.61
98.04,75.4,50.0,11.61
98.04,75.1,50.0,11.61
98.04,74.9,57.0,11.94
98.14,75.6,50.0,11.94
97.46,75.1,50.0,11.94
98.04,74.8,51.0,11.94
97.85,74.9,50.0,11.94
97.95,68.2,61.0,11.94
97.65,60.1,50.0,11.94
97.95,55.4,51.0,11.94
96.28,51.8,54.0,11.94
95.41,51.8,60.0,11.94
93.45,52.6,54.0,11.94
95.21,52.7,54.0,11.61
94.72,56.3,57.0,11.61
96.48,55.2,57.0,11.61
93.65,52.6,57.0,11.61
89.54,51.3,53.0,11.61
91.2,53.2,52.0,11.29
91.4,51.8,58.0,11.29
90.13,50.8,53.0,11.29
80.06,56.2,54.0,11.61
74.1,58.9,62.0,11.61
55.42,54.6,56.0,11.61
42.62,58.2,50.0,11.94
39.78,51.0,60.0,10.97
40.27,55.9,57.0,11.29
0.88,54.9,61.0,10.97
0.78,54.9,61.0,11.29
0.88,55.2,66.0,11.29
0.88,57.8,73.0,11.94
0.78,59.6,55.0,10.97
0.68,62.2,57.0,10.65
0.68,62.5,62.0,10.65
0.78,64.1,52.0,10.97
0.68,63.9,54.0,10.97
0.59,65.3,66.0,11.29
0.59,66.1,62.0,10.97
0.59,67.2,59.0,10.32
0.59,67.2,62.0,10.32
0.49,67.1,50.0,10.0
0.49,66.9,50.0,9.68
0.49,66.4,57.0,12.9
0.49,65.8,62.0,14.52
0.49,66.4,61.0,15.16
0.68,66.3,50.0,15.81
0.68,65.2,58.0,16.45
0.59,63.4,52.0,15.16
0.49,63.3,70.0,15.81
0.68,64.2,56.0,16.45
0.59,63.1,61.0,16.45
0.59,63.6,64.0,15.48
0.59,64.4,64.0,12.9
0.68,64.9,65.0,16.45
0.68,65.0,70.0,14.52
0.59,65.0,58.0,11.61
40.47,65.6,68.0,15.81
39.39,67.1,60.0,14.52
40.27,67.5,62.0,15.48
42.33,66.9,70.0,14.84
37.34,67.2,63.0,10.97
35.78,66.7,51.0,11.29
37.54,66.7,62.0,11.61
35.97,69.1,69.0,10.65
39.49,69.6,64.0,10.65
40.86,71.9,60.0,10.0
28.54,71.6,50.0,10.65
66.67,71.2,61.0,10.32
79.67,70.2,71.0,10.0
94.72,72.6,66.0,10.32
97.36,74.2,64.0,10.65
97.75,74.9,77.0,10.97
97.85,75.6,72.0,10.97
98.04,75.1,53.0,11.29
98.14,74.2,50.0,12.58
97.07,74.6,63.0,12.58
98.04,71.8,72.0,12.58
97.95,70.1,50.0,12.58
97.07,70.4,50.0,12.26
96.77,70.2,61.0,11.94
95.31,62.2,76.0,11.61
97.85,57.3,58.0,11.61
97.75,51.8,59.0,11.29
93.65,48.6,57.0,11.29
97.65,46.6,56.0,11.29
97.07,44.2,61.0,10.97
96.77,41.4,59.0,10.97
95.99,40.9,66.0,10.65
92.38,42.0,59.0,10.32
91.89,44.4,73.0,10.32
91.59,46.6,62.0,10.0
92.57,41.4,61.0,10.0
90.62,43.9,56.0,10.32
88.66,49.9,62.0,10.32
94.23,43.3,57.0,10.32
88.46,45.3,64.0,10.32
87.68,45.3,66.0,10.0
91.89,43.4,66.0,10.0
91.1,48.9,65.0,10.0
91.5,47.3,61.0,10.0
89.34,48.5,65.0,10.32
93.26,50.8,50.0,10.32
94.43,49.7,65.0,10.32
94.33,72.6,64.0,10.32
92.96,71.6,72.0,10.65
92.86,71.5,66.0,10.65
93.06,71.5,61.0,10.65
90.42,73.8,60.0,10.65
89.44,72.6,73.0,10.65
90.13,70.5,59.0,10.65
84.65,70.8,62.0,10.65
82.89,70.1,72.0,10.65
72.53,66.4,63.0,10.65
59.34,66.4,50.0,10.65
26.88,63.9,58.0,10.65
38.12,63.9,58.0,10.97
38.32,60.1,59.0,10.97
38.42,60.6,62.0,11.29
38.9,60.4,58.0,11.29
40.27,61.5,69.0,10.97
40.57,61.9,64.0,10.97
0.88,63.4,53.0,10.97
0.78,63.6,50.0,10.97
0.98,64.1,57.0,10.97
0.98,65.3,53.0,10.65
0.88,66.9,58.0,10.32
0.88,68.2,59.0,9.68
0.68,68.6,50.0,9.35
0.68,70.5,66.0,9.03
0.78,71.0,50.0,9.03
0.68,71.3,50.0,9.03
0.68,70.8,50.0,8.39
0.68,71.5,50.0,8.71
0.59,71.0,50.0,8.39
0.59,71.5,50.0,8.39
0.49,72.4,55.0,8.71
0.49,73.5,60.0,9.35
0.39,72.9,50.0,10.0
0.39,71.9,50.0,10.32
0.49,71.5,50.0,11.94
0.49,70.2,50.0,12.9
0.49,69.7,50.0,13.55
0.49,69.3,50.0,14.52
0.49,69.7,50.0,12.9
0.39,69.4,50.0,11.29
0.49,69.6,50.0,11.29
0.49,68.6,50.0,14.52
0.29,68.3,60.0,11.29
0.29,68.5,50.0,11.29
0.39,68.6,53.0,12.9
40.57,68.9,50.0,11.61
37.54,69.6,68.0,10.0
38.61,69.7,58.0,10.65
39.98,70.2,50.0,9.35
42.23,69.7,51.0,7.42
40.27,69.3,57.0,7.1
39.49,68.9,69.0,6.77
45.55,68.8,50.0,6.77
38.71,68.2,50.0,6.77
65.3,67.2,50.0,6.77
79.47,66.6,50.0,6.77
84.16,66.0,50.0,6.77
88.46,67.1,50.0,6.77
89.93,68.5,64.0,6.13
93.35,71.2,60.0,6.45
96.97,72.1,56.0,6.45
96.97,69.1,59.0,6.13
97.26,67.5,58.0,6.13
96.48,67.8,50.0,6.45
97.85,67.1,50.0,6.13
95.7,66.3,50.0,6.13
94.23,64.5,50.0,6.13
97.75,64.7,50.0,6.13
95.21,63.9,50.0,6.45
96.77,58.2,50.0,6.77
95.21,57.3,50.0,6.77
95.11,54.9,61.0,6.77
95.5,50.2,83.0,6.77
92.28,45.1,66.0,6.77
93.74,44.4,53.0,6.77
92.18,40.9,60.0,6.77
89.74,39.8,64.0,6.45
83.38,43.4,58.0,6.45
69.4,44.7,56.0,6.13
33.04,39.8,67.0,5.48
38.9,46.1,55.0,5.81
40.76,45.1,84.0,5.16
40.86,42.9,79.0,4.84
38.22,42.9,63.0,4.52
39.2,54.8,70.0,4.52
39.39,50.7,70.0,4.19
0.49,51.6,74.0,3.87
0.68,56.5,72.0,3.87
0.59,58.1,60.0,3.87
0.49,57.8,66.0,3.87
0.49,57.3,66.0,3.55
0.59,57.3,60.0,3.87
0.49,57.4,66.0,3.87
0.49,56.3,67.0,3.23
0.39,57.1,73.0,2.9
0.39,59.0,62.0,2.9
0.39,59.3,63.0,3.55
0.49,60.1,72.0,4.19
0.49,60.1,62.0,3.87
0.39,60.1,54.0,5.48
0.39,60.1,78.0,9.03
0.49,60.1,65.0,12.26
0.49,60.6,72.0,13.23
0.39,60.8,73.0,6.45
0.39,61.4,70.0,5.48
0.39,60.3,56.0,9.03
0.49,59.3,62.0,7.42
0.49,58.7,79.0,12.26
0.49,58.4,51.0,5.48
0.49,58.7,56.0,5.16
0.39,58.4,51.0,9.68
0.49,59.2,65.0,6.45
0.39,59.5,56.0,8.06
40.18,60.3,64.0,7.42
38.9,60.0,68.0,10.65
36.07,60.6,70.0,5.16
38.32,61.5,50.0,5.48
38.42,61.7,66.0,10.0
36.76,60.1,74.0,5.16
38.32,61.2,63.0,4.52
38.22,60.4,70.0,4.19
41.84,59.3,66.0,3.87
41.25,61.1,58.0,3.55
69.7,61.7,50.0,3.87
80.25,59.2,67.0,3.55
85.53,58.5,70.0,3.23
86.9,58.5,50.0,2.9
90.62,59.5,60.0,2.58
91.3,60.0,62.0,2.26
89.05,60.3,63.0,1.94
90.03,61.5,61.0,1.94
90.91,62.2,61.0,1.61
91.1,63.0,64.0,1.29
92.08,63.0,63.0,1.61
91.69,58.2,60.0,1.61
88.07,60.3,60.0,1.61
89.15,55.2,62.0,1.61
87.68,49.9,64.0,1.61
85.04,42.8,66.0,1.61
83.19,40.3,64.0,1.61
83.48,47.2,53.0,1.61
89.93,51.0,62.0,1.94
89.05,44.7,60.0,1.61
84.07,45.1,54.0,1.61
73.31,38.5,60.0,1.29
76.54,46.1,62.0,1.29
57.18,47.5,60.0,1.61
97.85,39.0,64.0,1.29
97.65,42.9,63.0,0.97
93.65,48.0,56.0,1.29
93.16,48.3,61.0,0.97
95.21,41.4,62.0,0.32
93.35,49.4,59.0,0.32
96.77,49.4,64.0,0.32
96.77,41.2,66.0,-0.65
96.19,48.5,64.0,-0.32
91.2,50.5,66.0,-0.97
92.28,51.1,67.0,-0.65
94.14,50.5,68.0,-0.65
88.66,50.8,66.0,-0.65
87.2,50.5,68.0,-0.97
82.11,51.4,67.0,-0.97
67.94,54.6,66.0,-0.97
38.12,56.5,67.0,-1.29
41.84,57.8,66.0,-1.61
39.98,58.5,80.0,-1.29
39.39,58.2,67.0,-1.29
41.94,56.8,65.0,0.65
39.59,57.6,63.0,4.19
39.78,58.7,63.0,6.77
0.78,58.9,60.0,10.0
0.78,59.0,58.0,9.68
0.78,59.0,63.0,10.97
0.78,58.4,56.0,9.03
0.78,58.7,57.0,11.94
0.88,57.9,57.0,10.32
0.88,58.1,58.0,6.45
0.88,58.9,59.0,4.19
0.88,60.0,63.0,4.52
0.59,59.0,59.0,4.84
0.68,58.9,57.0,5.16
0.59,58.7,54.0,4.84
0.59,59.2,61.0,5.16
0.49,58.1,66.0,5.48
0.49,57.6,57.0,5.16
0.49,58.5,61.0,4.84
0.49,57.6,59.0,4.84
0.49,58.2,55.0,5.48
0.39,59.0,60.0,5.16
0.49,58.4,59.0,4.84
0.49,58.7,61.0,4.52
0.49,61.1,55.0,4.52
0.39,61.2,54.0,4.52
0.49,62.0,61.0,4.19
0.49,61.2,56.0,3.87
0.49,61.5,56.0,4.19
0.49,62.0,60.0,2.9
0.49,61.9,59.0,3.23
0.49,62.2,57.0,3.55
40.08,62.0,56.0,3.87
39.49,63.1,61.0,4.19
39.3,63.9,62.0,4.19
39.69,63.7,60.0,4.19
42.03,63.4,55.0,4.19
41.94,59.0,60.0,4.19
44.67,51.0,60.0,4.52
57.58,45.5,58.0,4.52
79.28,42.5,58.0,4.19
93.45,44.0,54.0,4.19
96.68,38.7,58.0,3.87
97.16,41.7,58.0,3.87
97.75,37.7,55.0,3.87
98.04,38.7,59.0,3.87
98.14,42.6,56.0,4.19
97.95,47.0,58.0,4.19
98.04,48.6,58.0,4.19
97.85,47.5,58.0,3.87
96.19,45.9,57.0,4.19
94.23,45.5,59.0,3.87
94.82,44.7,55.0,3.87
94.14,42.8,58.0,3.87
94.23,41.8,58.0,3.87
93.55,42.1,55.0,4.19
93.45,42.1,56.0,4.19
93.65,41.4,53.0,4.19
92.86,42.8,57.0,4.52
91.3,44.7,55.0,4.52
89.25,45.0,55.0,4.52
93.26,45.3,57.0,4.84
91.1,46.1,56.0,4.84
88.66,47.3,59.0,4.84
85.34,49.7,57.0,5.16
79.08,49.1,58.0,5.16
66.18,54.6,60.0,5.16
40.37,54.8,57.0,5.48
37.63,54.9,60.0,5.48
36.76,54.1,61.0,5.48
36.76,53.7,60.0,5.48
35.97,53.5,59.0,5.48
36.66,54.1,58.0,5.48
38.32,54.8,58.0,5.48
37.05,54.9,57.0,5.48
1.08,55.4,58.0,5.81
1.08,56.2,62.0,5.81
1.08,57.6,61.0,5.81
0.88,59.2,58.0,5.81
0.88,60.8,57.0,5.81
0.88,61.5,58.0,6.13
0.78,63.1,56.0,6.13
0.88,63.9,57.0,6.77
0.78,64.5,50.0,7.42
0.59,64.5,53.0,8.06
0.59,65.2,50.0,8.39
0.59,65.8,50.0,8.06
0.59,66.4,53.0,8.39
0.59,66.9,51.0,8.71
0.59,67.7,50.0,8.06
0.59,67.7,50.0,7.74
0.59,66.4,54.0,7.74
0.59,66.6,50.0,7.74
0.59,66.9,50.0,7.42
0.59,67.8,56.0,11.29
0.49,67.7,51.0,7.74
0.59,68.2,51.0,7.74
0.59,68.6,53.0,6.77
0.49,68.8,54.0,6.45
0.49,68.5,51.0,6.45
0.49,68.3,53.0,6.45
0.59,67.7,54.0,6.13
0.59,67.2,51.0,6.45
37.73,67.8,51.0,6.77
37.83,67.7,51.0,6.77
39.59,67.5,61.0,7.1
37.05,68.0,50.0,7.1
38.9,67.1,50.0,7.1
38.22,67.8,61.0,7.42
38.12,68.9,59.0,7.1
40.47,69.6,57.0,7.42
39.98,69.6,63.0,7.1
63.24,69.3,50.0,7.42
71.55,68.9,50.0,7.42
79.47,68.5,50.0,7.1
83.58,68.9,50.0,7.1
85.14,70.1,56.0,7.1
83.09,70.2,50.0,7.1
81.62,70.2,53.0,7.1
78.98,70.5,53.0,7.1
85.24,68.9,53.0,7.1
88.27,67.1,56.0,6.77
89.54,65.3,60.0,6.77
93.06,63.7,51.0,6.77
92.67,63.9,52.0,6.45
93.06,62.8,53.0,6.45
94.23,63.1,57.0,6.45
93.06,65.2,55.0,6.77
93.26,65.6,50.0,6.77
92.77,65.5,50.0,6.77
87.49,65.8,53.0,6.77
88.56,64.5,50.0,6.77
89.74,63.6,51.0,6.77
89.74,63.0,50.0,6.77
85.63,67.1,50.0,6.45
92.38,67.7,56.0,6.45
84.56,68.0,50.0,6.45
82.01,68.9,55.0,6.45
62.07,69.4,68.0,6.77
31.57,69.9,61.0,6.45
39.39,70.2,66.0,6.13
38.51,69.3,57.0,5.81
37.73,68.5,57.0,5.81
39.0,67.7,62.0,5.81
37.83,68.9,58.0,5.48
39.2,69.1,64.0,6.13
0.98,69.4,64.0,5.81
1.17,69.7,74.0,5.81
1.17,67.5,61.0,5.16
1.17,68.3,66.0,5.48
1.08,68.5,79.0,6.13
1.08,68.3,65.0,5.48
1.08,68.9,78.0,5.16
0.98,70.1,63.0,5.16
1.08,71.0,76.0,4.84
0.88,71.0,74.0,4.52
0.78,71.6,91.0,4.52
0.68,72.3,70.0,4.84
0.68,72.4,76.0,4.52
0.68,72.6,87.0,4.52
0.59,72.4,78.0,4.52
0.78,72.4,87.0,4.52
0.78,71.9,100.0,4.19
0.78,72.1,76.0,3.87
0.78,72.6,81.0,3.55
0.78,72.4,80.0,3.87
0.59,72.1,92.0,3.87
0.68,71.6,87.0,3.55
0.68,70.8,74.0,3.87
0.68,70.5,71.0,4.19
0.68,70.4,70.0,4.52
0.59,69.7,70.0,4.52
0.68,69.6,78.0,4.52
0.68,69.4,81.0,4.52
0.78,69.9,79.0,4.84
0.68,69.4,67.0,4.84
0.78,69.7,68.0,4.84
0.78,69.3,62.0,4.84
0.98,71.0,69.0,4.84
0.98,71.3,74.0,5.16
0.98,71.8,58.0,5.16
1.37,71.2,60.0,4.84
5.08,71.5,64.0,4.84
25.22,71.0,59.0,5.16
51.61,69.6,82.0,5.48
68.23,68.8,76.0,5.48
75.56,68.3,68.0,5.48
73.31,71.3,77.0,5.81
76.74,69.4,68.0,5.81
80.06,69.9,57.0,5.16
86.32,69.7,53.0,5.16
72.92,68.2,58.0,5.48
83.19,68.6,59.0,5.16
83.58,68.8,55.0,5.81
83.68,68.2,59.0,5.81
85.83,69.3,67.0,6.13
84.36,70.2,79.0,6.13
86.22,70.7,57.0,5.81
91.79,70.4,67.0,5.81
89.74,70.2,70.0,6.13
79.47,70.4,64.0,6.45
79.37,70.1,60.0,6.13
73.22,70.7,71.0,6.13
67.55,70.8,73.0,6.13
71.26,70.4,82.0,6.13
76.83,70.2,100.0,5.81
68.43,71.0,92.0,5.48
65.4,70.5,98.0,5.16
69.4,70.2,93.0,4.84
53.28,71.3,95.0,4.84
15.64,72.1,88.0,4.84
2.74,72.3,89.0,4.52
1.08,71.3,100.0,4.52
0.98,72.3,91.0,4.52
1.08,72.6,86.0,4.52
0.98,72.7,100.0,4.84
0.98,72.4,100.0,4.52
0.98,71.5,95.0,4.52
0.98,71.8,100.0,4.52
0.78,71.5,77.0,4.19
0.88,70.8,98.0,4.19
0.78,70.4,100.0,3.87
0.88,70.1,94.0,3.87
0.78,71.8,100.0,3.87
0.78,71.2,91.0,3.55
0.78,72.6,83.0,3.23
0.78,72.7,96.0,3.23
0.59,73.4,69.0,3.55
0.68,73.0,93.0,3.23
0.78,72.4,67.0,3.23
0.59,71.8,63.0,3.23
0.68,71.0,89.0,3.23
0.59,71.8,99.0,3.23
0.49,71.2,66.0,3.23
0.49,72.4,96.0,2.9
0.49,70.8,68.0,2.58
0.59,71.8,98.0,2.26
0.59,71.3,69.0,2.58
0.59,70.4,80.0,2.58
0.59,69.7,90.0,2.26
0.59,69.1,65.0,2.26
0.49,69.9,65.0,2.58
0.49,69.6,67.0,2.26
0.49,71.6,100.0,2.58
0.49,71.0,67.0,2.58
0.49,70.5,69.0,2.9
0.49,70.8,66.0,2.58
0.68,70.5,71.0,2.58
0.68,70.4,78.0,2.26
0.78,69.9,83.0,2.26
0.88,68.9,64.0,2.26
0.88,68.8,66.0,2.26
0.98,67.7,66.0,1.94
2.74,65.6,79.0,1.94
18.48,65.2,67.0,1.61
42.13,65.3,66.0,1.29
58.06,68.2,89.0,1.29
70.77,68.3,81.0,1.29
70.87,66.6,65.0,0.97
71.85,68.0,64.0,1.29
79.76,68.2,83.0,1.29
80.16,68.5,67.0,1.29
80.64,69.3,63.0,1.29
84.85,69.1,87.0,1.61
85.14,67.7,61.0,0.65
85.92,67.4,64.0,0.65
82.89,66.0,62.0,0.65
83.28,65.5,65.0,0.65
86.41,64.4,70.0,0.65
85.73,64.2,71.0,0.65
86.32,64.1,61.0,0.65
88.46,65.0,62.0,0.65
88.46,64.7,63.0,0.32
86.61,64.2,68.0,0.32
83.19,63.0,65.0,0.32
78.4,62.8,66.0,0.32
72.82,64.9,64.0,0.65
71.06,64.1,66.0,0.32
74.98,61.5,64.0,0.32
63.73,62.2,64.0,0.0
33.33,58.1,64.0,0.0
6.35,58.4,65.0,0.0
1.08,57.6,65.0,0.32
0.88,56.7,66.0,0.32
0.78,56.7,64.0,0.65
0.88,56.5,72.0,0.65
0.88,55.7,78.0,0.65
0.88,56.7,67.0,0.97
0.88,57.1,72.0,0.65
0.88,57.4,65.0,0.97
0.88,57.9,66.0,0.97
0.88,59.2,70.0,0.97
0.88,61.9,71.0,1.29
0.88,61.5,66.0,1.29
0.88,61.7,65.0,1.29
0.88,60.9,66.0,0.97
0.98,58.7,66.0,1.29
0.68,57.9,66.0,1.29
0.59,56.8,62.0,1.61
0.68,55.5,71.0,1.29
0.59,54.9,75.0,1.61
0.59,58.2,66.0,1.29
0.68,59.2,71.0,1.29
0.68,57.9,64.0,0.65
0.59,56.8,66.0,0.65
0.68,56.5,63.0,0.65
0.78,55.5,64.0,0.32
0.68,55.2,65.0,0.32
0.78,55.1,65.0,0.0
0.68,54.4,64.0,0.0
0.68,54.1,65.0,-0.65
0.59,54.8,63.0,-0.65
0.59,55.4,66.0,-0.65
0.59,55.2,66.0,-0.32
0.59,53.8,65.0,-0.32
0.49,54.6,65.0,-0.65
31.48,55.2,65.0,-0.65
39.2,55.7,61.0,-0.65
38.9,55.7,64.0,-0.97
37.83,55.7,59.0,-0.97
39.1,55.9,63.0,-0.97
37.83,56.2,66.0,-0.97
37.54,55.9,67.0,-1.29
36.95,55.7,65.0,-1.61
38.61,56.2,65.0,-1.61
41.74,54.8,63.0,-1.94
63.34,52.4,68.0,-1.94
78.01,51.8,67.0,-1.94
81.82,50.8,67.0,-1.61
84.46,50.2,66.0,-1.61
87.88,52.6,66.0,-1.61
89.54,53.0,65.0,-1.61
90.13,53.2,63.0,-1.94
91.2,50.2,63.0,-1.94
92.18,50.0,67.0,-1.94
92.67,50.2,66.0,-1.94
93.45,48.3,63.0,-2.26
93.26,48.3,63.0,-2.26
93.06,48.1,66.0,-2.26
93.74,51.0,69.0,-2.26
94.23,50.3,70.0,-2.58
94.14,51.0,58.0,-2.58
92.96,49.6,66.0,-2.58
91.89,50.3,66.0,-2.9
89.64,48.0,68.0,-2.58
87.68,47.3,71.0,-2.9
89.05,46.7,70.0,-3.23
86.61,52.2,69.0,-2.9
83.38,53.0,69.0,-2.9
77.32,52.2,70.0,-2.9
67.94,49.2,69.0,-2.9
45.85,46.2,70.0,-3.23
40.08,47.8,69.0,-2.9
37.24,46.2,69.0,-3.55
38.71,46.9,67.0,-4.19
37.73,47.5,68.0,-3.87
39.39,48.9,67.0,-3.55
38.9,49.2,67.0,-2.9
37.24,49.7,67.0,2.58
38.61,55.2,64.0,5.48
0.98,54.4,60.0,9.35
0.88,53.3,62.0,9.03
0.88,55.4,58.0,10.97
0.98,56.8,63.0,10.97
0.88,56.0,62.0,6.13
0.78,55.9,63.0,2.26
0.78,56.0,58.0,6.77
0.88,55.2,64.0,1.61
0.78,55.1,65.0,1.94
0.68,54.9,65.0,2.9
0.59,55.5,68.0,-0.65
0.59,55.9,62.0,5.16
0.68,56.8,56.0,8.71
0.59,58.9,58.0,9.03
0.59,58.5,63.0,8.39
0.59,57.8,61.0,5.81
0.59,59.2,57.0,6.77
0.49,60.4,67.0,-0.32
0.59,60.8,64.0,-0.97
0.59,61.1,64.0,-0.97
0.59,60.6,66.0,-1.29
0.59,60.6,66.0,-1.29
0.49,60.0,67.0,-1.61
0.59,60.1,67.0,-1.61
0.59,60.4,66.0,-1.61
0.49,59.6,67.0,-1.29
0.49,60.0,67.0,-1.29
0.49,59.5,68.0,-1.29
39.59,60.0,67.0,-0.97
38.32,59.5,66.0,-0.97
39.69,60.3,65.0,-0.97
37.54,61.1,65.0,-0.65
38.9,61.7,64.0,-0.32
38.51,61.7,66.0,-0.97
39.2,60.9,66.0,-0.97
42.62,52.4,66.0,-1.29
48.19,44.7,66.0,-0.97
72.63,40.1,65.0,-0.97
89.15,37.9,65.0,-0.97
96.58,36.2,65.0,-0.97
97.16,35.1,64.0,-0.97
97.75,35.1,64.0,-0.97
97.85,42.5,66.0,-1.29
98.14,36.9,66.0,-1.61
98.04,46.9,64.0,-0.97
95.99,45.3,63.0,-0.97
96.48,41.2,65.0,-0.97
97.26,50.3,64.0,-0.97
96.77,45.1,65.0,-0.97
94.82,37.3,64.0,-0.97
93.94,36.6,66.0,-1.29
92.77,34.6,65.0,-1.29
97.26,41.5,64.0,-1.61
97.46,38.7,66.0,-1.61
97.16,50.7,66.0,-1.61
95.8,51.9,63.0,-1.61
95.89,52.7,65.0,-1.61
92.47,53.3,66.0,-1.61
85.73,54.6,66.0,-1.29
87.39,54.8,66.0,-1.29
82.21,55.5,68.0,-1.29
76.34,55.4,65.0,-0.97
63.93,55.7,67.0,-0.97
38.61,56.5,68.0,-0.97
38.71,55.5,66.0,-0.65
40.18,52.9,68.0,-0.32
37.44,52.7,67.0,-0.32
37.63,50.8,64.0,-0.32
39.49,48.0,65.0,0.97
39.1,47.3,71.0,1.61
38.71,50.7,92.0,1.61
0.88,51.6,77.0,1.29
0.98,52.2,65.0,1.29
0.98,51.3,65.0,1.61
0.98,50.2,74.0,1.61
1.08,49.1,80.0,1.94
1.08,49.1,73.0,1.61
0.88,48.9,85.0,1.61
0.88,49.1,72.0,1.94
0.78,49.7,63.0,2.58
0.78,48.9,72.0,2.58
0.78,48.8,99.0,2.26
0.68,48.3,76.0,2.9
0.59,50.0,68.0,2.58
0.59,49.7,85.0,3.23
0.78,50.5,68.0,2.58
0.78,51.6,66.0,3.23
0.78,53.8,83.0,3.23
0.68,56.8,83.0,2.9
0.68,57.6,77.0,3.23
0.68,59.8,100.0,2.9
0.78,61.4,77.0,2.9
0.78,62.0,72.0,2.58
0.88,62.0,77.0,2.58
0.98,61.4,85.0,2.58
1.27,61.2,94.0,2.9
1.47,62.2,69.0,2.9
1.66,62.2,68.0,2.58
1.66,63.0,64.0,1.29
37.54,64.9,64.0,1.29
41.54,66.9,68.0,1.29
39.88,66.9,65.0,1.29
43.01,67.7,64.0,0.97
40.57,68.5,64.0,0.97
42.52,68.9,64.0,0.65
36.85,69.6,65.0,0.32
35.19,67.1,64.0,0.32
30.11,68.0,63.0,1.29
32.94,69.1,64.0,0.65
55.72,69.1,64.0,0.97
69.99,69.4,69.0,1.29
76.05,70.2,66.0,1.29
78.5,70.1,70.0,1.29
76.05,69.7,81.0,1.61
73.9,69.9,66.0,1.94
81.82,70.1,81.0,1.29
87.29,70.4,66.0,1.61
84.16,70.2,69.0,1.61
82.7,69.7,84.0,1.61
80.74,70.5,66.0,1.61
81.53,69.9,66.0,1.61
87.1,70.7,71.0,1.94
89.74,68.2,68.0,1.94
91.98,69.3,89.0,1.94
86.02,67.8,87.0,1.94
94.23,70.2,73.0,2.26
86.71,68.5,76.0,2.26
91.01,67.1,73.0,2.26
85.73,67.5,72.0,2.26
79.67,66.9,76.0,2.58
83.28,66.7,82.0,2.58
80.06,67.2,77.0,2.58
74.78,66.6,63.0,1.94
63.44,66.4,68.0,2.26
51.22,66.9,64.0,2.58
39.0,66.9,76.0,2.58
36.36,68.3,78.0,2.58
38.42,68.3,95.0,2.58
37.15,67.2,64.0,1.29
38.02,66.4,90.0,2.26
38.9,66.1,90.0,2.58
36.56,66.4,82.0,2.9
0.98,66.0,81.0,2.9
0.78,66.1,90.0,5.16
0.78,66.0,72.0,5.81
0.78,65.0,76.0,6.13
0.88,66.1,77.0,6.45
0.88,64.7,71.0,6.77
0.78,64.2,76.0,4.84
0.78,64.1,77.0,3.87
0.78,63.9,73.0,3.55
0.49,64.7,70.0,3.55
0.49,64.9,86.0,3.55
0.39,65.0,72.0,6.13
0.39,65.2,75.0,4.52
0.39,65.0,77.0,6.13
0.39,65.8,71.0,7.1
0.39,60.0,91.0,3.87
0.49,59.6,73.0,3.55
0.49,56.5,69.0,2.9
0.49,54.6,63.0,4.19
0.49,55.4,72.0,3.55
0.49,55.2,70.0,3.87
0.59,54.6,79.0,2.26
0.49,52.7,80.0,1.94
0.59,52.1,88.0,1.94
0.49,53.7,72.0,1.94
0.59,53.2,85.0,1.61
0.49,54.4,86.0,1.29
0.59,59.3,63.0,1.29
0.59,57.9,63.0,1.29
37.34,54.3,74.0,1.61
38.32,54.4,63.0,0.97
39.1,52.6,63.0,0.97
36.85,54.0,64.0,0.65
37.63,61.7,79.0,2.26
39.3,55.4,73.0,1.94
37.05,54.0,95.0,1.61
40.57,52.9,62.0,1.61
42.91,52.1,80.0,1.94
72.24,45.6,64.0,1.94
90.13,45.0,61.0,1.61
95.11,43.3,57.0,1.29
96.38,41.4,61.0,1.61
97.56,44.2,63.0,1.61
97.75,47.3,66.0,0.65
97.85,50.8,56.0,1.29
97.95,50.5,63.0,0.97
97.95,49.1,61.0,0.97
97.75,51.1,63.0,0.97
94.72,49.7,62.0,1.29
95.21,50.0,63.0,1.29
95.6,49.7,63.0,1.29
96.58,48.0,61.0,1.61
97.65,50.0,61.0,1.61
95.31,53.0,61.0,1.61
97.46,54.9,66.0,1.29
97.26,54.8,64.0,0.97
94.72,54.3,60.0,0.97
93.74,52.1,61.0,1.29
93.65,52.9,71.0,1.61
94.04,53.7,61.0,1.61
92.57,54.8,68.0,1.94
89.64,56.0,79.0,2.58
81.92,56.8,81.0,2.58
68.52,57.0,64.0,2.26
35.97,58.5,66.0,1.29
39.3,57.6,64.0,1.61
38.32,59.2,64.0,1.29
38.71,60.8,63.0,1.29
38.02,61.2,67.0,1.29
39.49,62.3,65.0,1.61
40.08,57.8,63.0,1.61
37.93,58.9,64.0,2.26
0.78,58.4,63.0,2.9
0.78,57.8,65.0,2.26
0.78,57.1,65.0,2.26
0.78,57.0,56.0,10.0
0.78,57.4,62.0,9.68
0.78,57.6,59.0,9.68
0.78,60.0,63.0,9.03
0.78,62.8,62.0,10.97
0.78,64.2,59.0,7.42
0.68,65.3,69.0,6.77
0.59,64.4,62.0,9.35
0.59,64.2,64.0,10.32
0.49,64.9,62.0,9.68
0.59,64.9,53.0,7.1
0.49,63.4,50.0,10.65
0.49,63.0,56.0,7.74
0.49,61.7,50.0,6.13
0.39,61.5,50.0,6.77
0.49,61.9,61.0,7.42
0.49,61.7,50.0,6.45
0.39,61.5,59.0,4.52
0.39,61.5,54.0,2.26
0.39,60.9,61.0,1.61
0.49,61.2,62.0,1.29
0.39,62.3,63.0,1.29
0.39,62.5,61.0,1.29
0.59,60.3,63.0,0.97
0.49,59.8,64.0,0.65
37.44,59.5,64.0,0.32
39.78,61.9,65.0,0.32
38.9,60.9,65.0,0.32
37.63,60.6,66.0,-0.32
39.2,60.8,65.0,0.0
39.78,61.2,66.0,-0.65
37.73,60.6,66.0,-0.97
38.9,59.5,65.0,-1.29
42.42,59.5,68.0,-1.61
52.0,54.8,66.0,-1.61
75.37,56.2,68.0,-1.94
84.36,58.7,69.0,-2.26
88.86,45.3,65.0,-2.26
96.48,44.7,69.0,-2.58
91.89,46.1,69.0,-2.58
96.19,43.4,69.0,-2.58
97.95,42.8,67.0,-2.9
97.85,44.5,69.0,-2.9
97.95,45.3,68.0,-2.58
96.97,42.6,66.0,-2.9
97.85,40.6,69.0,-2.9
97.75,42.9,70.0,-2.9
97.65,43.1,70.0,-3.23
97.75,43.1,67.0,-2.9
97.56,41.2,71.0,-3.23
97.46,43.3,70.0,-2.9
97.16,46.2,71.0,-3.55
96.87,44.7,71.0,-3.87
95.99,48.8,69.0,-3.55
92.38,49.2,70.0,-2.9
94.72,52.1,63.0,-2.26
91.59,54.0,63.0,-2.9
91.89,56.3,65.0,-1.29
87.88,56.8,68.0,-2.9
80.55,58.1,69.0,-2.26
59.92,57.9,70.0,-2.9
40.37,59.5,70.0,-3.55
39.3,59.8,70.0,-3.55
39.39,59.6,66.0,-3.23
40.18,60.3,70.0,-3.55
38.12,61.1,67.0,-3.55
39.2,62.2,68.0,-2.9
40.76,62.3,67.0,1.94
1.08,63.3,62.0,9.68
0.98,63.6,53.0,14.52
0.98,63.1,52.0,14.52
0.88,63.9,50.0,17.74
0.88,63.7,59.0,10.97
0.88,64.5,60.0,9.35
0.78,64.9,63.0,8.71
0.78,65.0,53.0,9.35
0.78,64.9,60.0,6.77
0.78,64.7,61.0,6.13
0.68,64.7,59.0,7.42
0.59,65.3,60.0,6.45
0.59,65.6,59.0,5.81
0.49,64.5,60.0,8.39
0.59,64.2,60.0,8.06
0.59,64.5,63.0,7.74
0.59,64.2,60.0,8.71
0.49,63.9,62.0,8.06
0.49,63.7,58.0,4.84
0.49,63.9,61.0,2.9
0.49,63.6,61.0,2.9
0.59,63.7,63.0,2.26
0.59,65.0,64.0,1.94
0.59,64.5,63.0,1.61
0.49,66.0,64.0,1.61
0.49,65.0,64.0,1.29
0.49,67.5,64.0,1.29
0.39,66.1,63.0,1.29
0.49,68.0,63.0,1.29
0.59,67.2,63.0,1.29
0.59,66.3,64.0,1.29
0.59,66.7,64.0,0.97
0.68,67.4,64.0,1.29
0.68,67.2,63.0,0.97
0.78,66.9,63.0,0.97
1.56,67.5,67.0,0.97
11.05,64.5,64.0,0.97
50.15,53.7,63.0,0.97
75.66,43.1,62.0,0.97
88.56,41.8,62.0,1.29
95.6,42.0,63.0,1.29
97.16,43.3,64.0,0.97
97.65,46.2,65.0,0.97
97.65,48.0,62.0,0.97
97.95,48.9,64.0,0.65
98.04,52.1,64.0,0.65
97.95,54.0,63.0,0.65
97.85,51.3,63.0,0.97
97.75,54.1,61.0,0.97
96.87,55.7,62.0,0.97
96.19,50.3,66.0,0.97
96.48,48.3,60.0,0.97
96.97,48.5,64.0,0.97
97.36,46.7,63.0,0.65
97.36,46.2,63.0,0.32
96.97,48.8,60.0,0.65
96.28,52.9,63.0,0.65
95.41,54.0,64.0,0.65
94.53,54.4,62.0,0.32
90.71,54.9,64.0,0.32
87.98,54.8,63.0,0.65
84.95,55.4,64.0,0.65
77.22,55.2,62.0,0.65
59.92,56.0,62.0,0.97
24.14,56.5,62.0,0.97
2.93,56.8,63.0,0.97
0.98,56.5,64.0,0.97
0.88,57.4,63.0,0.97
0.78,57.3,66.0,0.97
0.88,56.8,64.0,0.97
0.98,57.0,65.0,0.97
0.88,56.5,63.0,0.97
1.08,56.0,63.0,1.61
0.98,56.7,62.0,2.58
0.88,56.2,64.0,1.61
0.88,55.7,64.0,1.61
0.88,55.9,63.0,1.94
0.78,55.4,64.0,1.94
0.78,55.1,62.0,1.94
0.78,55.4,69.0,1.94
0.78,56.0,63.0,1.94
0.59,56.5,64.0,2.26
0.59,58.1,61.0,4.19
0.59,58.5,58.0,7.1
0.59,59.0,61.0,6.77
0.59,59.5,57.0,6.13
0.59,59.3,62.0,6.13
0.49,58.5,60.0,6.45
0.49,57.4,53.0,5.81
0.49,56.8,51.0,5.81
0.49,56.5,56.0,4.52
0.49,56.0,55.0,4.19
0.39,56.2,63.0,2.26
0.39,55.9,62.0,1.29
0.39,55.9,63.0,0.65
0.49,55.7,63.0,0.65
0.49,55.1,65.0,0.32
0.59,54.4,65.0,0.32
0.49,52.9,65.0,0.0
0.39,52.9,65.0,0.0
0.39,53.3,64.0,-0.32
0.39,53.2,66.0,-0.32
0.59,53.7,67.0,-0.65
0.59,53.8,66.0,-0.97
0.59,55.1,67.0,-0.97
0.68,55.4,66.0,-0.97
0.68,55.9,66.0,-0.97
1.27,57.0,66.0,-1.29
10.95,56.7,69.0,-1.29
52.49,55.7,67.0,-1.29
76.64,53.0,68.0,-1.29
85.24,53.7,65.0,-1.29
90.22,54.9,67.0,-1.29
95.02,55.1,67.0,-1.29
95.6,55.1,66.0,-1.61
93.06,53.8,68.0,-1.61
93.45,55.5,67.0,-1.61
93.55,55.2,64.0,-1.61
93.94,54.4,65.0,-1.61
93.65,52.4,66.0,-1.61
93.35,48.8,69.0,-1.94
93.65,46.9,67.0,-1.94
94.62,47.3,65.0,-1.61
96.77,47.2,67.0,-1.94
97.46,47.0,68.0,-1.94
97.26,47.2,66.0,-1.94
96.97,48.0,67.0,-1.61
96.48,49.6,66.0,-1.61
95.7,50.8,66.0,-1.61
94.72,51.8,66.0,-1.29
93.65,54.0,68.0,-1.29
92.18,54.1,66.0,-1.29
90.32,54.3,68.0,-1.29
85.53,55.2,65.0,-1.29
76.25,57.0,67.0,-1.29
52.3,56.7,68.0,-0.97
11.44,57.3,68.0,-1.29
0.98,57.6,68.0,-0.97
0.98,57.9,67.0,-0.97
0.98,59.3,77.0,-0.97
0.98,60.3,66.0,-0.65
1.08,59.8,71.0,0.0
0.98,60.4,67.0,0.97
1.17,60.4,64.0,1.61
1.08,60.8,64.0,3.55
1.08,60.6,67.0,2.26
0.98,60.0,65.0,1.94
0.98,58.5,66.0,1.94
0.98,57.8,64.0,1.61
0.98,57.6,64.0,1.29
1.08,57.6,64.0,0.97
0.68,58.1,67.0,0.97
0.78,58.5,71.0,1.61
0.68,58.5,64.0,1.94
0.68,58.7,62.0,2.26
0.68,58.9,68.0,2.58
0.78,59.3,67.0,2.58
0.68,60.3,64.0,2.9
0.68,60.9,64.0,2.58
0.59,60.3,65.0,2.26
0.68,60.6,63.0,2.26
0.59,60.9,63.0,2.26
0.59,61.1,64.0,2.26
0.59,61.7,64.0,2.26
0.59,62.0,63.0,2.58
0.59,62.2,63.0,2.58
0.49,63.1,63.0,2.58
0.49,62.8,62.0,2.9
0.59,62.6,56.0,2.58
0.59,63.1,63.0,2.58
0.59,63.1,62.0,2.58
38.81,63.6,64.0,2.58
39.49,63.6,62.0,2.26
40.96,63.6,64.0,2.58
38.42,63.7,63.0,2.58
38.12,64.2,64.0,2.58
39.78,64.1,61.0,2.58
39.2,63.6,60.0,2.58
40.76,62.3,64.0,2.58
41.45,60.3,66.0,2.26
71.26,58.4,62.0,2.26
84.46,54.3,62.0,2.26
90.62,54.9,65.0,2.26
94.04,58.9,61.0,2.26
95.21,57.9,60.0,2.58
97.07,60.3,61.0,3.23
92.57,61.7,64.0,2.9
93.55,65.2,67.0,2.9
92.38,66.4,64.0,3.55
88.27,65.6,63.0,3.55
87.49,65.0,63.0,4.19
81.82,64.9,61.0,4.52
85.04,64.4,55.0,4.84
88.27,64.4,55.0,5.16
87.2,65.0,62.0,5.16
88.66,66.3,67.0,5.48
89.44,67.7,63.0,5.81
87.49,68.6,63.0,5.81
83.38,69.1,61.0,6.13
79.08,69.7,50.0,6.45
77.22,69.9,50.0,6.45
71.46,70.1,50.0,6.77
71.16,70.1,68.0,6.77
49.95,70.1,64.0,7.1
37.73,70.5,54.0,6.77
23.75,70.2,67.0,7.1
34.41,70.4,61.0,7.1
34.6,70.2,58.0,7.1
35.09,70.4,62.0,7.42
35.29,70.5,65.0,7.42
33.53,70.5,60.0,7.74
35.39,70.7,61.0,7.74
33.72,70.4,55.0,8.06
34.9,70.8,58.0,8.06
1.17,70.7,55.0,8.39
1.08,70.4,51.0,8.39
1.08,70.5,56.0,8.39
1.08,71.0,62.0,8.71
1.08,70.8,57.0,8.71
0.98,70.5,56.0,9.35
0.88,71.2,67.0,9.35
0.98,71.2,59.0,9.68
0.88,71.2,62.0,10.0
0.78,71.2,63.0,10.65
0.68,71.2,60.0,10.97
0.68,71.6,57.0,10.97
0.78,71.6,59.0,10.97
0.68,72.1,54.0,10.65
0.78,71.8,62.0,10.65
0.68,72.3,56.0,11.29
0.68,72.1,58.0,10.97
0.68,72.1,51.0,10.32
0.68,72.6,67.0,10.0
0.59,72.7,75.0,9.35
0.68,73.0,51.0,8.71
0.68,72.9,62.0,8.06
0.68,73.2,64.0,7.42
0.59,73.4,69.0,7.42
0.59,73.7,58.0,7.1
0.68,73.4,59.0,7.1
0.59,74.0,54.0,6.77
0.68,73.7,64.0,6.77
38.61,74.3,67.0,6.77
37.73,74.5,66.0,6.45
38.32,74.8,55.0,6.45
39.2,74.6,61.0,6.13
38.42,74.5,67.0,6.13
37.93,74.5,56.0,5.81
36.36,74.8,63.0,5.81
34.41,74.9,63.0,5.48
36.56,75.3,51.0,5.48
40.66,75.4,71.0,5.48
44.09,75.7,68.0,5.48
56.11,75.7,55.0,5.48
63.24,75.7,58.0,5.48
72.73,75.6,68.0,5.48
79.67,76.2,61.0,5.81
78.4,76.2,62.0,5.48
78.98,76.0,55.0,5.16
84.75,76.0,70.0,5.48
88.07,76.0,56.0,5.16
87.78,75.7,57.0,5.48
87.68,75.4,60.0,5.48
85.53,75.6,51.0,5.16
92.47,75.6,55.0,4.84
90.22,75.7,53.0,4.52
91.01,75.6,57.0,4.52
89.83,74.3,56.0,4.19
89.15,74.3,59.0,3.87
91.01,74.3,58.0,3.87
88.86,73.5,59.0,3.87
83.48,73.0,60.0,3.55
82.21,72.4,61.0,3.23
80.45,71.8,61.0,3.87
87.78,71.5,61.0,3.87
80.35,71.2,61.0,3.55
65.4,71.8,61.0,3.87
37.54,72.1,63.0,3.55
36.27,71.8,62.0,4.19
36.66,69.9,63.0,4.52
35.88,70.1,62.0,4.84
35.88,70.4,61.0,5.48
38.22,69.6,59.0,5.48
36.85,67.7,63.0,5.48
35.78,67.4,65.0,5.48
0.49,67.1,69.0,5.81
0.68,67.7,61.0,5.48
0.68,67.1,59.0,5.48
0.68,67.2,60.0,6.13
0.78,67.2,67.0,6.13
0.68,68.0,60.0,6.45
0.68,67.8,62.0,6.45
0.59,68.0,60.0,6.77
0.59,67.5,63.0,7.1
0.59,68.5,71.0,6.77
0.59,68.5,68.0,7.1
0.59,69.1,60.0,6.77
0.49,69.3,61.0,6.77
0.59,69.3,68.0,5.81
0.49,69.4,63.0,5.81
0.49,70.1,69.0,5.81
0.49,69.9,67.0,6.45
0.39,70.8,58.0,6.77
0.49,70.7,61.0,6.77
0.49,71.5,63.0,6.45
0.39,72.3,54.0,6.77
0.49,71.8,59.0,7.1
29.03,71.9,54.0,7.1
38.61,72.1,59.0,7.42
37.05,71.3,58.0,7.74
37.54,70.8,53.0,7.74
37.05,70.8,50.0,8.06
36.95,71.9,60.0,7.74
36.85,70.8,63.0,7.74
38.71,70.5,61.0,8.06
36.76,70.2,67.0,8.39
0.98,69.7,60.0,8.06
0.88,69.1,63.0,8.06
0.88,68.8,63.0,8.06
1.08,68.8,56.0,7.74
1.08,68.9,60.0,7.42
0.88,69.3,58.0,7.1
1.08,68.8,64.0,6.77
0.98,69.1,58.0,6.45
0.98,69.6,59.0,6.13
0.88,66.7,60.0,5.81
0.88,65.6,61.0,5.48
0.78,65.2,61.0,5.16
0.78,64.9,57.0,4.84
0.88,65.6,55.0,4.52
0.88,64.7,54.0,4.52
0.88,65.2,62.0,4.52
0.88,65.0,59.0,4.19
0.88,65.0,61.0,4.19
0.88,64.7,58.0,4.52
0.88,64.7,53.0,4.52
0.88,64.9,58.0,4.19
0.78,65.0,57.0,4.52
0.78,65.3,55.0,4.19
0.88,65.0,58.0,4.19
0.78,64.5,59.0,3.87
0.78,63.1,61.0,4.19
0.78,64.4,65.0,4.19
0.88,65.0,59.0,4.19
35.48,64.5,61.0,4.19
38.22,65.0,62.0,4.19
36.66,64.7,60.0,3.87
39.69,64.4,59.0,3.87
37.34,64.5,61.0,3.87
38.71,65.3,61.0,3.87
39.69,65.2,64.0,3.55
39.3,65.8,63.0,3.55
41.74,65.0,62.0,3.55
55.62,65.6,63.0,3.23
73.7,65.2,64.0,3.23
91.01,65.8,64.0,3.55
90.13,64.5,62.0,3.87
90.42,60.8,62.0,4.52
89.05,61.7,62.0,4.52
95.41,54.1,62.0,7.1
93.65,60.1,60.0,5.48
93.55,60.3,61.0,5.48
97.85,62.0,61.0,6.77
93.94,59.8,59.0,6.45
93.74,60.1,69.0,6.13
92.86,60.6,57.0,6.13
93.06,61.1,60.0,6.13
95.02,60.6,57.0,6.45
94.92,54.4,59.0,8.71
93.65,57.9,59.0,6.77
93.45,58.1,63.0,7.1
93.45,60.3,64.0,6.45
90.62,60.0,62.0,6.45
92.57,57.0,62.0,7.74
90.52,59.8,61.0,6.77
85.24,61.4,56.0,5.81
78.5,63.4,61.0,5.16
65.1,62.8,65.0,5.48
46.92,61.4,60.0,5.16
40.47,61.1,65.0,5.16
38.42,61.7,61.0,4.84
38.81,63.4,62.0,4.52
37.15,63.3,60.0,4.52
38.61,63.7,62.0,4.19
39.1,64.2,61.0,4.19
36.56,63.9,61.0,4.19
36.36,63.1,61.0,4.19
0.68,62.8,61.0,4.19
0.68,62.5,71.0,4.52
0.78,63.6,60.0,4.52
0.78,65.5,60.0,4.52
0.59,65.8,61.0,4.52
0.59,65.3,62.0,4.84
0.68,65.2,65.0,5.16
0.59,66.9,57.0,5.16
0.59,66.4,65.0,5.48
0.59,66.3,55.0,5.81
0.59,68.5,73.0,5.16
0.49,70.5,66.0,4.52
0.68,71.3,66.0,5.16
0.68,72.6,66.0,4.84
0.59,72.9,73.0,5.48
0.49,71.8,67.0,6.13
0.39,71.3,74.0,6.45
0.39,70.8,62.0,6.77
0.39,69.6,52.0,6.77
0.39,68.5,65.0,6.77
0.39,67.4,66.0,7.1
0.39,67.2,58.0,6.77
0.39,67.2,57.0,6.45
0.39,66.1,64.0,6.45
0.49,65.5,55.0,6.45
0.39,64.9,61.0,6.13
0.39,64.2,65.0,5.81
0.39,63.9,65.0,5.81
11.24,64.5,66.0,5.48
37.34,64.1,63.0,5.48
39.3,65.8,51.0,5.16
39.2,66.0,56.0,5.16
38.02,67.2,57.0,5.16
36.85,67.4,61.0,5.16
35.97,67.7,61.0,5.16
35.97,67.1,60.0,5.16
38.51,66.9,61.0,5.48
39.1,67.8,59.0,5.16
47.41,67.4,58.0,5.16
67.84,67.4,59.0,5.16
82.31,67.8,59.0,5.48
93.55,66.7,59.0,6.45
83.48,67.1,61.0,6.13
81.72,69.3,58.0,5.48
72.19,68.1,60.0,3.23
70.67,70.1,63.0,2.9
83.68,70.7,66.0,3.87
87.68,70.5,62.0,4.52
81.33,70.5,61.0,4.19
77.61,70.5,61.0,3.55
79.86,70.2,63.0,2.58
89.44,70.1,64.0,1.94
85.92,70.2,63.0,1.94
96.48,72.1,63.0,4.19
96.28,66.4,61.0,6.77
91.1,66.7,60.0,5.81
90.32,69.1,63.0,5.16
94.72,68.2,66.0,8.39
94.04,67.5,59.0,8.39
92.86,66.1,58.0,7.42
89.05,66.1,60.0,6.13
81.33,67.4,66.0,5.16
65.79,68.8,63.0,4.52
32.36,68.8,63.0,3.87
36.85,69.6,62.0,3.87
34.31,68.5,61.0,3.87
35.19,68.5,60.0,3.87
36.85,65.2,61.0,3.87
37.15,66.3,73.0,2.9
35.48,66.4,64.0,2.9
35.78,66.1,62.0,2.9
36.66,65.5,61.0,2.9
0.59,66.0,62.0,2.9
0.49,65.6,65.0,2.9
0.49,61.9,62.0,3.23
0.49,59.0,70.0,3.55
0.49,59.2,62.0,3.55
0.49,60.0,63.0,3.55
0.59,60.1,62.0,3.23
0.49,60.4,63.0,3.23
0.49,60.0,62.0,3.55
0.49,58.7,75.0,3.87
0.49,61.2,64.0,3.23
0.49,61.4,65.0,3.23
0.49,61.4,61.0,3.23
0.49,60.8,68.0,3.55
0.49,60.9,65.0,3.55
0.49,60.4,61.0,3.55
0.68,64.1,63.0,2.9
0.49,66.7,64.0,2.58
0.49,65.3,62.0,3.55
0.39,64.9,64.0,3.55
0.49,64.9,65.0,3.55
0.49,65.2,60.0,3.55
0.49,65.0,60.0,3.23
0.39,64.7,58.0,3.55
0.39,64.4,63.0,3.87
0.39,63.4,61.0,3.55
0.39,63.6,66.0,3.55
0.49,64.2,65.0,3.55
0.59,64.7,65.0,3.23
0.49,65.3,63.0,3.23
0.49,66.9,62.0,2.9
0.49,67.1,62.0,2.9
0.49,66.4,62.0,3.23
0.59,64.9,65.0,3.55
0.59,63.4,67.0,3.55
0.78,64.9,60.0,3.55
1.47,68.3,71.0,2.58
24.63,68.5,68.0,2.9
66.28,68.3,61.0,2.9
84.85,68.0,63.0,3.55
91.1,67.8,61.0,3.55
88.95,67.2,62.0,4.19
75.86,67.8,61.0,3.55
87.78,66.9,63.0,3.55
87.78,65.6,61.0,3.55
91.01,66.1,61.0,3.87
93.16,63.7,62.0,3.87
89.25,63.9,68.0,3.87
91.59,65.3,63.0,3.87
81.33,65.2,67.0,3.87
83.58,64.9,61.0,3.87
91.1,63.3,67.0,4.52
92.08,62.0,65.0,4.84
87.49,61.7,62.0,4.84
89.34,61.4,61.0,4.84
87.29,60.9,60.0,5.16
86.8,60.6,69.0,5.16
82.8,60.0,66.0,5.16
86.12,60.0,58.0,5.16
79.76,60.0,60.0,5.16
63.44,60.1,64.0,5.16
64.32,60.6,71.0,5.16
29.52,61.2,66.0,4.84
8.02,61.2,66.0,4.84
1.08,61.7,60.0,4.52
0.59,64.1,57.0,3.87
0.68,65.5,62.0,3.87
0.59,65.5,60.0,3.87
0.59,64.9,65.0,3.87
0.49,64.7,60.0,3.87
0.49,65.2,61.0,4.19
0.49,64.4,63.0,4.19
0.59,62.6,60.0,3.23
0.59,66.7,68.0,2.58
0.59,67.1,63.0,2.9
0.59,65.6,61.0,2.9
0.59,63.7,62.0,3.55
0.49,64.1,61.0,2.9
0.49,65.2,64.0,3.23
0.49,65.6,70.0,2.9
0.49,65.6,62.0,3.23
0.59,66.4,61.0,2.9
0.59,67.8,62.0,2.9
0.49,67.7,61.0,2.9
0.59,67.4,60.0,3.23
0.59,67.4,62.0,3.55
0.59,67.2,61.0,3.23
0.59,66.1,60.0,2.9
0.68,67.7,61.0,1.94
0.39,68.0,72.0,1.94
0.49,66.7,64.0,2.26
0.49,67.4,63.0,2.26
0.39,67.5,63.0,1.94
0.49,68.3,63.0,1.94
0.49,68.5,62.0,1.94
0.39,67.8,61.0,2.26
0.39,68.3,62.0,2.26
0.59,68.5,61.0,2.58
0.68,68.0,62.0,3.55
0.49,68.2,60.0,3.23
0.49,68.5,60.0,3.23
0.49,68.0,60.0,3.23
0.49,67.7,57.0,3.23
0.49,68.0,63.0,2.9
0.49,68.2,60.0,2.9
0.59,66.9,61.0,2.9
0.68,66.4,58.0,3.23
1.17,66.3,63.0,3.23
10.46,66.7,60.0,3.55
32.45,66.4,71.0,3.87
64.81,66.0,73.0,3.87
84.36,66.4,66.0,3.87
88.27,66.1,65.0,4.19
91.3,65.2,63.0,4.52
92.57,63.3,64.0,4.84
92.08,64.5,70.0,5.16
95.41,60.4,81.0,6.45
95.41,63.4,65.0,5.81
95.89,62.0,83.0,5.81
93.84,63.1,85.0,5.48
91.3,62.0,70.0,5.48
90.81,62.2,86.0,5.48
91.2,61.7,74.0,5.16
89.64,60.9,100.0,5.16
87.59,59.2,100.0,5.16
86.8,57.6,84.0,5.48
82.31,57.4,93.0,5.48
76.15,57.1,98.0,5.48
75.07,61.5,88.0,4.52
76.83,67.5,79.0,3.87
69.7,68.9,81.0,4.19
55.62,69.9,98.0,3.87
34.31,71.3,88.0,4.19
15.54,70.5,78.0,4.84
4.89,70.2,82.0,5.16
1.37,71.2,70.0,4.52
0.98,71.8,80.0,4.52
0.88,72.3,84.0,4.84
0.78,72.7,76.0,4.84
0.68,72.6,73.0,5.16
0.68,73.2,90.0,5.48
0.68,69.7,80.0,6.45
0.59,68.3,93.0,6.45
0.59,69.3,69.0,6.45
0.68,69.9,75.0,6.45
0.78,71.3,76.0,6.77
0.88,73.0,86.0,6.77
0.78,73.8,74.0,7.1
0.68,74.0,64.0,7.42
0.68,73.8,72.0,7.1
0.68,73.7,63.0,7.1
0.68,74.0,71.0,7.1
0.49,74.5,62.0,7.42
0.59,73.7,71.0,7.42
0.59,74.0,64.0,7.74
0.68,74.2,61.0,7.74
0.49,73.8,67.0,8.06
0.49,71.8,63.0,8.39
0.39,71.2,68.0,8.39
0.49,71.2,56.0,8.06
0.49,71.2,60.0,7.1
0.39,66.0,73.0,7.74
0.39,67.2,78.0,7.42
0.39,65.3,61.0,7.74
0.39,63.3,63.0,7.74
0.29,63.6,70.0,7.42
0.29,63.1,64.0,7.42
0.29,63.7,59.0,7.42
0.29,63.9,55.0,7.42
0.29,64.5,55.0,7.1
0.39,65.0,50.0,7.1
36.66,64.7,57.0,7.1
34.9,64.9,50.0,7.42
35.97,65.0,50.0,7.1
36.17,64.9,53.0,7.1
37.44,65.3,51.0,6.77
35.88,65.5,61.0,7.1
34.41,66.6,57.0,6.77
38.9,66.3,58.0,7.1
40.08,67.5,61.0,6.77
44.58,68.0,69.0,6.45
45.36,68.0,60.0,6.45
62.56,68.5,60.0,6.45
68.04,67.7,63.0,6.45
73.61,67.2,62.0,6.77
75.37,66.6,57.0,6.77
77.22,66.4,58.0,6.45
81.23,67.5,61.0,6.13
81.33,66.7,59.0,6.45
79.67,68.2,59.0,6.13
74.78,69.7,62.0,5.81
74.68,69.9,61.0,5.81
73.31,72.3,62.0,6.13
75.07,72.1,62.0,6.45
76.25,71.2,60.0,6.77
81.23,71.3,61.0,6.77
81.62,69.9,58.0,6.77
79.18,69.7,62.0,6.45
85.53,69.3,60.0,6.77
83.58,69.4,65.0,6.45
80.84,68.5,64.0,6.77
76.34,69.6,65.0,6.77
71.36,68.0,73.0,7.1
50.15,67.8,75.0,7.42
37.15,68.5,67.0,7.42
37.54,67.8,57.0,7.42
37.34,67.8,58.0,7.1
43.3,71.9,56.0,4.84
26.3,72.4,65.0,5.16
38.71,72.7,60.0,5.48
36.17,73.2,62.0,6.45
36.85,73.2,62.0,6.77
37.73,73.2,61.0,6.77
35.88,73.2,63.0,7.1
36.46,73.7,62.0,7.42
36.95,73.4,56.0,7.74
37.05,73.7,66.0,8.06
1.27,73.5,63.0,8.06
1.27,74.0,63.0,8.39
1.08,73.8,68.0,9.03
1.08,74.2,58.0,9.03
0.98,73.8,70.0,9.35
0.98,73.8,50.0,9.35
0.98,74.5,59.0,9.68
0.68,73.8,74.0,10.0
0.78,73.7,70.0,10.0
0.59,72.7,63.0,10.0
0.59,72.7,62.0,10.0
0.59,71.6,50.0,10.32
0.59,70.7,66.0,10.0
0.59,70.5,62.0,10.32
0.59,70.7,62.0,10.0
0.59,73.0,53.0,9.35
0.49,74.2,67.0,9.35
0.49,74.6,66.0,9.68
0.68,74.2,59.0,9.68
0.68,74.8,57.0,9.35
0.59,74.3,65.0,9.68
0.68,74.6,58.0,10.0
0.59,74.8,74.0,10.65
0.59,74.3,58.0,10.65
0.59,73.5,60.0,10.65
0.59,73.7,68.0,10.65
0.68,73.2,58.0,10.65
0.78,73.7,55.0,10.65
37.24,73.7,66.0,10.97
36.46,73.2,61.0,10.97
38.71,73.8,60.0,10.97
38.22,73.7,63.0,10.65
38.22,73.7,68.0,10.65
38.42,71.8,56.0,10.65
37.44,71.9,60.0,10.65
38.12,69.6,73.0,10.97
39.69,69.6,58.0,10.97
39.88,68.9,63.0,10.97
38.71,67.8,63.0,11.29
32.36,67.8,62.0,11.29
59.73,67.1,55.0,10.97
77.13,66.7,74.0,10.97
83.19,66.4,71.0,10.97
89.44,65.8,65.0,10.97
95.8,62.5,61.0,11.94
93.94,65.6,59.0,10.97
94.04,65.6,71.0,10.65
94.82,66.0,62.0,10.65
97.65,57.3,71.0,14.52
97.07,59.6,63.0,12.9
97.26,58.4,65.0,13.23
97.36,57.1,74.0,14.19
96.38,59.2,57.0,12.58
95.02,61.5,65.0,11.61
94.33,62.8,61.0,11.29
88.95,64.7,61.0,10.32
83.38,65.5,62.0,10.0
82.89,66.1,53.0,10.0
74.58,66.1,64.0,9.68
58.65,66.1,57.0,9.35
35.68,67.1,56.0,9.35
40.47,67.7,64.0,9.03
40.27,67.7,55.0,9.03
37.54,68.0,51.0,9.03
40.27,68.6,59.0,9.03
36.95,68.6,51.0,8.71
38.32,69.1,65.0,8.71
37.44,69.9,59.0,8.39
38.32,70.4,59.0,8.39
36.56,70.5,57.0,8.06
0.68,70.2,50.0,8.39
0.68,70.7,62.0,8.06
0.68,71.0,51.0,8.06
0.68,70.7,62.0,8.06
0.68,71.0,50.0,7.74
0.78,70.8,61.0,8.06
0.78,70.2,51.0,8.06
0.68,69.9,50.0,8.06
0.59,70.1,50.0,8.06
0.59,69.3,54.0,8.06
0.49,69.3,56.0,8.06
0.59,68.6,51.0,8.06
0.59,68.9,59.0,8.06
0.59,69.3,60.0,7.74
0.59,68.6,50.0,8.06
0.59,68.9,50.0,7.74
0.59,69.3,53.0,7.74
0.59,68.8,50.0,7.74
0.68,68.8,50.0,7.74
0.59,69.1,62.0,7.42
0.59,69.1,50.0,7.42
0.59,69.9,59.0,7.42
0.68,69.1,50.0,7.42
0.68,69.1,50.0,7.42
0.78,69.4,59.0,7.42
0.68,69.3,50.0,7.42
0.59,69.1,53.0,7.42
0.59,68.6,50.0,7.1
39.49,70.1,53.0,6.77
40.47,70.7,53.0,6.77
38.9,70.7,62.0,7.1
38.9,70.2,53.0,7.1
39.0,70.4,61.0,7.42
40.86,69.6,59.0,7.42
37.83,69.4,62.0,7.42
38.61,70.1,70.0,7.1
40.76,71.3,67.0,7.1
39.78,70.2,72.0,7.1
39.2,69.1,71.0,7.42
29.62,68.3,58.0,7.74
67.06,68.0,59.0,7.42
86.61,67.2,58.0,7.42
93.74,66.9,72.0,7.42
94.62,63.3,62.0,8.71
96.97,62.5,65.0,9.35
95.5,63.1,62.0,9.03
92.28,65.6,72.0,8.06
92.96,65.3,65.0,8.06
91.59,66.0,63.0,8.39
89.25,66.6,72.0,8.39
90.42,65.8,64.0,8.39
90.91,65.5,61.0,8.71
89.64,65.3,62.0,8.39
88.56,65.6,57.0,8.39
87.98,65.8,61.0,8.39
87.2,66.3,63.0,8.06
83.68,66.1,63.0,8.06
79.18,66.4,64.0,8.39
73.8,66.4,63.0,8.39
65.2,66.0,60.0,8.39
50.73,65.6,68.0,8.39
31.96,66.0,57.0,8.06
42.03,66.3,70.0,8.71
39.39,66.0,52.0,8.39
40.57,65.8,61.0,8.39
40.57,66.1,61.0,8.39
37.63,66.9,71.0,8.06
37.93,67.5,54.0,8.39
38.61,68.0,59.0,8.39
40.66,67.7,67.0,8.71
38.81,67.7,70.0,8.39
0.88,68.3,61.0,8.39
1.76,69.9,61.0,8.71
3.23,70.7,62.0,8.71
3.23,72.3,59.0,8.39
3.03,73.2,61.0,8.39
2.93,74.9,56.0,8.39
2.93,75.1,73.0,8.39
2.84,75.4,62.0,8.71
2.93,75.3,55.0,8.71
2.84,75.1,57.0,8.71
2.74,75.4,66.0,8.71
2.93,75.6,67.0,8.71
2.84,75.7,67.0,8.71
2.84,75.4,61.0,9.03
2.93,75.9,62.0,9.03
2.84,75.9,61.0,9.03
2.84,75.7,62.0,9.03
2.84,75.6,54.0,9.03
2.74,75.9,50.0,9.03
2.74,75.9,53.0,9.35
2.74,75.9,67.0,9.35
2.74,75.9,68.0,9.68
2.74,75.6,50.0,9.68
2.64,75.6,50.0,9.68
2.84,75.4,64.0,10.0
2.74,75.6,60.0,10.0
2.74,75.3,66.0,10.0
2.64,74.8,63.0,9.68
2.74,74.9,54.0,10.0
2.74,74.9,63.0,9.68
2.84,74.9,50.0,9.68
2.74,74.8,50.0,9.68
2.74,74.8,50.0,9.68
2.74,75.1,56.0,9.35
2.35,74.9,69.0,9.35
0.49,74.6,63.0,9.35
0.49,74.3,68.0,9.03
0.88,72.9,50.0,9.35
1.37,72.6,63.0,9.35
7.14,71.6,60.0,9.35
31.08,70.4,50.0,9.35
60.51,70.1,76.0,9.35
69.8,69.1,50.0,9.35
76.44,69.1,60.0,9.35
80.06,68.6,62.0,9.35
82.4,69.1,60.0,9.35
84.85,69.3,50.0,9.35
84.95,68.9,61.0,9.35
82.6,68.9,53.0,9.35
89.05,67.5,58.0,9.68
92.47,65.8,59.0,10.0
93.74,64.5,65.0,10.32
88.95,65.0,66.0,9.68
93.55,65.0,61.0,10.32
89.05,64.5,62.0,9.68
76.93,65.0,62.0,9.68
79.57,65.8,57.0,9.68
82.6,66.0,53.0,9.35
82.5,65.5,58.0,9.35
81.62,64.9,63.0,9.03
75.37,64.5,53.0,9.03
59.14,65.0,62.0,8.71
39.88,65.0,63.0,8.71
8.41,64.5,60.0,8.71
1.37,65.3,61.0,8.39
1.08,64.2,51.0,8.39
1.76,64.1,51.0,8.39
0.78,64.4,58.0,8.39
0.68,64.2,56.0,8.39
1.17,63.4,61.0,8.39
0.98,62.3,62.0,8.39
2.93,62.3,74.0,8.39
5.47,62.6,61.0,8.39
5.38,63.1,61.0,8.06
5.38,63.6,60.0,8.06
5.28,64.9,58.0,7.74
5.28,67.4,57.0,7.42
5.28,67.7,53.0,7.1
5.38,68.5,62.0,7.1
5.28,68.8,54.0,7.1
5.28,68.8,54.0,6.77
5.28,68.8,55.0,7.1
5.28,69.1,63.0,7.1
5.28,69.3,61.0,7.1
5.28,69.1,61.0,7.1
5.18,68.9,52.0,7.1
5.18,68.9,60.0,7.1
5.28,68.8,67.0,7.1
5.28,68.8,52.0,7.42
5.18,68.2,55.0,7.1
5.18,68.2,56.0,7.42
5.18,68.2,62.0,7.42
5.18,68.5,54.0,7.1
5.18,68.2,53.0,7.1
5.18,68.3,56.0,7.1
5.28,67.7,60.0,7.1
5.18,67.8,53.0,7.1
5.18,67.7,51.0,7.1
5.18,67.8,55.0,7.1
5.18,68.0,59.0,7.1
5.18,68.2,66.0,6.77
5.08,68.9,59.0,6.77
5.18,68.5,58.0,6.77
5.18,68.3,56.0,6.77
5.18,68.8,62.0,6.77
5.18,68.0,51.0,7.1
5.18,68.0,54.0,6.13
0.78,68.0,63.0,7.1
0.78,69.4,51.0,6.77
1.37,70.1,55.0,6.77
5.96,70.2,61.0,6.45
30.2,70.8,60.0,6.45
51.81,70.5,50.0,6.45
73.31,69.9,61.0,6.77
81.13,69.3,57.0,7.1
88.17,68.0,62.0,7.1
90.13,66.7,61.0,7.42
88.46,66.4,56.0,7.42
85.83,65.5,63.0,7.42
78.79,64.7,62.0,7.1
89.64,64.2,62.0,7.1
94.23,56.0,67.0,10.0
97.65,54.8,51.0,12.26
97.36,55.1,64.0,12.26
97.26,53.8,58.0,11.94
93.16,57.0,59.0,9.68
96.87,60.1,71.0,8.71
94.92,58.2,64.0,9.03
95.31,55.1,55.0,10.65
93.55,55.4,62.0,10.0
91.69,56.2,63.0,9.35
87.2,57.9,60.0,7.74
78.79,61.7,59.0,6.45
62.17,63.0,53.0,5.81
26.49,64.7,69.0,5.81
3.42,64.5,62.0,5.81
0.98,65.5,60.0,6.13
0.88,65.8,55.0,6.45
0.78,66.1,59.0,6.45
1.08,66.6,57.0,6.45
1.37,69.4,61.0,6.13
0.78,70.8,59.0,6.13
0.78,71.3,54.0,6.13
0.78,71.6,60.0,6.45
0.98,71.2,56.0,6.45
0.88,70.5,61.0,6.45
0.78,69.7,57.0,6.45
0.68,69.7,55.0,5.81
0.68,69.6,61.0,6.13
0.68,68.5,67.0,6.13
0.68,66.4,57.0,5.81
0.68,66.6,50.0,5.81
0.68,64.9,65.0,4.84
0.68,64.2,58.0,4.52
0.68,63.7,61.0,4.52
0.68,63.4,64.0,3.87
0.78,64.1,67.0,3.55
0.68,64.4,58.0,3.23
0.68,62.8,61.0,3.23
0.59,60.9,76.0,2.9
0.59,58.9,60.0,2.58
0.59,57.4,64.0,2.58
0.49,57.6,51.0,2.58
0.59,58.1,60.0,2.26
0.59,57.4,64.0,2.26
0.59,57.4,62.0,2.58
0.59,56.3,50.0,2.58
0.49,58.2,57.0,2.26
0.59,60.1,61.0,2.26
0.49,61.4,62.0,1.94
39.88,61.1,62.0,2.26
38.51,63.0,62.0,2.26
38.9,62.2,61.0,2.58
37.93,61.7,100.0,2.58
38.9,59.0,74.0,2.58
36.95,57.3,96.0,2.9
38.51,58.9,90.0,2.58
40.27,55.1,87.0,2.58
39.78,54.9,91.0,2.58
39.69,55.4,80.0,2.58
41.45,56.3,91.0,2.26
42.42,60.1,70.0,1.94
78.89,61.7,71.0,1.94
91.1,60.4,79.0,1.94
96.58,53.7,76.0,3.87
96.68,51.0,72.0,5.16
93.16,56.5,75.0,2.58
92.86,55.4,89.0,2.9
93.26,53.8,76.0,2.58
94.43,52.2,84.0,2.9
92.57,53.2,78.0,2.58
92.67,52.7,73.0,2.58
90.32,53.5,66.0,2.26
90.22,53.3,62.0,2.26
90.52,53.3,63.0,2.26
89.05,52.4,67.0,2.26
85.83,54.1,73.0,2.26
85.83,54.9,60.0,2.26
84.46,55.4,66.0,2.58
81.53,55.2,64.0,2.26
73.51,56.0,64.0,2.58
66.28,56.8,66.0,2.58
52.4,57.4,65.0,2.58
27.47,57.8,63.0,2.58
40.27,58.5,63.0,2.58
37.83,58.7,60.0,2.9
36.36,59.0,63.0,2.58
36.46,60.0,63.0,2.58
37.73,60.8,63.0,2.58
36.46,60.8,64.0,2.58
36.17,60.6,62.0,2.58
36.76,61.9,63.0,2.26
37.83,61.9,61.0,2.58
0.88,61.7,63.0,2.58
1.56,62.3,63.0,2.58
1.27,62.3,63.0,2.58
1.08,62.3,62.0,2.9
0.78,62.2,62.0,2.58
0.78,62.0,61.0,2.9
0.78,62.2,60.0,2.9
0.78,62.6,62.0,2.58
0.78,63.0,58.0,2.58
0.78,62.8,75.0,2.58
0.78,61.2,64.0,2.58
0.68,58.4,61.0,2.58
0.68,58.1,60.0,2.58
0.68,58.1,61.0,2.58
0.68,59.0,59.0,2.58
0.78,60.0,61.0,2.26
0.68,60.0,62.0,2.58
0.68,60.1,50.0,2.26
0.68,60.8,62.0,2.58
0.68,61.4,57.0,2.58
0.68,62.3,62.0,2.58
0.68,63.0,62.0,2.58
0.68,63.3,61.0,2.58
0.59,63.3,62.0,2.9
0.59,64.1,61.0,2.9
0.68,64.7,62.0,2.9
0.68,66.1,61.0,2.9
0.68,67.5,60.0,2.58
38.51,68.0,61.0,2.9
38.61,68.3,61.0,2.9
37.24,68.3,62.0,2.9
36.46,68.9,63.0,2.9
37.24,68.6,63.0,3.23
39.49,68.9,62.0,3.55
38.12,68.5,62.0,3.55
36.17,68.5,63.0,3.55
37.83,68.9,63.0,3.87
37.34,68.8,63.0,3.87
39.1,69.1,62.0,3.87
27.47,68.9,63.0,3.87
46.63,69.3,62.0,4.19
62.27,69.7,63.0,4.52
74.98,69.4,62.0,4.52
82.8,69.6,61.0,4.84
82.6,69.9,60.0,4.84
88.27,69.4,61.0,5.16
89.05,68.8,63.0,5.48
90.81,68.9,65.0,5.81
91.4,68.8,65.0,6.13
88.76,68.5,64.0,6.13
89.34,68.3,65.0,6.13
96.77,64.2,61.0,9.03
88.07,63.9,60.0,7.1
86.12,65.3,60.0,6.77
87.59,65.2,57.0,6.77
85.14,65.5,64.0,6.77
81.43,65.3,68.0,6.77
76.64,65.2,57.0,6.45
68.13,65.0,57.0,6.45
60.51,65.3,60.0,6.13
47.7,65.6,62.0,6.13
37.73,66.3,62.0,6.13
36.56,66.4,58.0,5.81
37.24,66.3,56.0,5.81
36.27,67.2,60.0,5.16
38.32,68.0,56.0,5.16
39.3,68.3,61.0,4.84
36.85,68.8,62.0,4.84
38.22,68.8,61.0,4.84
38.51,68.8,61.0,4.52
1.17,68.8,61.0,4.84
0.88,68.9,60.0,4.52
0.88,69.1,60.0,4.52
0.88,69.4,59.0,4.52
0.88,69.6,58.0,4.52
0.88,69.4,57.0,4.52
0.78,69.6,56.0,4.19
0.78,70.1,63.0,4.19
0.78,70.1,59.0,4.52
0.88,69.9,61.0,4.52
0.68,70.2,60.0,4.52
0.68,70.2,57.0,4.52
0.68,69.7,57.0,4.52
0.68,70.4,58.0,4.52
0.78,70.2,55.0,4.52
0.78,70.8,60.0,4.52
0.78,71.5,58.0,4.52
0.78,72.3,60.0,4.52
0.88,71.9,50.0,4.52
0.78,71.9,51.0,4.52
0.78,72.4,58.0,4.52
0.98,72.3,56.0,4.84
0.59,71.0,56.0,4.84
0.59,70.2,56.0,3.87
0.59,70.4,58.0,3.87
0.59,70.4,62.0,3.23
0.68,71.0,61.0,2.9
0.78,71.2,61.0,2.9
0.78,71.0,61.0,2.58
39.0,71.6,60.0,2.58
40.27,71.8,61.0,2.9
39.39,71.8,62.0,2.9
40.76,71.8,62.0,2.9
38.02,71.6,63.0,2.9
39.3,71.5,63.0,2.58
39.3,71.2,62.0,2.58
36.76,71.2,63.0,2.26
37.63,70.5,64.0,1.94
37.15,70.7,64.0,1.29
41.94,71.0,63.0,1.61
58.36,70.7,66.0,1.29
80.84,70.5,65.0,0.97
94.23,72.3,64.0,1.94
96.28,61.5,61.0,6.77
97.26,51.4,74.0,9.68
97.75,47.5,57.0,12.9
97.85,47.7,58.0,16.45
97.75,44.8,62.0,16.45
97.95,43.6,55.0,17.1
97.75,38.2,53.0,15.81
97.56,41.5,54.0,12.9
97.56,45.9,61.0,10.97
97.36,48.0,54.0,10.65
97.36,48.9,53.0,13.23
97.07,49.6,54.0,10.65
96.58,50.3,53.0,9.03
96.09,50.0,55.0,10.0
94.82,49.4,56.0,10.65
92.47,52.4,62.0,8.39
91.01,53.3,54.0,6.77
86.12,57.0,53.0,4.19
75.56,59.8,62.0,3.23
52.2,61.7,61.0,2.9
37.15,63.6,61.0,2.58
35.58,63.7,62.0,2.58
36.46,63.7,63.0,2.26
36.76,64.5,64.0,2.58
34.51,64.5,62.0,2.26
35.88,64.9,64.0,1.94
35.29,65.3,65.0,1.61
35.39,65.2,66.0,0.97
36.17,66.4,65.0,1.29
1.56,67.4,66.0,0.65
1.47,66.9,66.0,0.0
1.17,66.3,67.0,-0.32
0.78,67.2,67.0,-0.32
0.78,66.9,68.0,-0.32
0.78,66.3,68.0,-0.65
0.88,66.7,68.0,-0.65
0.78,67.8,66.0,0.0
0.78,68.5,66.0,0.32
0.78,69.4,67.0,0.65
0.78,69.1,66.0,0.65
0.68,69.7,65.0,0.97
0.68,69.4,63.0,0.65
0.68,69.4,66.0,0.32
0.68,69.4,66.0,0.32
0.68,69.7,66.0,0.32
0.68,69.6,66.0,0.32
0.68,69.6,66.0,0.32
0.68,69.1,65.0,0.0
0.68,69.9,66.0,0.0
0.68,71.8,61.0,2.26
0.59,71.3,60.0,2.26
0.59,71.2,61.0,1.94
0.59,70.1,61.0,2.26
0.59,68.5,60.0,2.26
0.49,66.6,63.0,1.94
0.59,66.9,62.0,1.94
0.68,66.3,61.0,2.58
35.29,65.5,62.0,2.26
34.7,65.3,64.0,1.61
36.85,64.1,66.0,-0.65
40.47,65.5,68.0,-3.23
38.22,68.2,69.0,-2.58
38.51,69.4,67.0,-0.97
41.94,69.9,66.0,0.0
39.78,70.1,66.0,0.32
38.12,70.2,66.0,0.32
37.05,69.4,66.0,-0.32
36.07,69.6,66.0,-0.32
25.61,69.9,66.0,0.0
54.54,69.4,65.0,0.0
71.85,69.3,64.0,0.0
79.76,69.3,66.0,-0.32
79.86,69.4,65.0,-0.32
82.01,69.6,66.0,-0.32
82.99,69.4,66.0,-0.32
84.65,69.4,66.0,0.0
86.41,69.9,66.0,0.32
86.41,69.3,66.0,0.0
86.51,69.3,65.0,0.32
87.2,69.4,65.0,0.0
86.61,68.9,65.0,0.32
86.32,69.3,63.0,0.65
85.63,68.9,63.0,0.65
84.85,68.2,64.0,0.65
83.97,67.4,63.0,0.97
82.21,67.1,67.0,0.65
81.04,66.4,66.0,0.97
76.44,66.3,64.0,0.97
70.38,65.6,62.0,1.61
58.65,64.9,64.0,1.29
36.76,64.5,64.0,1.61
37.15,65.2,68.0,1.61
35.58,65.6,67.0,1.61
34.31,65.3,66.0,1.29
34.12,65.8,68.0,1.29
33.82,65.2,80.0,1.29
34.41,66.1,67.0,1.61
34.51,66.1,63.0,1.61
36.76,65.0,65.0,1.61
36.36,65.2,70.0,1.61
1.37,64.9,64.0,1.61
1.27,66.0,64.0,1.61
1.27,65.6,72.0,1.29
1.27,66.0,70.0,1.29
1.17,65.6,64.0,1.61
1.08,65.0,71.0,1.29
1.08,64.9,63.0,1.29
0.98,65.5,62.0,1.29
0.98,64.9,70.0,1.29
0.98,64.5,67.0,1.29
0.88,64.2,67.0,1.29
0.88,63.9,65.0,1.29
0.88,63.7,62.0,1.29
0.78,63.3,64.0,1.29
0.78,62.6,68.0,1.29
0.78,62.5,68.0,1.29
0.78,62.8,64.0,1.29
0.78,61.9,67.0,1.29
0.78,61.9,64.0,1.29
0.78,61.7,63.0,1.29
0.78,61.9,66.0,1.29
0.78,62.2,63.0,1.29
0.78,61.2,65.0,1.29
0.59,61.9,67.0,1.29
0.78,61.7,69.0,0.97
0.78,62.2,68.0,0.97
0.88,61.9,63.0,0.97
0.98,62.2,63.0,0.97
18.77,62.5,64.0,0.97
37.54,62.0,64.0,0.97
36.76,62.0,65.0,0.97
36.95,61.2,65.0,0.97
35.39,60.8,65.0,0.97
35.19,60.1,64.0,0.97
35.29,60.6,64.0,0.97
36.07,60.3,64.0,0.97
37.15,60.3,64.0,0.97
36.56,59.6,64.0,0.97
38.71,60.1,64.0,0.97
27.86,60.0,64.0,0.97
51.52,59.8,64.0,0.97
65.59,59.6,66.0,0.97
71.85,59.3,66.0,1.29
77.32,59.3,65.0,1.29
80.16,59.0,65.0,1.61
82.01,58.9,64.0,1.61
80.64,59.3,64.0,1.61
83.28,59.5,64.0,1.61
85.04,59.8,63.0,1.61
85.92,59.5,64.0,1.61
87.68,59.2,63.0,1.29
88.46,59.2,64.0,1.61
87.49,59.0,66.0,1.29
89.25,58.7,65.0,1.29
87.59,58.2,64.0,1.61
84.56,58.5,64.0,1.61
81.43,58.5,64.0,1.61
79.37,58.2,64.0,1.61
72.73,58.7,63.0,1.61
61.29,58.7,64.0,1.29
43.99,58.9,63.0,1.29
26.69,59.0,63.0,1.29
37.44,58.7,64.0,1.29
35.09,58.7,63.0,1.61
34.7,58.9,64.0,1.29
34.8,58.9,64.0,1.29
35.09,59.3,65.0,1.61
35.39,59.3,63.0,1.61
35.78,59.0,63.0,1.29
36.27,59.0,64.0,1.29
36.85,59.3,63.0,1.29
1.17,59.5,64.0,1.29
1.37,59.2,64.0,1.29
1.08,59.0,63.0,1.29
1.08,59.3,65.0,0.97
1.17,59.3,64.0,0.97
1.08,59.6,65.0,0.97
1.17,60.1,64.0,0.97
1.08,59.3,64.0,0.65
1.08,59.3,64.0,0.65
1.17,59.8,66.0,0.65
1.08,59.6,65.0,0.65
1.17,60.1,65.0,0.97
1.08,59.8,65.0,0.65
1.08,59.8,66.0,0.65
1.08,60.1,66.0,0.32
1.08,60.3,66.0,0.32
1.08,60.9,66.0,0.32
1.08,61.1,65.0,0.0
1.08,61.2,65.0,0.32
1.08,61.9,66.0,0.0
1.08,62.2,65.0,0.0
1.08,62.6,67.0,0.0
1.08,63.1,66.0,0.0
1.08,62.8,66.0,0.0
1.08,63.0,66.0,0.0
1.17,63.1,66.0,0.32
1.08,64.5,63.0,0.32
1.08,65.8,67.0,0.32
1.08,66.1,65.0,0.32
1.08,66.1,66.0,0.32
1.08,66.7,66.0,0.32
1.17,67.2,66.0,0.32
1.08,67.5,66.0,0.32
1.08,67.4,66.0,0.32
1.08,66.9,65.0,0.65
0.88,66.3,64.0,0.65
0.88,66.0,66.0,0.97
1.17,65.3,66.0,0.97
4.4,65.5,66.0,0.97
16.81,65.8,65.0,0.97
39.39,65.8,66.0,0.97
57.28,65.8,65.0,1.29
65.3,65.8,66.0,1.29
72.24,65.3,64.0,1.29
71.75,65.3,65.0,1.61
74.29,65.5,64.0,1.94
77.42,66.1,64.0,2.26
82.4,67.4,63.0,2.26
86.12,66.9,64.0,2.58
91.79,67.1,64.0,2.9
90.52,65.5,63.0,3.23
92.18,66.1,61.0,3.87
91.98,64.9,61.0,3.87
89.83,65.5,62.0,4.19
89.44,65.3,61.0,4.19
87.59,65.3,60.0,4.19
80.84,66.0,61.0,4.19
79.18,66.3,60.0,4.19
78.79,66.6,65.0,4.52
73.51,67.1,61.0,4.52
57.48,68.0,62.0,4.52
34.8,68.2,68.0,4.52
11.54,68.2,62.0,4.84
1.76,68.0,61.0,4.52
1.08,68.0,63.0,4.84
1.27,68.5,64.0,5.16
1.37,69.4,61.0,5.16
1.37,70.4,61.0,4.84
1.17,70.7,60.0,4.84
1.08,70.7,64.0,4.84
1.17,71.2,60.0,4.84
1.27,71.8,60.0,4.84
4.11,71.8,70.0,4.84
3.13,72.1,61.0,4.84
2.93,71.5,59.0,5.16
2.84,70.5,63.0,5.48
2.84,69.3,60.0,5.48
2.93,68.9,57.0,5.48
2.84,68.8,54.0,5.81
2.84,68.6,57.0,5.81
2.93,69.1,55.0,5.81
2.84,68.5,57.0,5.81
2.84,68.8,62.0,6.13
2.84,67.8,73.0,6.13
2.93,67.4,64.0,5.81
3.03,67.5,62.0,5.48
3.03,67.2,58.0,5.48
3.03,67.7,57.0,5.48
3.13,68.0,59.0,5.16
3.23,70.2,59.0,4.84
3.13,71.3,56.0,4.84
3.13,71.8,56.0,4.84
3.03,72.3,57.0,5.16
3.23,72.7,59.0,5.16
2.93,73.0,56.0,5.16
2.93,72.9,58.0,5.81
2.93,72.6,50.0,5.81
2.93,71.9,51.0,6.13
2.84,68.9,50.0,6.45
2.84,69.6,61.0,6.13
2.93,68.9,63.0,6.13
2.93,68.8,65.0,6.13
2.93,69.1,56.0,6.13
2.93,69.3,50.0,5.81
2.93,68.2,55.0,5.81
3.23,68.9,66.0,5.81
0.78,68.8,50.0,5.48
0.78,68.8,54.0,5.48
0.98,68.2,56.0,5.48
2.35,68.6,58.0,5.16
14.37,68.2,61.0,5.16
47.12,68.3,60.0,4.84
67.06,68.3,55.0,4.84
75.95,68.5,60.0,4.84
80.06,68.2,60.0,4.84
84.46,67.8,56.0,4.84
86.32,67.7,61.0,4.84
87.49,68.0,58.0,4.52
87.49,68.5,63.0,3.87
87.39,69.6,61.0,4.84
92.38,69.1,61.0,4.84
91.59,67.4,61.0,4.52
90.32,67.7,61.0,4.52
89.83,66.9,60.0,4.52
87.78,68.3,60.0,3.87
89.93,68.6,62.0,4.19
88.46,68.8,61.0,3.55
87.88,69.1,62.0,3.87
85.53,68.3,62.0,3.87
82.01,68.0,58.0,4.19
78.69,69.1,62.0,3.55
66.08,68.8,62.0,3.23
54.35,68.9,62.0,2.9
22.78,69.4,61.0,2.9
4.5,69.1,62.0,2.58
1.66,69.6,63.0,2.58
1.66,70.1,63.0,2.58
1.27,70.1,63.0,2.26
1.17,70.2,63.0,2.26
1.08,70.7,64.0,1.94
1.17,71.2,64.0,1.94
1.27,70.7,65.0,1.61
3.32,71.2,63.0,1.61
3.42,71.0,62.0,1.61
3.42,71.5,63.0,1.94
3.23,71.9,63.0,1.94
3.32,71.3,62.0,1.61
3.32,71.6,63.0,1.61
3.32,71.6,63.0,1.61
3.32,71.5,64.0,1.61
3.42,71.8,62.0,1.94
3.13,71.8,63.0,1.94
3.13,71.9,62.0,1.94
3.03,71.9,61.0,2.26
3.13,72.1,57.0,2.58
3.03,72.3,60.0,2.9
3.03,71.9,61.0,2.9
2.93,72.1,60.0,2.9
2.93,71.9,60.0,3.23
2.93,71.8,58.0,3.23
2.84,71.6,59.0,3.23
2.93,71.0,59.0,3.23
2.84,71.3,59.0,3.23
2.84,71.6,55.0,3.23
2.84,71.3,56.0,3.23
2.93,71.5,59.0,3.23
3.03,71.0,60.0,3.55
3.03,70.8,56.0,3.23
3.03,71.8,59.0,3.55
3.03,72.1,64.0,3.23
3.03,72.4,58.0,3.55
35.68,72.9,57.0,3.87
36.17,73.2,59.0,3.87
35.39,72.7,58.0,4.19
34.6,73.0,58.0,4.19
34.31,73.0,61.0,4.19
33.33,73.0,60.0,4.19
32.65,73.0,68.0,4.19
32.45,73.0,60.0,4.52
33.92,72.7,60.0,4.52
33.43,72.4,60.0,4.52
31.18,71.3,61.0,3.87
61.88,71.2,62.0,4.52
78.1,70.8,52.0,4.52
91.1,70.4,57.0,5.16
91.5,68.9,64.0,5.16
95.99,66.6,66.0,6.13
96.38,65.5,62.0,7.1
97.36,58.4,61.0,9.68
97.46,57.6,61.0,9.03
92.77,62.8,63.0,6.45
90.91,66.3,62.0,5.48
92.28,66.9,64.0,5.48
90.91,66.1,61.0,5.48
91.69,64.2,62.0,6.13
90.32,63.7,61.0,5.81
90.03,64.4,61.0,5.81
87.2,64.5,63.0,5.81
83.48,64.4,61.0,5.81
78.98,64.1,60.0,5.81
71.36,63.9,60.0,5.81
58.06,64.1,59.0,5.48
44.87,64.4,60.0,5.48
36.76,64.1,59.0,5.48
36.17,64.4,57.0,5.48
36.36,64.9,61.0,5.16
35.29,65.5,60.0,5.16
35.29,64.9,60.0,5.48
33.92,64.2,60.0,5.48
34.9,63.7,52.0,5.48
33.24,62.8,60.0,5.48
0.98,61.7,61.0,5.48
0.98,62.8,60.0,5.16
1.17,63.0,60.0,5.16
1.08,63.6,56.0,5.16
0.98,64.1,58.0,5.16
0.98,64.4,61.0,4.84
1.08,65.0,50.0,4.84
0.98,64.9,59.0,4.84
0.98,64.9,59.0,4.52
0.98,64.2,57.0,4.52
0.98,64.1,61.0,4.52
0.98,63.6,58.0,4.52
0.98,63.6,58.0,4.52
0.98,63.7,60.0,4.52
0.88,63.6,53.0,4.19
0.88,63.1,60.0,4.19
0.98,63.3,56.0,4.19
0.88,62.8,60.0,4.19
0.98,62.5,56.0,3.87
0.88,63.0,60.0,3.87
0.88,62.5,56.0,3.87
0.88,62.3,52.0,3.87
0.88,61.1,57.0,3.87
0.88,59.8,50.0,3.87
31.87,59.5,58.0,3.87
34.41,59.6,57.0,3.87
35.68,59.8,58.0,3.87
35.58,60.0,61.0,3.55
35.68,59.6,61.0,3.55
34.9,60.3,62.0,3.55
34.31,60.9,67.0,3.23
36.36,61.4,63.0,2.9
34.31,61.9,62.0,2.9
34.9,62.2,64.0,2.58
28.15,62.5,62.0,2.58
46.24,62.6,63.0,2.58
60.61,62.2,63.0,2.58
71.75,61.5,63.0,2.58
76.83,62.3,63.0,2.58
79.37,62.3,63.0,2.9
83.19,61.4,64.0,2.58
84.07,61.5,63.0,2.58
84.07,61.4,63.0,2.58
83.97,61.4,62.0,2.58
84.95,61.5,65.0,2.58
85.83,61.5,69.0,2.58
86.71,61.7,63.0,2.26
86.61,61.2,66.0,2.26
84.65,61.9,63.0,2.26
83.09,61.9,64.0,2.26
78.79,63.0,64.0,1.94
75.17,62.8,64.0,1.94
69.8,63.3,64.0,1.94
60.7,64.2,68.0,1.94
44.38,64.2,65.0,1.94
20.63,64.1,67.0,1.94
38.02,64.2,64.0,1.94
35.29,64.4,68.0,1.61
35.68,65.3,63.0,1.94
34.99,64.7,68.0,1.94
37.34,64.9,65.0,1.61
34.9,65.8,70.0,2.26
36.17,64.9,68.0,1.94
37.73,64.5,66.0,1.94
1.27,65.2,69.0,1.94
1.17,65.8,74.0,1.94
1.08,65.3,63.0,1.94
1.08,65.2,68.0,1.94
1.17,66.0,65.0,1.94
1.08,66.7,65.0,1.94
1.17,66.7,71.0,1.94
1.17,66.3,65.0,1.61
1.08,66.6,71.0,1.61
1.08,66.4,73.0,1.61
0.98,66.3,74.0,1.29
0.98,66.4,68.0,1.61
0.98,66.6,73.0,1.61
0.98,67.4,67.0,1.61
0.88,65.8,73.0,1.61
0.98,65.5,71.0,0.97
0.98,64.7,72.0,0.97
0.88,63.7,73.0,0.65
0.88,64.2,67.0,0.97
0.88,64.1,63.0,0.97
0.78,63.3,66.0,0.97
0.88,63.0,64.0,0.97
0.88,62.3,62.0,0.97
0.78,62.2,63.0,0.97
0.78,62.0,65.0,0.97
1.37,61.5,65.0,0.97
0.78,60.8,67.0,0.65
0.78,60.9,64.0,0.32
0.88,60.6,62.0,0.0
38.02,60.8,63.0,0.0
36.76,61.2,66.0,-0.32
35.68,61.4,66.0,-0.32
38.71,61.4,67.0,-0.32
35.58,61.4,67.0,-0.32
35.58,61.4,66.0,-0.65
38.02,62.5,66.0,-0.32
36.66,63.6,66.0,-0.65
35.58,64.4,70.0,-0.32
35.19,64.5,65.0,0.32
35.97,65.0,65.0,0.32
39.2,64.7,70.0,0.65
48.09,64.7,66.0,0.65
50.93,64.4,63.0,0.97
62.95,64.7,66.0,0.97
70.67,65.3,66.0,1.29
80.06,66.6,66.0,0.97
84.75,66.6,63.0,1.61
77.71,65.8,66.0,1.94
79.96,66.0,63.0,1.94
87.49,66.4,63.0,2.26
89.54,66.0,63.0,2.58
81.92,66.4,63.0,2.58
80.16,66.0,63.0,2.9
83.58,65.2,63.0,3.23
82.8,64.2,63.0,3.55
88.76,64.1,62.0,3.55
82.11,63.6,63.0,3.87
79.67,62.6,67.0,3.87
80.35,62.6,63.0,3.87
73.02,63.0,66.0,3.55
66.86,65.0,61.0,3.55
43.01,65.5,60.0,3.55
34.7,66.7,63.0,3.23
39.98,68.5,62.0,3.55
38.81,68.5,62.0,3.87
38.61,68.8,100.0,4.19
37.63,68.6,65.0,4.52
37.63,69.1,64.0,5.16
36.66,69.3,67.0,5.16
36.07,68.9,63.0,5.16
36.56,68.6,56.0,5.81
37.73,66.7,64.0,5.81
1.08,66.4,54.0,6.13
0.88,66.4,63.0,6.13
0.68,66.3,63.0,6.45
0.68,66.1,62.0,6.45
0.68,66.1,62.0,6.45
0.78,65.8,64.0,6.45
0.68,65.6,61.0,6.45
0.68,65.8,62.0,6.45
0.68,65.8,64.0,6.77
0.59,66.0,69.0,6.77
0.68,66.1,56.0,6.77
0.49,66.4,60.0,6.77
0.68,66.3,66.0,6.45
0.88,66.6,54.0,6.45
0.49,66.7,56.0,6.45
0.59,66.7,63.0,6.45
0.68,66.6,62.0,6.45
0.78,67.4,51.0,6.13
0.78,67.8,61.0,6.13
0.68,71.0,56.0,5.48
0.59,71.8,50.0,5.48
0.59,72.6,50.0,5.48
0.59,72.4,58.0,5.48
0.68,72.6,50.0,5.81
0.68,72.4,54.0,5.48
0.59,72.9,59.0,5.81
0.59,73.0,66.0,5.81
0.59,72.4,51.0,6.13
33.33,72.3,54.0,5.81
34.12,72.6,57.0,5.81
34.12,72.6,57.0,5.48
36.95,72.4,58.0,5.81
34.7,72.4,60.0,5.48
35.78,72.9,61.0,5.48
36.36,72.6,58.0,5.16
34.8,72.6,60.0,5.16
34.9,72.4,60.0,5.16
35.09,72.6,58.0,5.16
37.44,72.9,59.0,5.16
41.64,72.7,64.0,4.84
57.48,73.0,61.0,4.52
73.51,72.6,61.0,4.52
81.23,73.0,61.0,4.52
89.64,72.9,61.0,5.16
96.19,69.7,57.0,7.42
97.16,65.2,58.0,8.71
96.77,63.6,64.0,9.03
96.77,62.6,56.0,9.03
97.26,61.7,58.0,9.35
97.26,63.1,59.0,9.35
96.58,58.9,60.0,8.39
95.89,60.9,65.0,7.1
96.87,58.5,61.0,8.71
96.87,57.9,54.0,8.71
96.87,56.8,59.0,8.71
96.38,56.2,61.0,8.71
95.5,56.3,59.0,9.03
93.65,57.4,60.0,8.39
90.13,60.4,61.0,6.77
88.27,61.1,54.0,6.77
81.53,63.6,62.0,5.48
68.72,65.3,67.0,5.48
43.4,66.0,72.0,5.16
37.93,65.6,64.0,5.16
36.07,65.8,61.0,5.16
34.99,65.3,60.0,5.16
35.58,65.3,61.0,5.16
36.56,65.8,64.0,5.16
35.29,66.3,64.0,4.84
34.8,66.3,61.0,4.84
36.56,65.8,61.0,5.16
0.59,65.3,65.0,5.16
0.49,65.5,60.0,4.84
0.59,64.9,60.0,5.16
0.59,63.4,63.0,5.16
0.59,63.9,64.0,5.16
0.59,64.1,60.0,5.16
0.49,64.5,61.0,5.16
0.59,64.7,58.0,5.16
0.59,69.6,70.0,4.84
0.59,70.4,63.0,4.84
0.49,70.5,59.0,4.84
0.59,71.0,51.0,4.84
0.49,71.2,61.0,5.16
0.39,71.2,60.0,5.16
0.49,71.3,56.0,5.16
0.39,71.0,62.0,4.52
0.39,71.5,60.0,4.84
0.39,71.3,52.0,5.16
0.39,70.4,63.0,4.84
0.49,68.8,53.0,3.87
0.29,70.4,71.0,3.23
0.49,71.0,63.0,3.23
0.39,71.6,63.0,4.52
0.39,69.9,73.0,4.84
0.49,70.1,60.0,4.19
0.68,70.7,61.0,5.16
0.39,71.0,61.0,4.19
0.39,70.2,63.0,4.19
0.39,70.2,67.0,3.87
36.27,70.1,57.0,3.87
36.07,70.2,58.0,4.19
36.07,68.9,62.0,3.87
34.7,69.7,70.0,3.87
36.95,69.6,65.0,3.55
35.19,70.2,62.0,3.23
36.36,70.7,64.0,3.23
34.21,70.5,65.0,2.9
34.9,70.7,64.0,2.9
34.21,70.4,64.0,2.58
40.18,71.2,63.0,2.9
53.37,71.3,64.0,2.9
74.19,70.7,61.0,2.26
88.66,71.2,64.0,2.9
94.43,70.2,65.0,3.87
96.09,68.6,62.0,5.16
97.16,64.7,63.0,7.74
96.58,65.6,60.0,6.13
97.56,64.2,61.0,9.03
97.65,60.6,59.0,9.35
97.75,54.0,59.0,9.35
97.26,54.3,57.0,9.03
97.36,53.8,59.0,9.03
94.04,56.0,57.0,7.42
91.59,60.0,54.0,6.13
90.03,60.8,56.0,5.81
89.54,62.0,63.0,5.81
86.12,63.3,59.0,5.48
89.54,63.3,71.0,5.81
86.12,63.9,65.0,6.13
80.06,63.7,59.0,6.13
77.71,64.4,69.0,5.81
63.24,65.0,63.0,5.48
35.68,65.6,57.0,5.48
36.36,65.2,59.0,6.13
33.82,63.9,71.0,6.13
35.58,61.5,58.0,6.13
35.78,60.4,62.0,5.81
35.88,61.9,66.0,5.81
34.7,62.2,70.0,5.81
34.12,62.0,61.0,5.48
35.78,62.5,68.0,5.48
34.21,63.9,60.0,5.48
0.78,64.9,59.0,5.48
0.88,67.4,63.0,5.16
0.88,70.4,60.0,4.84
0.88,71.3,63.0,4.84
0.88,71.5,66.0,5.16
0.78,71.5,74.0,5.81
0.59,68.2,66.0,6.13
0.59,66.7,78.0,6.13
0.59,65.8,72.0,6.13
0.49,64.5,65.0,6.45
0.59,63.4,72.0,6.45
0.59,65.2,67.0,5.48
0.49,69.4,66.0,4.84
0.49,70.1,60.0,4.52
0.59,70.5,63.0,4.84
0.59,71.0,74.0,4.84
0.49,71.6,76.0,4.84
0.59,71.9,64.0,4.84
0.49,72.4,71.0,5.16
0.49,72.7,64.0,5.16
0.49,73.2,63.0,6.45
0.49,71.9,65.0,6.13
0.39,71.6,66.0,6.77
0.29,71.0,67.0,6.77
0.39,70.2,65.0,6.77
0.29,70.2,66.0,6.45
0.39,70.1,64.0,6.45
0.29,70.7,75.0,6.13
0.39,68.3,65.0,6.13
0.39,65.3,62.0,6.13
0.39,63.1,62.0,5.81
0.39,61.1,73.0,5.81
0.49,59.8,55.0,5.81
0.49,59.3,61.0,5.48
0.39,59.5,70.0,5.48
0.49,59.5,66.0,5.16
0.49,58.2,56.0,5.16
0.88,58.5,69.0,5.16
4.59,58.5,57.0,5.16
30.2,58.9,63.0,4.84
62.76,59.6,67.0,4.52
78.4,60.3,63.0,4.52
90.71,59.2,66.0,4.84
94.72,57.1,63.0,5.48
95.89,55.2,70.0,6.13
96.77,53.0,68.0,7.1
94.72,53.5,74.0,6.77
96.97,64.7,63.0,6.45
74.39,66.1,66.0,4.84
74.39,69.1,66.0,3.23
64.22,68.3,74.0,3.87
96.09,68.8,68.0,3.87
96.38,66.1,69.0,6.13
95.21,66.9,70.0,5.81
85.34,68.2,64.0,5.16
92.77,66.9,61.0,5.81
94.92,68.3,65.0,6.77
93.26,68.0,69.0,7.1
90.91,62.5,61.0,6.13
82.89,63.0,69.0,5.48
69.89,58.1,72.0,5.48
32.26,59.5,69.0,4.52
5.57,64.4,60.0,2.26
0.98,66.4,66.0,2.26
0.49,67.1,66.0,2.26
0.49,67.7,70.0,2.58
0.49,67.2,63.0,2.9
0.49,67.1,67.0,2.9
0.59,66.1,65.0,3.55
0.59,65.5,64.0,3.87
0.68,65.6,57.0,2.9
0.49,68.2,68.0,1.61
0.59,68.8,63.0,1.29
0.68,68.2,62.0,1.29
0.49,68.3,62.0,0.97
0.39,68.5,63.0,0.97
0.39,67.4,66.0,1.29
0.49,66.4,64.0,1.29
0.49,66.3,64.0,1.29
0.49,66.3,62.0,1.61
0.39,64.9,63.0,1.94
0.39,68.5,58.0,1.94
0.39,64.4,63.0,1.94
0.39,63.7,64.0,1.61
0.39,63.7,64.0,1.61
0.39,63.7,63.0,1.61
0.39,63.9,63.0,1.61
0.39,64.2,65.0,1.94
0.39,63.0,63.0,1.94
0.39,63.1,61.0,1.94
0.39,63.6,64.0,2.26
0.29,62.8,66.0,2.26
0.39,62.3,63.0,2.58
0.39,60.9,62.0,2.26
0.39,61.5,58.0,1.94
0.39,61.9,63.0,1.94
0.39,62.6,59.0,2.26
0.39,62.6,54.0,1.94
0.49,63.1,61.0,1.94
0.29,63.7,61.0,1.94
0.39,64.5,65.0,1.94
0.39,65.2,65.0,2.58
0.49,63.7,63.0,2.9
0.39,64.2,61.0,3.23
0.49,64.1,62.0,3.55
0.49,65.8,66.0,3.55
0.59,65.5,61.0,3.55
0.68,66.0,60.0,3.87
0.78,67.1,60.0,4.52
2.35,67.5,58.0,4.52
17.3,68.3,53.0,4.19
40.47,69.4,59.0,4.52
55.62,68.9,61.0,4.84
57.48,69.3,58.0,4.84
71.65,68.9,60.0,4.84
81.53,69.3,60.0,5.16
83.28,71.2,58.0,5.81
81.43,72.3,61.0,5.81
83.19,73.2,57.0,6.13
86.32,73.5,58.0,6.45
85.14,73.7,56.0,6.77
89.05,74.3,58.0,7.1
88.37,74.8,55.0,7.74
88.56,74.9,61.0,8.06
87.59,75.3,51.0,8.39
89.05,75.3,69.0,8.39
83.28,75.1,59.0,8.71
80.06,74.9,75.0,8.71
73.8,74.9,62.0,8.71
65.79,75.1,63.0,8.71
56.6,74.9,63.0,9.03
43.99,74.5,53.0,9.35
28.84,74.0,58.0,9.35
9.09,74.0,67.0,9.35
1.37,73.7,67.0,9.35
0.78,73.4,65.0,9.35
0.78,73.4,64.0,9.35
0.78,73.2,70.0,9.35
0.68,73.0,73.0,9.68
0.59,72.9,56.0,9.68
0.59,72.9,61.0,9.68
0.59,73.8,67.0,9.68
0.68,71.2,62.0,9.68
0.68,68.9,62.0,9.68
0.68,68.2,72.0,9.68
0.59,68.0,74.0,9.35
0.68,68.0,68.0,9.68
0.59,68.5,68.0,9.68
0.59,68.0,77.0,10.0
0.59,67.5,67.0,10.0
0.68,66.9,66.0,10.0
0.59,66.4,63.0,10.32
0.59,66.1,54.0,10.32
0.59,66.1,63.0,10.0
0.39,65.8,56.0,10.0
0.39,66.3,63.0,9.68
0.49,66.7,54.0,9.68
0.49,66.7,73.0,9.68
0.59,67.5,75.0,9.03
0.49,69.7,72.0,8.71
0.59,73.2,61.0,8.71
0.39,73.7,63.0,8.39
0.39,74.2,63.0,9.03
0.39,72.6,62.0,9.03
0.39,70.5,74.0,8.71
0.39,69.3,53.0,8.71
0.39,68.8,66.0,8.71
78.1,67.5,63.0,2.26
84.85,49.2,63.0,1.94
82.99,49.6,63.0,1.61
79.37,48.1,64.0,1.29
83.38,48.9,63.0,1.29
83.77,49.9,63.0,1.29
90.13,50.0,66.0,1.61
88.27,51.0,64.0,1.61
90.03,51.9,66.0,1.61
92.86,51.4,64.0,1.61
92.28,50.2,62.0,2.58
91.4,47.2,67.0,1.94
97.26,48.9,59.0,3.23
97.16,48.6,66.0,7.1
91.98,41.8,69.0,2.58
89.83,46.7,70.0,1.94
93.84,49.1,62.0,2.58
88.17,49.7,54.0,0.65
90.81,46.7,70.0,2.58
88.17,45.3,65.0,0.32
78.79,49.2,72.0,-0.65
59.14,49.4,68.0,-0.97
29.72,50.0,66.0,-0.97
89.25,48.3,65.0,-0.65
36.76,42.5,63.0,-0.65
37.63,38.2,65.0,-0.65
35.58,38.2,63.0,-0.97
35.78,41.0,63.0,-1.29
37.15,44.5,62.0,-1.29
37.44,47.3,67.0,-1.61
37.24,54.9,63.0,-1.94
6.26,60.8,64.0,-1.94
6.35,61.4,82.0,-2.26
6.35,61.5,65.0,-2.26
6.16,62.0,65.0,-2.26
6.16,61.9,68.0,-2.26
6.26,60.9,64.0,-2.58
6.16,60.8,65.0,-2.58
6.16,60.9,68.0,-2.9
6.16,58.1,67.0,-2.9
6.16,56.7,67.0,-3.23
6.16,54.0,67.0,-2.9
5.96,47.7,62.0,-2.9
5.86,44.8,62.0,-3.55
5.86,49.2,65.0,-3.23
5.77,46.7,61.0,-3.55
5.77,47.3,64.0,-3.23
5.67,46.7,62.0,-3.23
5.57,46.2,56.0,-3.55
5.57,46.2,62.0,-3.87
5.47,46.7,66.0,-3.87
5.47,47.7,65.0,-3.87
5.38,48.0,63.0,-4.19
5.38,47.8,63.0,-4.19
5.38,47.0,65.0,-3.87
5.28,45.8,69.0,-4.19
5.28,44.7,69.0,-4.52
5.28,43.7,65.0,-4.52
5.28,44.2,65.0,-4.52
5.18,43.6,68.0,-4.19
36.46,43.1,65.0,-4.52
38.71,43.3,64.0,-4.52
37.54,42.1,65.0,-4.19
37.93,42.0,65.0,-4.52
36.66,41.8,66.0,-4.19
39.0,42.5,69.0,-4.52
37.05,43.6,64.0,-4.19
36.27,44.8,72.0,-3.87
38.12,45.9,66.0,-4.19
37.05,45.1,66.0,-4.19
38.32,44.7,74.0,-4.52
44.97,44.7,83.0,-4.52
63.73,45.5,73.0,-4.52
76.93,47.3,66.0,-4.19
87.88,45.5,65.0,-4.52
86.02,43.1,65.0,-4.52
90.52,43.6,65.0,-1.61
96.58,40.3,65.0,-0.97
97.56,39.3,70.0,1.94
97.65,33.5,66.0,-0.32
97.56,37.1,66.0,-0.65
95.11,38.5,72.0,-3.55
93.74,38.2,65.0,-3.55
93.35,38.4,66.0,-4.19
93.65,38.4,72.0,-3.87
93.06,38.8,63.0,-4.52
91.4,39.6,65.0,-4.52
90.81,39.8,63.0,-4.52
90.62,41.0,63.0,-4.84
90.13,40.4,64.0,-4.84
88.27,40.7,64.0,-4.52
88.76,41.2,64.0,-5.16
83.58,41.0,63.0,-5.81
73.41,42.9,65.0,-6.13
50.73,44.2,66.0,-6.13
38.61,44.7,65.0,-6.45
34.99,45.8,66.0,-6.45
35.88,46.2,66.0,-6.13
37.44,46.2,67.0,-6.45
35.68,46.1,69.0,-6.45
37.24,45.0,68.0,-6.13
37.54,43.6,68.0,-6.13
38.22,43.9,67.0,-6.45
4.59,45.6,66.0,-6.77
4.69,45.9,67.0,-7.1
4.3,45.8,69.0,-7.74
4.2,47.5,69.0,-7.42
4.2,48.6,71.0,-7.74
4.2,48.5,72.0,-7.42
4.59,49.1,70.0,-7.1
4.11,47.7,70.0,-7.42
4.2,47.3,70.0,-7.1
4.2,47.8,68.0,-7.42
4.11,48.5,70.0,-7.42
4.11,48.5,66.0,-7.42
4.11,48.6,71.0,-7.42
4.11,48.5,70.0,-7.1
4.01,48.1,70.0,-7.1
4.11,48.3,71.0,-7.1
4.11,48.8,71.0,-7.42
4.11,49.7,67.0,-7.74
4.11,52.4,72.0,-8.06
4.2,53.3,70.0,-8.06
4.3,53.5,68.0,-7.74
4.3,52.7,69.0,-7.74
4.2,52.7,68.0,-8.06
4.11,51.9,69.0,-8.06
4.11,52.7,71.0,-8.06
4.11,52.9,71.0,-8.39
4.11,54.3,69.0,-8.71
4.11,55.1,70.0,-8.39
37.63,54.8,71.0,-8.06
39.39,54.6,70.0,-8.39
36.95,55.2,68.0,-8.39
37.24,55.2,66.0,-8.71
37.05,55.1,68.0,-8.39
37.93,55.1,68.0,-8.06
35.39,54.4,67.0,-7.74
35.78,53.7,67.0,-7.74
35.68,53.3,65.0,-7.42
37.44,53.3,66.0,-7.42
38.22,52.9,67.0,-7.42
42.03,52.7,67.0,-6.77
71.75,51.8,66.0,-6.13
88.17,51.0,66.0,-6.45
96.19,49.7,66.0,-2.58
97.07,44.4,66.0,-0.65
97.46,41.5,66.0,0.97
97.46,39.6,64.0,0.65
97.65,39.2,65.0,1.61
97.65,37.3,64.0,1.94
97.56,36.2,64.0,1.61
97.36,35.5,67.0,1.61
97.46,36.5,66.0,0.97
97.26,36.8,64.0,1.29
97.26,38.4,65.0,0.65
97.07,37.6,64.0,0.65
96.19,36.6,63.0,-0.65
93.45,37.1,66.0,-2.58
90.32,41.2,64.0,-3.55
87.78,42.8,64.0,-3.87
84.16,43.4,65.0,-3.87
77.03,43.4,65.0,-3.87
64.91,43.1,65.0,-3.87
40.66,42.5,63.0,-3.87
37.83,42.1,65.0,-3.55
35.78,41.5,63.0,-3.55
35.88,40.7,63.0,-3.55
38.02,41.7,64.0,-3.55
35.68,42.0,62.0,-3.55
37.73,42.8,64.0,-3.87
37.63,44.0,64.0,-3.87
37.34,44.8,65.0,-3.87
4.2,45.9,65.0,-3.87
4.01,45.5,64.0,-3.87
4.11,44.8,64.0,-3.87
4.01,43.4,65.0,-3.87
4.01,41.4,67.0,-3.87
4.01,41.5,63.0,-3.87
4.01,41.4,63.0,-3.87
4.11,41.0,70.0,-3.87
4.11,41.0,64.0,-3.87
4.11,41.8,63.0,-3.55
4.01,43.3,64.0,-3.55
4.01,44.2,64.0,-3.55
4.01,44.2,61.0,-3.55
4.01,45.1,63.0,-3.55
3.91,45.6,65.0,-3.55
4.01,46.6,63.0,-3.55
4.01,47.0,62.0,-3.55
4.01,48.0,73.0,-3.55
4.4,48.8,65.0,-3.87
5.38,54.3,67.0,-4.19
6.55,57.0,63.0,-4.19
7.92,59.3,66.0,-4.19
8.99,60.3,63.0,-4.19
9.38,61.5,64.0,-3.87
9.48,61.2,59.0,-3.55
9.48,61.4,66.0,-3.55
9.38,61.2,65.0,-3.23
9.38,61.4,67.0,-2.9
9.38,60.4,67.0,-2.58
9.29,59.8,66.0,-2.58
9.29,60.4,71.0,-2.58
9.38,61.1,67.0,-2.26
9.38,62.2,64.0,-2.26
9.38,63.1,73.0,-2.26
9.19,64.4,69.0,-1.61
9.19,65.0,68.0,-1.61
9.19,65.5,66.0,-1.29
9.19,66.1,69.0,-0.65
9.29,67.7,65.0,0.32
11.14,67.8,81.0,0.32
25.22,68.5,66.0,0.65
46.04,68.9,72.0,0.97
68.92,69.3,69.0,1.29
84.16,69.4,65.0,1.29
86.02,69.7,66.0,1.29
88.46,69.7,64.0,1.61
88.86,69.9,65.0,2.26
88.86,70.2,65.0,2.58
90.71,70.5,65.0,3.23
91.98,70.7,62.0,3.23
90.52,70.5,63.0,3.55
92.57,70.2,61.0,3.87
93.45,70.8,63.0,4.52
92.96,70.7,62.0,5.16
92.77,69.9,70.0,5.16
90.42,69.7,65.0,5.16
90.52,69.7,65.0,5.16
90.52,70.2,63.0,4.84
89.74,70.2,64.0,4.52
89.54,70.2,64.0,4.84
86.02,70.5,63.0,4.19
80.64,70.1,66.0,3.55
68.72,70.4,63.0,3.23
46.82,70.1,63.0,2.9
11.05,70.2,64.0,2.58
4.01,70.2,61.0,2.26
3.13,70.4,64.0,2.9
2.93,71.3,63.0,3.23
3.03,70.8,60.0,2.9
3.13,70.5,63.0,2.9
3.42,70.7,64.0,2.58
3.52,70.5,64.0,2.58
7.04,70.5,62.0,2.58
8.99,70.5,63.0,2.58
6.94,70.5,63.0,2.58
6.94,70.2,63.0,2.26
6.94,69.9,63.0,1.94
6.94,70.4,64.0,1.94
6.94,70.4,65.0,1.94
6.94,70.5,63.0,1.94
6.84,70.4,63.0,1.94
6.74,70.1,64.0,1.94
6.84,70.1,64.0,1.61
6.84,70.1,62.0,1.61
6.84,69.7,64.0,1.61
6.84,69.9,63.0,1.29
6.84,69.6,63.0,1.29
6.84,69.6,64.0,1.29
6.84,69.7,64.0,1.29
6.84,69.3,65.0,1.29
6.84,69.4,64.0,0.97
6.84,67.8,64.0,0.97
6.74,68.2,65.0,0.97
6.84,68.3,64.0,0.97
6.74,66.6,65.0,0.97
6.84,65.0,63.0,0.97
6.94,64.7,63.0,0.65
6.84,64.7,64.0,0.65
7.04,64.4,63.0,0.65
6.84,63.7,64.0,0.97
6.74,64.2,64.0,0.65
6.74,65.0,64.0,0.65
6.84,64.7,63.0,0.32
6.74,64.5,64.0,0.32
6.74,65.2,64.0,0.0
6.65,64.7,64.0,-0.65
6.65,65.6,65.0,-0.65
2.74,65.5,63.0,-0.97
2.74,66.0,67.0,-0.97
3.32,65.8,67.0,-0.97
6.55,65.8,68.0,-0.97
32.65,65.5,66.0,-0.97
66.08,65.5,67.0,-0.97
78.4,66.1,68.0,-0.97
86.12,65.3,67.0,-0.65
89.25,64.4,67.0,-0.32
89.74,63.4,66.0,0.0
89.54,62.6,66.0,0.32
90.62,62.8,66.0,0.32
91.79,62.5,66.0,0.32
90.62,61.9,66.0,0.32
90.91,61.2,66.0,0.65
92.57,61.5,66.0,0.65
92.47,62.0,66.0,0.65
93.74,61.5,66.0,1.29
95.11,56.5,65.0,3.23
94.92,59.3,67.0,1.61
93.45,56.5,66.0,1.94
87.49,59.5,66.0,0.97
84.95,60.9,65.0,0.65
83.28,61.4,65.0,0.32
79.86,61.7,76.0,0.32
74.1,62.3,65.0,0.0
62.46,63.4,65.0,-0.32
49.27,63.3,65.0,-0.32
22.48,63.7,65.0,-0.65
5.08,63.9,65.0,-0.32
3.42,65.5,66.0,-0.65
3.03,65.8,66.0,-0.32
3.03,65.6,69.0,-0.32
3.42,65.8,65.0,-0.32
3.62,66.1,66.0,-0.32
3.32,66.1,66.0,-0.32
3.32,66.9,65.0,-0.32
3.42,67.7,66.0,-0.32
3.32,67.5,66.0,-0.32
7.33,67.8,63.0,-0.32
7.23,68.0,67.0,-0.32
7.23,68.0,68.0,0.0
7.23,67.5,66.0,0.0
7.23,67.2,64.0,0.32
7.14,66.6,66.0,0.65
7.04,66.0,64.0,0.97
6.94,66.0,64.0,0.97
7.04,66.3,62.0,1.29
6.94,66.0,63.0,1.29
6.94,66.1,63.0,1.61
6.84,66.9,62.0,1.61
6.84,67.4,65.0,1.61
6.84,67.4,62.0,1.61
6.84,67.7,64.0,1.94
37.44,71.2,66.0,3.23
34.41,71.0,63.0,2.9
36.95,71.3,63.0,3.23
34.6,71.5,63.0,3.55
36.27,71.2,63.0,3.87
37.54,70.5,62.0,3.87
42.52,70.2,62.0,3.87
48.29,70.4,62.0,3.87
69.7,70.5,62.0,3.87
72.92,70.1,62.0,3.87
75.07,69.4,61.0,3.87
77.32,70.2,62.0,3.55
74.78,70.7,62.0,3.55
80.55,71.3,65.0,3.55
81.53,71.2,65.0,3.55
86.9,71.5,62.0,3.55
85.63,71.5,62.0,3.87
86.41,71.8,62.0,3.87
91.2,67.4,66.0,4.84
85.44,68.2,63.0,4.52
83.68,69.1,61.0,4.19
81.92,68.9,63.0,4.19
83.38,69.3,61.0,3.87
82.7,68.8,62.0,3.87
78.98,68.2,62.0,3.87
76.05,67.8,62.0,3.87
78.69,67.1,62.0,3.87
73.41,66.7,63.0,3.55
45.36,66.3,64.0,3.55
30.99,65.8,64.0,3.23
37.15,64.7,62.0,3.23
34.8,65.3,62.0,2.9
36.85,65.8,61.0,2.58
36.36,65.6,66.0,2.58
36.95,65.3,65.0,2.26
35.88,65.3,67.0,2.26
36.95,64.4,63.0,2.26
35.48,62.8,69.0,2.26
2.84,61.5,63.0,2.26
2.84,61.4,70.0,2.26
2.84,61.7,66.0,1.94
2.74,61.4,72.0,1.94
2.74,61.2,64.0,1.61
2.74,62.2,69.0,1.61
2.84,63.6,69.0,1.29
2.84,64.4,68.0,1.29
2.74,66.0,73.0,1.29
2.74,66.4,73.0,1.29
2.74,66.0,62.0,1.29
2.74,66.0,66.0,1.61
2.74,65.3,67.0,1.61
2.84,66.0,71.0,1.61
2.84,67.4,65.0,1.29
2.84,67.2,65.0,1.29
2.74,67.8,67.0,0.97
2.74,68.0,66.0,1.29
2.74,67.7,61.0,0.97
2.74,68.6,69.0,0.97
2.93,68.9,65.0,0.97
2.93,69.4,62.0,1.29
2.93,70.1,65.0,1.29
2.93,70.1,68.0,1.29
3.03,70.2,65.0,1.29
3.03,70.2,67.0,1.29
3.03,70.1,73.0,1.29
3.03,69.9,72.0,1.29
35.29,69.9,65.0,1.29
35.97,69.6,63.0,1.29
37.05,69.9,63.0,1.29
37.05,69.9,69.0,1.61
35.68,70.2,72.0,1.61
34.7,70.1,62.0,1.61
35.58,69.7,70.0,1.61
31.67,70.5,65.0,1.29
33.14,70.7,64.0,1.61
33.43,70.5,68.0,1.61
34.12,70.4,63.0,1.94
34.41,70.8,69.0,1.94
38.81,70.7,64.0,1.61
50.73,70.5,66.0,1.61
67.25,70.8,66.0,1.29
67.84,70.5,71.0,1.29
72.92,70.7,63.0,1.61
78.69,70.5,67.0,1.61
79.76,71.0,67.0,1.61
32.55,71.9,64.0,2.26
63.15,71.9,63.0,2.58
70.19,72.3,75.0,2.9
72.24,71.9,76.0,2.9
72.04,71.9,69.0,2.9
2.93,60.4,66.0,-0.32
2.93,59.8,62.0,-0.32
2.93,60.6,65.0,-0.65
2.93,60.6,65.0,-0.97
3.03,60.4,64.0,-0.65
3.03,61.1,63.0,-0.65
3.03,61.5,64.0,-0.97
3.13,62.2,67.0,-1.29
3.13,62.3,66.0,-1.61
3.13,63.7,67.0,-1.94
3.13,64.1,66.0,-2.58
3.03,65.0,67.0,-2.58
3.13,65.2,69.0,-2.26
3.03,64.5,67.0,-1.94
3.13,64.5,69.0,-2.26
3.13,65.2,70.0,-2.26
3.03,64.7,68.0,-1.94
3.03,63.9,65.0,-1.61
3.03,64.2,65.0,-1.61
3.52,64.7,65.0,-1.29
3.62,65.8,64.0,-0.97
3.52,66.4,67.0,-0.65
3.52,66.7,65.0,-0.32
3.52,66.1,66.0,0.0
3.42,64.4,65.0,0.65
3.42,63.4,62.0,0.97
3.42,60.8,63.0,0.65
3.52,59.3,63.0,0.65
3.52,58.7,59.0,0.32
4.01,59.3,61.0,0.0
5.77,59.8,65.0,-0.32
20.92,60.1,66.0,0.0
58.06,59.5,65.0,0.0
78.69,60.1,65.0,-0.32
91.98,60.0,65.0,0.32
95.7,56.5,65.0,1.94
93.35,55.7,64.0,1.61
92.08,59.2,65.0,0.65
94.33,59.2,65.0,1.29
97.85,49.9,65.0,6.77
94.43,53.0,63.0,2.58
94.62,54.6,66.0,2.58
97.56,50.7,68.0,6.45
96.87,49.4,61.0,4.52
95.11,49.9,62.0,4.19
96.77,53.7,63.0,3.87
90.62,56.0,64.0,2.26
90.71,58.1,65.0,1.94
88.56,59.8,64.0,1.61
84.85,61.5,64.0,1.29
84.56,63.0,64.0,0.97
86.02,64.2,65.0,0.65
79.08,65.2,65.0,0.32
75.17,65.8,65.0,0.32
68.92,66.3,65.0,0.32
51.22,66.0,64.0,0.32
23.36,66.6,68.0,0.32
6.45,66.6,66.0,0.32
3.42,66.3,66.0,0.32
3.13,66.7,65.0,0.32
2.93,66.4,66.0,0.32
2.84,65.8,66.0,0.32
2.74,65.0,65.0,0.0
2.74,64.4,65.0,0.0
2.74,64.2,67.0,0.0
2.74,64.2,64.0,0.0
2.74,63.1,64.0,0.0
2.84,62.3,64.0,-0.32
2.84,60.8,67.0,0.0
2.84,60.1,65.0,0.0
2.84,59.5,65.0,0.0
2.84,59.6,82.0,-0.32
2.84,60.4,63.0,-0.32
2.84,61.1,61.0,-0.32
2.93,61.7,63.0,-0.32
2.93,62.2,65.0,-0.32
2.93,63.0,64.0,-0.65
3.03,64.2,67.0,-0.65
2.84,63.6,66.0,-0.32
2.84,63.7,60.0,-0.32
2.84,63.3,68.0,-0.32
2.74,62.3,63.0,0.0
2.74,62.2,63.0,0.0
2.84,62.3,67.0,-0.32
2.84,62.0,66.0,-0.32
2.84,61.9,51.0,-0.65
2.84,61.1,63.0,-0.32
2.84,61.4,64.0,-0.32
2.93,62.8,60.0,-0.32
3.13,63.4,62.0,-0.32
3.23,63.9,66.0,-0.32
3.32,63.4,67.0,-0.65
3.42,63.4,65.0,-0.65
3.42,63.4,66.0,-0.65
3.42,63.4,67.0,-0.97
3.52,62.3,66.0,-0.97
3.52,60.9,64.0,-1.29
3.52,60.4,64.0,-1.29
3.62,60.6,63.0,-1.94
3.72,60.6,68.0,-1.94
3.81,60.1,61.0,-2.26
4.5,58.4,67.0,-2.26
12.51,58.1,67.0,-2.58
45.75,57.8,67.0,-2.58
72.14,57.3,66.0,-2.58
82.6,56.3,65.0,-2.58
95.41,50.7,69.0,0.97
96.97,43.9,66.0,4.52
97.36,39.8,63.0,7.74
97.85,36.9,61.0,10.0
97.75,35.7,61.0,10.0
98.04,35.7,53.0,10.65
97.95,34.7,60.0,10.65
97.95,36.0,51.0,8.71
97.56,37.4,61.0,8.71
97.46,35.7,60.0,9.03
97.56,35.8,54.0,10.0
97.46,36.5,60.0,10.0
97.46,36.3,56.0,10.0
97.16,38.2,50.0,8.39
96.68,39.3,52.0,7.1
95.8,39.2,61.0,8.06
94.23,39.9,64.0,7.42
93.65,40.4,66.0,7.1
91.89,40.4,50.0,5.81
88.76,47.5,50.0,0.0
80.55,51.3,52.0,-0.97
64.91,52.2,59.0,-1.61
31.77,53.8,62.0,-1.94
7.33,54.8,63.0,-1.94
3.81,54.8,60.0,-2.26
3.62,54.6,63.0,-2.26
3.62,54.8,64.0,-2.26
3.52,55.7,66.0,-2.26
3.52,55.5,65.0,-2.58
3.52,55.5,62.0,-2.58
3.62,55.9,61.0,-2.58
3.52,55.1,61.0,-2.58
3.62,54.9,63.0,-2.9
3.62,54.4,62.0,-2.9
3.62,54.1,62.0,-2.9
3.62,53.5,60.0,-2.9
3.72,55.5,50.0,-3.55
3.72,57.4,62.0,-3.87
3.72,57.9,62.0,-4.19
3.72,56.8,64.0,-3.55
3.72,53.8,65.0,-3.23
3.62,53.5,61.0,-3.55
3.91,53.5,61.0,-3.23
3.72,53.2,61.0,-3.23
3.72,53.0,64.0,-3.23
3.72,53.5,62.0,-3.23
3.72,56.3,64.0,-4.52
3.72,56.7,65.0,-4.52
3.72,55.2,63.0,-3.87
3.72,55.2,63.0,-4.52
3.72,57.3,67.0,-4.84
3.72,57.8,66.0,-4.84
3.72,57.6,67.0,-4.84
3.72,57.1,68.0,-5.16
3.72,58.2,65.0,-5.16
3.72,58.1,64.0,-5.16
3.81,58.5,71.0,-4.84
3.72,57.8,63.0,-4.52
37.63,56.7,66.0,-4.19
35.88,55.9,67.0,-3.87
38.12,56.0,66.0,-4.19
35.68,55.5,68.0,-3.87
35.58,55.4,67.0,-4.19
35.88,56.3,67.0,-4.52
37.24,56.0,68.0,-4.84
36.27,56.8,68.0,-4.84
36.46,56.0,67.0,-4.84
37.54,56.5,68.0,-4.52
33.43,55.9,67.0,-4.84
65.79,55.7,67.0,-4.84
86.12,56.2,68.0,-4.52
94.33,50.3,67.0,-2.26
96.28,46.2,66.0,0.0
97.26,41.4,68.0,3.55
97.75,40.1,66.0,6.45
97.75,36.5,65.0,9.68
97.85,34.1,60.0,7.74
97.95,36.2,60.0,7.1
97.85,34.7,60.0,8.06
97.46,38.4,61.0,5.48
97.56,35.1,60.0,8.71
97.56,34.4,62.0,9.35
97.56,34.4,59.0,10.0
97.46,35.2,57.0,10.65
97.36,33.9,57.0,10.65
96.97,32.8,54.0,9.68
96.48,34.7,51.0,10.32
95.41,35.1,53.0,9.35
93.74,36.9,50.0,7.42
92.77,38.5,50.0,6.77
88.66,40.7,60.0,3.87
85.24,48.9,60.0,0.0
76.44,50.7,60.0,-0.65
54.45,51.3,58.0,-0.97
38.71,51.8,63.0,-0.97
35.09,51.3,64.0,-0.97
36.36,52.1,63.0,-0.97
36.76,53.2,62.0,-1.61
34.7,53.8,64.0,-1.94
34.7,54.6,60.0,-2.26
36.76,54.9,63.0,-2.58
3.72,54.0,65.0,-2.26
3.72,53.5,65.0,-2.58
3.62,53.5,59.0,-2.58
3.62,54.4,62.0,-2.58
3.72,54.6,64.0,-2.9
3.62,54.8,64.0,-2.9
3.72,55.4,61.0,-3.23
3.72,55.5,62.0,-3.23
3.72,55.9,63.0,-3.23
3.72,56.3,58.0,-3.23
3.72,57.0,61.0,-3.23
3.81,57.8,59.0,-4.19
3.81,58.4,62.0,-4.19
3.72,58.4,65.0,-4.19
3.72,59.0,65.0,-2.58
3.72,59.2,67.0,-4.19
3.72,59.6,68.0,-4.52
3.81,60.4,63.0,-4.84
3.81,60.3,65.0,-5.16
3.91,60.0,65.0,-5.81
3.81,60.4,67.0,-5.48
3.81,60.8,71.0,-5.48
3.81,60.8,70.0,-5.48
3.81,61.1,67.0,-5.81
3.91,61.2,69.0,-5.48
3.91,60.9,69.0,-6.13
3.81,60.9,67.0,-6.13
3.81,61.1,67.0,-5.81
35.78,60.9,70.0,-5.81
36.85,60.9,70.0,-5.81
36.95,61.1,70.0,-5.48
38.9,60.9,72.0,-5.16
38.71,60.1,71.0,-5.16
38.22,60.1,70.0,-4.84
38.02,59.8,72.0,-4.52
37.34,60.1,70.0,-4.52
38.61,60.4,70.0,-3.87
36.36,59.8,69.0,-3.55
37.34,59.8,67.0,-3.55
31.96,59.0,69.0,-3.23
70.38,58.7,67.0,-2.9
73.7,57.4,70.0,-2.26
82.89,57.9,69.0,-1.94
83.28,56.7,69.0,-1.61
85.34,55.9,68.0,-1.29
86.12,55.9,75.0,-0.97
86.32,54.8,66.0,-0.65
85.73,54.9,66.0,-0.65
88.46,54.9,66.0,-0.65
90.81,54.8,66.0,-0.32
90.52,54.0,64.0,0.0
89.83,53.7,63.0,0.0
90.03,53.8,66.0,0.0
90.91,54.3,67.0,0.32
90.81,54.1,63.0,0.32
90.91,54.4,62.0,0.65
91.69,54.1,64.0,0.97
92.57,54.4,64.0,1.29
88.56,54.8,65.0,1.29
84.56,55.1,83.0,0.97
80.06,55.4,63.0,0.97
78.01,56.0,72.0,0.97
74.39,55.9,64.0,0.97
55.23,56.7,63.0,0.97
25.71,56.2,62.0,0.97
36.36,56.8,61.0,0.97
34.51,57.0,62.0,0.97
34.51,56.8,62.0,0.97
36.46,57.0,63.0,0.97
37.05,57.3,61.0,0.97
36.46,57.8,63.0,0.97
3.23,57.8,63.0,1.29
3.23,57.6,63.0,1.29
3.23,57.8,62.0,1.29
3.32,57.4,64.0,1.29
3.23,57.3,61.0,1.61
3.23,57.1,65.0,1.61
3.23,56.8,64.0,1.61
3.23,57.3,59.0,1.61
3.13,57.4,63.0,1.94
3.13,57.4,56.0,1.94
3.13,57.4,62.0,1.94
3.13,57.8,60.0,1.94
3.13,57.8,61.0,1.94
3.13,58.5,58.0,1.94
3.03,58.5,59.0,1.61
3.03,59.3,60.0,1.61
3.03,59.6,65.0,1.61
3.03,60.0,64.0,1.61
3.03,60.4,57.0,1.61
3.03,60.9,69.0,1.61
3.03,61.4,71.0,1.61
3.03,60.6,64.0,1.94
2.93,59.5,70.0,1.94
2.93,58.7,62.0,2.26
2.93,58.7,64.0,1.94
2.93,59.0,60.0,2.26
2.93,58.9,63.0,2.26
2.93,59.3,66.0,2.26
37.63,59.8,61.0,2.26
36.17,60.0,65.0,2.58
37.83,60.0,69.0,2.58
35.39,60.3,55.0,2.58
36.85,60.1,66.0,2.58
36.76,60.8,60.0,2.9
35.58,60.9,63.0,2.9
34.02,61.1,62.0,2.58
35.29,62.5,64.0,2.58
35.48,63.0,66.0,2.58
40.08,62.0,66.0,2.9
41.94,61.5,64.0,2.9
67.16,61.7,76.0,2.9
77.22,61.1,65.0,2.9
83.97,61.2,64.0,3.23
86.71,60.9,84.0,3.23
88.46,61.4,63.0,3.55
89.74,61.4,63.0,3.55
88.27,61.9,69.0,3.55
90.81,61.9,69.0,3.87
89.83,62.2,65.0,4.19
89.05,61.9,65.0,3.87
89.64,62.0,66.0,4.19
88.86,61.9,66.0,4.19
89.15,62.8,62.0,4.19
89.54,63.6,63.0,4.19
89.25,64.2,63.0,4.19
86.8,64.4,63.0,4.19
86.12,65.5,63.0,3.87
84.26,66.0,62.0,4.19
82.4,66.6,65.0,3.87
79.18,66.3,64.0,3.87
74.39,67.2,62.0,3.87
69.31,67.5,72.0,3.87
55.33,68.5,63.0,3.55
31.57,68.2,63.0,3.55
37.34,68.5,63.0,3.55
37.63,68.5,68.0,3.55
38.12,68.9,67.0,3.55
35.48,69.3,61.0,3.87
38.12,69.1,72.0,3.55
37.73,69.3,63.0,3.55
38.42,69.1,65.0,3.87
3.03,69.3,63.0,3.87
3.13,69.1,66.0,3.87
3.03,69.6,67.0,3.87
3.03,69.6,73.0,4.19
3.81,70.4,63.0,3.87
3.13,71.0,62.0,3.87
2.93,71.9,63.0,4.19
2.84,72.3,66.0,4.19
2.74,72.4,65.0,4.52
2.74,71.6,63.0,4.52
2.74,71.6,61.0,4.52
2.74,71.5,60.0,4.52
2.74,71.6,61.0,4.52
2.64,71.8,61.0,4.52
2.74,71.9,57.0,4.52
2.64,72.3,57.0,4.52
2.93,72.9,60.0,4.52
2.84,73.0,58.0,4.84
2.64,73.5,60.0,4.52
2.74,73.2,57.0,4.84
2.74,73.5,62.0,4.84
2.74,73.2,59.0,4.52
2.74,73.4,54.0,4.84
2.84,73.2,50.0,4.52
3.03,73.2,61.0,4.52
3.03,73.0,61.0,4.19
2.93,73.0,50.0,4.19
3.03,73.4,54.0,3.87
31.87,73.2,55.0,3.87
33.14,73.5,61.0,4.19
35.19,73.5,60.0,4.52
38.22,73.5,58.0,4.52
35.78,72.9,55.0,4.52
36.66,73.0,60.0,4.52
35.88,72.6,61.0,4.84
36.36,72.6,60.0,5.16
37.15,71.0,64.0,5.16
35.48,70.4,62.0,5.16
40.08,69.9,61.0,5.16
46.53,69.9,65.0,4.84
71.75,69.7,64.0,4.84
85.53,69.9,64.0,4.84
95.8,70.2,63.0,5.81
95.8,62.5,62.0,8.06
97.26,59.6,65.0,10.0
97.65,58.5,61.0,10.32
97.85,53.0,62.0,10.97
97.85,51.6,66.0,11.29
97.75,51.0,61.0,10.97
97.65,53.5,59.0,10.0
97.36,54.0,61.0,10.0
97.65,53.0,64.0,10.97
97.46,52.6,64.0,11.29
97.26,52.6,64.0,10.65
97.36,52.9,61.0,11.29
97.07,51.8,60.0,10.97
96.48,53.7,62.0,10.65
95.6,54.6,57.0,10.0
94.53,54.8,69.0,9.68
93.55,56.7,62.0,9.35
92.18,58.1,61.0,8.39
88.86,61.4,63.0,6.45
83.97,62.8,65.0,6.13
73.12,63.7,64.0,5.48
44.18,64.1,74.0,5.16
37.44,65.0,64.0,5.16
34.99,65.8,75.0,5.16
34.9,66.4,56.0,4.84
36.66,67.4,64.0,4.52
36.07,67.8,61.0,4.52
37.34,68.3,62.0,4.52
3.03,68.6,64.0,4.52
3.13,68.0,60.0,4.52
3.13,67.7,60.0,4.84
3.13,68.2,61.0,4.52
3.23,68.2,59.0,4.52
3.13,68.8,61.0,4.52
3.23,69.1,64.0,4.52
3.13,69.9,61.0,4.19
3.13,70.7,65.0,4.19
3.13,70.4,59.0,4.52
3.32,70.7,61.0,4.52
3.13,70.8,60.0,4.84
3.13,70.7,61.0,4.52
3.23,70.8,66.0,4.52
3.03,71.2,63.0,4.52
3.03,71.0,60.0,4.52
3.03,70.5,59.0,4.52
2.64,71.2,73.0,3.87
2.54,71.0,50.0,4.52
2.64,71.0,63.0,4.52
2.54,71.5,61.0,4.52
2.54,71.5,61.0,4.19
2.44,71.8,59.0,4.19
2.44,71.6,60.0,4.19
2.44,71.8,70.0,4.19
2.54,71.5,62.0,4.19
2.54,71.3,59.0,4.19
2.44,71.0,62.0,4.19
2.54,71.2,52.0,4.19
37.34,70.1,62.0,4.52
37.34,68.3,50.0,4.84
35.48,67.8,50.0,4.84
36.66,67.2,63.0,5.16
36.27,67.1,56.0,4.84
34.8,67.5,59.0,4.84
36.76,67.5,62.0,4.84
37.73,67.7,64.0,4.52
35.39,68.0,61.0,4.19
38.71,68.0,63.0,4.19
48.97,68.5,61.0,4.19
73.8,69.1,63.0,4.19
91.4,68.0,63.0,5.16
95.41,63.3,63.0,6.45
96.97,59.8,62.0,7.74
97.65,56.7,62.0,9.68
97.56,54.9,62.0,10.32
97.85,52.4,63.0,11.29
98.14,50.8,61.0,11.94
97.95,49.4,59.0,12.58
97.95,48.5,57.0,12.9
97.85,49.4,58.0,12.58
97.85,49.6,62.0,12.58
96.58,49.9,58.0,10.97
96.87,56.7,54.0,8.71
96.68,53.8,77.0,9.03
95.8,52.7,63.0,9.35
95.6,55.2,61.0,9.35
96.38,52.6,59.0,11.61
95.31,52.4,58.0,11.61
94.04,53.3,51.0,10.32
93.06,54.4,63.0,10.65
90.81,56.7,73.0,8.71
88.27,60.4,62.0,7.74
78.4,63.3,66.0,6.13
57.58,64.5,69.0,5.48
39.3,65.2,64.0,5.48
37.73,66.1,60.0,5.16
35.09,66.6,63.0,4.84
34.99,66.9,64.0,5.16
37.44,66.7,58.0,4.84
37.83,67.4,63.0,4.19
37.93,67.4,63.0,4.52
3.13,67.1,63.0,4.19
2.93,67.8,61.0,4.19
2.93,67.8,63.0,4.19
2.84,68.3,62.0,4.19
2.84,68.6,61.0,3.87
2.93,68.9,63.0,3.87
2.74,68.9,60.0,3.87
2.84,69.3,63.0,3.55
2.84,69.6,62.0,3.55
2.84,70.4,60.0,3.55
2.93,69.9,62.0,3.55
3.03,70.2,61.0,3.87
2.84,70.5,62.0,3.55
2.84,71.2,62.0,3.23
2.74,71.2,64.0,3.55
2.84,71.0,62.0,3.23
2.74,71.5,60.0,3.55
2.74,71.6,61.0,3.87
2.74,71.9,63.0,3.87
2.74,71.9,64.0,4.19
2.84,71.8,63.0,4.52
2.84,71.6,56.0,4.52
2.84,71.8,60.0,4.52
2.84,71.5,61.0,4.52
2.84,71.2,61.0,4.52
2.84,71.6,60.0,4.52
2.93,71.5,62.0,4.52
2.93,71.5,61.0,4.19
2.84,71.0,62.0,4.52
2.93,70.5,57.0,4.19
2.93,70.7,61.0,4.19
2.93,71.2,55.0,4.19
3.03,70.8,57.0,4.19
3.03,71.0,55.0,4.19
3.03,71.0,52.0,4.19
3.03,70.8,61.0,4.19
3.13,71.2,60.0,4.19
3.62,71.0,55.0,4.52
11.83,70.5,62.0,4.52
45.65,70.2,63.0,4.52
63.15,69.9,66.0,4.52
73.61,70.2,60.0,4.52
80.94,69.6,60.0,4.84
84.26,69.3,62.0,4.84
86.8,68.9,61.0,4.84
90.71,68.5,62.0,5.16
91.59,67.7,61.0,5.48
93.55,66.6,61.0,5.81
93.84,65.8,59.0,6.45
94.04,66.3,64.0,6.13
93.55,66.0,59.0,5.81
92.57,66.3,65.0,5.81
92.08,65.5,59.0,5.81
92.28,66.4,60.0,5.81
96.58,66.7,61.0,8.06
92.96,65.0,65.0,6.45
93.65,64.7,58.0,7.1
95.31,65.0,57.0,8.71
93.74,56.5,60.0,12.9
90.03,58.5,59.0,8.71
79.28,64.9,59.0,6.13
76.25,66.1,59.0,5.48
66.86,64.2,66.0,6.45
49.27,63.4,55.0,6.13
25.12,63.0,56.0,5.81
5.38,63.1,59.0,6.13
3.42,62.6,56.0,5.48
3.32,66.0,57.0,4.84
3.32,66.7,61.0,4.19
3.23,66.9,58.0,4.19
3.13,67.4,60.0,4.19
3.23,67.4,60.0,4.52
3.23,67.2,61.0,4.19
3.03,66.0,61.0,4.84
12.12,64.4,61.0,5.48
3.23,64.2,60.0,5.48
3.23,63.9,64.0,5.48
3.13,64.2,73.0,5.48
3.13,64.1,84.0,5.16
3.13,64.2,71.0,5.48
3.13,64.4,59.0,5.16
3.13,63.7,58.0,5.16
2.84,64.2,58.0,5.16
2.84,64.2,59.0,5.16
2.84,64.4,56.0,4.84
2.84,63.7,56.0,4.84
2.74,63.4,56.0,4.84
2.74,63.7,58.0,5.16
2.74,63.9,58.0,4.84
2.74,64.4,59.0,4.84
2.74,64.1,61.0,4.84
2.74,63.9,59.0,4.84
2.74,63.1,56.0,4.84
2.74,63.4,60.0,4.84
2.74,63.0,57.0,4.52
2.84,62.6,60.0,4.84
2.74,62.2,57.0,4.84
2.74,61.9,59.0,4.52
2.74,62.3,60.0,4.52
2.74,61.2,60.0,4.84
2.84,60.9,57.0,4.84
2.84,59.8,60.0,4.84
2.84,60.3,56.0,4.52
2.84,60.1,58.0,4.52
2.84,60.1,54.0,4.52
2.93,60.0,60.0,4.52
2.93,60.0,58.0,4.52
2.93,60.0,60.0,4.52
3.03,60.1,58.0,4.52
4.01,60.0,58.0,4.52
15.44,60.4,56.0,4.52
37.24,60.4,58.0,4.52
54.35,59.8,59.0,4.52
65.79,59.5,60.0,4.52
73.8,59.8,61.0,4.52
77.81,59.5,60.0,4.52
79.37,59.5,60.0,4.52
81.13,59.2,60.0,4.52
83.38,59.0,60.0,4.52
83.87,58.9,60.0,4.52
83.97,58.4,59.0,4.19
84.26,58.5,58.0,4.19
84.16,58.4,51.0,4.19
83.97,57.4,60.0,4.19
83.97,57.0,60.0,4.19
84.75,56.8,61.0,3.87
84.56,57.1,60.0,3.87
83.48,57.1,61.0,3.87
80.16,57.3,63.0,3.87
77.71,58.2,59.0,3.87
75.66,58.2,57.0,3.87
72.82,58.4,52.0,3.87
68.82,58.1,57.0,3.55
60.51,57.8,56.0,3.55
43.79,58.1,60.0,3.55
23.75,58.2,60.0,3.55
6.74,58.7,60.0,3.55
3.42,58.9,61.0,3.23
3.91,58.7,57.0,3.23
3.62,58.7,60.0,3.23
3.62,59.0,59.0,3.23
4.01,59.0,59.0,3.23
3.42,58.4,61.0,2.9
3.23,58.2,64.0,2.9
3.32,58.5,62.0,2.9
3.32,58.9,60.0,2.9
3.42,59.2,60.0,2.9
3.32,59.2,50.0,2.58
3.32,59.2,59.0,2.58
3.32,59.8,60.0,2.58
3.32,60.0,59.0,2.58
3.42,60.4,61.0,2.58
3.32,60.6,60.0,2.58
3.32,61.1,60.0,2.26
3.32,61.7,61.0,1.94
3.32,61.9,61.0,1.94
3.32,62.0,60.0,1.61
3.32,62.2,62.0,1.61
3.32,61.9,63.0,1.61
3.42,62.0,55.0,1.61
3.42,61.9,62.0,1.29
3.42,62.2,60.0,1.29
3.42,62.5,63.0,1.29
3.42,62.8,63.0,0.97
3.42,63.6,63.0,0.97
3.32,63.1,57.0,0.65
3.23,62.5,64.0,0.65
3.42,62.8,61.0,0.65
3.42,63.1,68.0,0.65
3.32,63.4,64.0,0.97
3.32,63.1,62.0,0.97
36.36,63.3,63.0,0.97
37.24,62.5,63.0,0.97
38.71,62.8,66.0,0.97
36.17,62.6,66.0,0.97
37.44,62.8,61.0,1.29
37.83,62.5,67.0,1.29
37.54,62.3,66.0,0.97
36.56,62.3,64.0,1.29
36.76,62.2,65.0,1.29
36.07,62.2,65.0,0.97
34.12,62.5,65.0,0.65
66.57,63.0,65.0,0.65
81.53,63.1,65.0,0.65
90.52,61.9,65.0,1.29
91.4,59.8,65.0,1.29
94.53,60.1,65.0,1.61
95.8,54.6,65.0,3.23
97.26,52.9,66.0,4.84
97.16,51.6,69.0,6.13
97.46,51.6,67.0,6.13
95.6,54.0,65.0,3.87
97.07,56.0,64.0,4.52
97.16,54.3,66.0,5.81
94.92,54.6,64.0,4.19
93.55,58.1,71.0,3.23
93.94,59.0,62.0,3.23
96.77,56.0,63.0,5.48
96.48,52.9,66.0,6.45
95.99,54.0,66.0,6.13
95.21,53.8,63.0,6.45
94.04,54.1,62.0,6.45
92.96,55.4,64.0,6.13
91.4,56.0,67.0,5.48
88.37,58.7,61.0,3.87
81.43,62.5,65.0,2.58
68.82,63.4,63.0,2.26
37.15,64.2,56.0,2.26
36.17,64.7,66.0,2.26
36.56,64.7,61.0,2.26
37.34,65.5,63.0,2.26
35.97,65.2,63.0,2.26
37.54,65.8,62.0,2.26
35.58,66.1,64.0,2.26
2.93,66.1,63.0,1.94
2.93,66.4,63.0,1.61
2.93,67.4,64.0,1.61
2.93,67.4,63.0,1.29
2.84,67.2,64.0,0.97
2.84,67.8,63.0,0.65
2.84,67.8,64.0,0.65
2.84,68.2,65.0,0.65
2.84,68.3,64.0,0.65
2.84,70.2,64.0,0.32
2.84,68.0,66.0,0.65
2.74,68.6,65.0,0.32
2.64,68.5,66.0,0.32
2.74,68.8,67.0,0.0
2.64,68.3,66.0,0.0
2.64,68.8,66.0,0.0
2.74,69.3,66.0,0.0
2.74,69.3,66.0,-0.65
2.74,68.6,64.0,-0.97
2.93,68.9,67.0,-0.97
2.93,69.3,66.0,-0.97
3.03,69.4,68.0,-1.29
2.93,69.4,64.0,-1.29
3.03,69.4,67.0,-1.29
3.03,69.6,68.0,-1.29
2.93,69.4,69.0,-1.29
3.03,69.9,67.0,-1.29
3.03,69.4,69.0,-1.29
3.03,69.7,68.0,-1.29
39.69,69.4,70.0,-0.97
37.54,69.9,68.0,-1.29
39.49,69.3,65.0,-1.29
39.39,68.9,67.0,-0.97
39.39,69.3,68.0,-0.97
36.66,68.8,66.0,-0.65
36.17,68.8,68.0,-0.65
34.6,68.8,67.0,-0.32
37.93,68.6,68.0,0.0
40.27,69.7,66.0,0.32
34.31,70.1,66.0,0.65
55.52,71.0,67.0,0.65
69.31,70.7,71.0,0.65
80.16,71.2,69.0,0.97
88.17,71.2,65.0,1.29
88.27,71.6,66.0,1.29
91.79,71.3,65.0,1.61
97.26,71.2,66.0,3.87
96.09,71.2,66.0,5.81
91.79,61.9,66.0,3.55
92.18,67.5,63.0,3.55
94.62,68.6,63.0,4.52
94.04,68.6,63.0,4.52
94.62,68.2,63.0,5.16
93.45,66.9,62.0,4.52
91.59,67.2,60.0,4.84
91.4,67.8,61.0,4.84
91.2,67.8,63.0,5.16
89.93,67.8,61.0,5.16
88.95,68.5,60.0,5.16
90.71,68.0,61.0,5.16
90.62,67.5,61.0,5.48
88.76,67.5,60.0,4.84
83.97,67.8,60.0,4.52
68.23,68.2,60.0,4.52
40.76,68.5,60.0,4.52
37.54,69.1,63.0,4.52
36.07,68.9,62.0,4.52
36.95,68.6,61.0,4.52
35.88,68.3,62.0,4.52
37.93,68.5,61.0,4.19
35.19,68.5,62.0,4.19
37.63,68.0,62.0,3.87
2.44,68.8,62.0,3.23
2.44,68.9,62.0,2.9
2.84,70.2,62.0,2.9
2.74,70.8,62.0,2.58
2.44,71.2,62.0,2.58
2.44,71.0,63.0,2.26
2.44,71.3,64.0,2.26
2.35,71.2,64.0,1.94
2.35,70.7,64.0,1.61
2.35,70.2,63.0,1.29
2.44,70.1,64.0,1.29
2.44,70.2,64.0,0.97
2.35,69.4,65.0,0.97
2.44,68.9,65.0,0.65
2.44,68.5,66.0,0.65
2.35,68.2,65.0,0.32
2.44,68.5,66.0,0.32
2.64,68.8,64.0,0.32
2.54,68.6,64.0,0.65
2.44,69.3,66.0,0.65
2.44,69.3,65.0,0.97
2.35,69.1,69.0,0.97
2.35,68.2,63.0,0.97
2.35,67.4,68.0,0.97
2.35,66.7,71.0,1.29
2.35,66.4,61.0,0.97
2.44,65.0,67.0,1.29
2.44,64.9,63.0,1.29
34.8,65.5,61.0,1.29
35.39,65.0,65.0,1.29
35.68,65.6,60.0,1.29
37.83,65.2,60.0,1.29
37.83,64.9,62.0,1.29
37.24,64.5,61.0,1.29
35.48,64.4,64.0,1.29
36.56,64.5,66.0,1.29
37.54,64.5,65.0,1.61
35.58,64.7,63.0,1.29
37.54,64.7,66.0,1.29
37.34,64.4,64.0,1.29
60.02,64.7,66.0,0.97
72.04,63.7,65.0,0.97
78.01,63.6,65.0,0.97
78.59,63.9,69.0,0.97
82.8,63.7,71.0,0.97
83.77,64.1,64.0,0.97
85.73,63.9,65.0,0.97
86.61,63.4,66.0,0.65
87.49,63.6,66.0,1.29
87.68,63.4,65.0,1.29
86.9,63.4,66.0,1.29
87.1,62.8,65.0,1.29
86.32,62.6,64.0,1.29
84.95,63.0,63.0,1.29
84.95,62.6,63.0,1.29
84.56,62.8,65.0,1.29
84.36,62.3,65.0,1.61
91.2,62.2,66.0,-0.97
92.38,63.4,64.0,-0.97
91.2,63.9,64.0,-0.65
89.64,64.7,65.0,-0.97
88.56,65.3,66.0,-0.97
86.9,66.1,67.0,-0.97
84.16,66.7,66.0,-0.97
84.16,66.1,66.0,-0.65
81.92,67.1,66.0,-0.65
76.93,66.6,67.0,-0.32
65.2,66.1,66.0,0.0
44.38,65.2,68.0,0.0
33.24,65.0,64.0,0.0
35.78,64.7,66.0,0.0
38.32,64.5,65.0,0.0
35.97,63.9,66.0,0.32
37.73,63.9,65.0,0.32
38.81,64.1,65.0,0.32
38.51,63.7,63.0,0.0
3.72,63.4,74.0,0.32
3.72,64.7,66.0,0.0
3.72,65.3,69.0,0.32
3.72,65.2,68.0,0.32
3.72,65.2,64.0,0.32
3.72,66.0,66.0,0.32
3.62,65.6,86.0,0.0
3.62,63.6,68.0,0.32
3.52,63.0,66.0,0.0
69.21,62.2,64.0,1.61
61.19,66.6,66.0,1.61
51.52,65.8,64.0,1.61
32.06,65.8,76.0,1.61
35.09,65.3,65.0,1.61
34.8,65.2,69.0,1.61
34.21,65.3,78.0,1.61
36.76,65.2,73.0,1.61
36.95,65.2,66.0,1.61
35.88,64.9,73.0,1.61
2.84,64.1,69.0,1.61
2.93,63.7,67.0,1.29
2.93,65.0,79.0,1.29
2.93,66.1,74.0,0.97
2.93,66.0,86.0,0.97
3.03,65.3,77.0,0.65
3.03,65.2,86.0,0.65
3.03,64.5,72.0,0.32
3.13,64.5,78.0,0.32
3.13,64.7,65.0,0.32
80.74,64.7,66.0,0.32
80.16,70.1,68.0,0.65
72.04,69.4,67.0,0.65
64.32,68.9,75.0,0.65
66.28,68.5,70.0,0.65
64.91,68.0,65.0,0.32
58.36,68.8,68.0,0.32
36.66,69.6,67.0,0.65
22.09,69.7,68.0,0.32
34.7,70.1,78.0,0.65
36.27,69.9,69.0,0.65
35.09,68.2,79.0,0.97
37.44,67.7,67.0,0.97
36.27,66.6,73.0,0.97
35.09,67.1,66.0,0.97
2.74,67.2,85.0,0.97
2.84,66.4,73.0,0.97
2.84,66.0,64.0,0.97
2.84,65.8,66.0,0.97
2.93,66.0,70.0,0.97
2.93,66.9,69.0,0.97
2.93,67.2,68.0,0.97
2.93,67.4,76.0,0.97
3.03,66.9,66.0,0.97
60.12,71.5,74.0,0.65
75.17,71.2,68.0,0.65
81.33,71.5,78.0,0.65
80.94,71.6,67.0,0.65
82.7,71.8,72.0,0.97
83.68,71.8,66.0,0.97
84.75,71.9,68.0,0.97
91.5,58.2,82.0,1.29
91.89,58.1,80.0,1.61
93.74,57.8,95.0,1.94
93.94,57.9,88.0,1.94
92.67,58.1,76.0,1.61
91.4,57.8,81.0,1.61
93.55,57.6,91.0,1.61
92.28,57.3,74.0,1.29
7.62,58.9,79.0,1.29
90.13,59.0,89.0,0.97
89.15,59.0,81.0,0.97
86.51,59.2,95.0,0.97
87.0,59.3,100.0,0.97
91.01,59.3,96.0,0.65
90.13,59.3,95.0,0.65
88.37,60.4,92.0,0.65
79.96,62.2,86.0,0.32
71.06,63.1,84.0,0.32
59.63,63.1,88.0,0.32
46.63,63.6,100.0,0.32
19.65,61.2,96.0,0.65
33.53,60.6,87.0,0.65
35.97,60.6,89.0,0.65
37.34,58.2,95.0,0.97
36.76,59.8,84.0,0.65
34.7,61.4,97.0,0.65
2.93,66.0,89.0,0.0
2.64,62.0,97.0,0.32
2.54,58.7,94.0,0.32
2.54,56.3,91.0,0.0
2.44,55.7,95.0,0.0
2.54,57.1,93.0,0.0
2.64,57.3,96.0,0.0
2.64,57.3,83.0,-0.32
2.64,57.1,88.0,-0.32
2.54,55.5,100.0,-0.65
2.54,53.0,98.0,-0.65
2.54,53.5,89.0,-0.97
2.64,53.0,100.0,-0.97
2.84,54.0,91.0,-0.97
2.93,54.3,74.0,-0.97
3.03,55.2,94.0,-0.97
3.03,62.0,94.0,-2.58
87.0,62.2,84.0,-2.58
83.97,61.1,100.0,-2.58
82.31,63.0,86.0,-2.58
71.65,63.0,69.0,-2.58
56.01,62.3,100.0,-2.58
28.15,63.6,94.0,-2.58
29.52,62.8,100.0,-2.58
39.0,62.5,76.0,-2.26
38.51,61.9,64.0,-2.26
34.41,61.7,92.0,-2.26
39.49,60.4,98.0,-2.58
8.41,58.5,97.0,-2.26
8.02,57.4,100.0,-2.26
8.11,59.8,100.0,-2.58
7.72,62.3,100.0,-2.9
8.02,63.0,100.0,-2.9
8.31,62.3,99.0,-2.9
8.41,61.1,87.0,-2.9
8.31,58.5,100.0,-2.58
8.11,60.0,93.0,-2.9
8.02,60.9,99.0,-2.9
8.21,61.5,100.0,-1.61
7.92,61.7,73.0,-2.9
7.92,61.2,90.0,-2.58
7.53,61.4,65.0,-2.58
7.53,62.6,100.0,-2.58
7.53,61.5,97.0,-2.9
91.89,61.5,100.0,-2.26
93.16,59.2,68.0,-2.26
92.28,58.1,78.0,-2.26
92.57,58.2,83.0,-2.26
93.16,58.5,87.0,-2.26
94.33,58.4,71.0,-1.94
93.35,58.1,68.0,-2.26
93.55,59.0,75.0,-1.94
92.57,59.0,61.0,-1.94
91.79,59.3,82.0,-2.26
92.96,58.9,77.0,-2.26
93.55,58.5,66.0,-1.94
93.94,57.1,69.0,-1.94
94.14,56.0,58.0,-1.94
92.08,55.7,78.0,-1.94
92.57,51.9,80.0,-1.94
86.51,53.3,74.0,-1.94
75.37,56.8,99.0,-2.58
69.6,53.0,91.0,-2.26
63.64,51.0,73.0,-2.26
52.69,51.0,61.0,-2.26
23.75,50.0,89.0,-2.26
7.82,49.4,80.0,-1.94
28.35,51.9,73.0,-2.26
31.96,52.4,90.0,-2.26
7.23,52.9,94.0,-2.26
7.14,50.2,77.0,-2.26
7.04,50.2,87.0,-2.26
7.14,51.3,100.0,-2.26
6.94,50.7,87.0,-2.26
6.84,51.0,92.0,-2.58
6.74,51.0,100.0,-2.58
6.65,50.8,74.0,-2.58
6.45,48.6,78.0,-2.58
6.55,48.6,100.0,-2.58
6.65,48.1,81.0,-2.58
6.65,50.3,78.0,-2.58
6.65,50.0,80.0,-2.58
6.65,49.2,81.0,-2.58
6.65,48.3,73.0,-2.58
6.55,47.7,76.0,-2.58
6.55,51.3,86.0,-2.9
6.55,51.6,90.0,-2.9
6.45,50.0,84.0,-2.9
73.02,57.8,91.0,-1.29
74.29,57.0,100.0,-1.29
78.2,57.4,91.0,-1.29
82.7,58.1,97.0,-1.29
83.97,57.9,100.0,-1.29
83.97,58.4,88.0,-0.97
88.66,58.5,89.0,-0.97
88.56,60.3,83.0,-0.97
90.91,60.8,74.0,-0.97
87.1,61.9,100.0,-0.97
89.64,62.3,95.0,-0.97
86.8,63.0,89.0,-0.97
85.92,65.2,94.0,-0.97
86.32,66.9,79.0,-0.97
86.9,66.4,95.0,-0.65
85.04,65.2,88.0,-0.65
83.19,63.7,100.0,-0.65
80.84,64.2,83.0,-0.65
78.98,63.4,89.0,-0.65
81.13,60.0,85.0,-0.65
82.99,59.0,100.0,-0.97
75.17,58.7,94.0,-0.97
72.04,59.2,100.0,-0.97
68.33,57.4,97.0,-0.97
57.87,57.6,94.0,-0.97
26.2,57.9,100.0,-0.97
33.43,58.7,90.0,-0.65
37.44,58.1,95.0,-0.65
35.68,59.6,94.0,-0.65
35.88,60.3,82.0,-0.32
36.56,60.3,97.0,0.0
4.99,59.5,95.0,0.32
4.89,58.9,100.0,0.32
4.89,59.3,86.0,0.32
4.89,58.2,93.0,0.32
4.79,58.4,100.0,0.32
4.79,58.9,100.0,0.32
4.79,58.4,100.0,0.32
4.69,58.7,93.0,0.32
4.59,59.0,77.0,0.32
4.59,58.5,89.0,0.32
4.5,58.1,90.0,0.32
4.4,58.7,100.0,0.32
4.5,57.0,88.0,0.32
4.5,57.4,90.0,0.32
4.5,56.8,100.0,0.32
4.4,55.7,88.0,0.32
4.5,54.6,87.0,0.32
92.86,55.7,87.0,-0.97
93.45,55.7,76.0,-0.97
94.43,54.6,61.0,-0.65
94.23,54.4,63.0,-0.97
95.41,51.4,60.0,0.0
95.31,52.1,61.0,0.32
93.84,54.3,52.0,-0.97
93.74,54.8,62.0,-0.97
94.04,53.8,65.0,-0.97
93.94,54.1,66.0,-0.97
94.53,54.3,55.0,-0.32
94.04,54.1,70.0,-0.65
94.92,54.4,62.0,2.26
91.5,53.7,70.0,-0.97
92.08,52.9,60.0,1.61
90.71,54.3,64.0,0.97
85.24,57.4,63.0,-1.61
74.49,58.2,63.0,-1.94
45.75,57.9,58.0,-1.94
36.17,58.2,60.0,-1.94
33.72,57.9,58.0,-1.94
33.72,58.5,54.0,-1.94
36.17,58.4,60.0,-2.26
3.13,58.2,50.0,-2.26
3.13,58.5,54.0,-2.26
3.13,58.9,53.0,-2.26
3.13,59.5,50.0,-1.94
3.03,59.5,50.0,-1.94
3.03,59.8,61.0,-1.94
3.03,60.4,51.0,-1.94
3.03,61.2,69.0,-2.26
3.03,61.1,78.0,-1.94
3.13,61.7,66.0,-1.94
3.13,62.6,69.0,-1.94
3.13,61.1,57.0,-1.94
3.03,60.3,51.0,-1.94
3.13,60.1,59.0,-1.94
3.13,60.0,51.0,-1.94
3.03,59.6,58.0,-1.61
3.13,59.6,56.0,-1.94
3.13,59.8,62.0,-1.94
3.13,59.3,61.0,-1.61
3.13,59.0,55.0,-1.61
3.13,59.0,50.0,-1.61
3.03,59.8,51.0,-1.61
3.23,58.9,63.0,-3.23
3.23,59.6,58.0,-3.55
3.23,60.1,50.0,-3.87
3.23,60.6,57.0,-3.87
3.23,60.1,53.0,-4.19
3.23,60.1,53.0,-4.84
34.02,60.0,56.0,-4.84
35.97,59.6,54.0,-4.84
35.48,60.0,51.0,-4.84
35.39,60.0,50.0,-4.84
35.09,60.3,50.0,-4.52
35.09,60.9,58.0,-4.19
34.7,62.5,60.0,-3.87
37.63,63.1,62.0,-3.55
27.57,63.7,62.0,-3.87
63.83,65.2,60.0,-3.55
84.07,66.0,61.0,-2.58
94.72,66.1,61.0,0.0
96.19,57.3,61.0,2.26
94.82,57.3,66.0,0.0
97.46,51.1,64.0,3.87
97.56,50.2,62.0,3.55
97.65,48.8,65.0,4.52
97.65,48.3,61.0,4.52
97.75,48.3,60.0,4.84
97.75,48.0,62.0,4.84
97.65,46.4,59.0,5.16
97.75,47.3,62.0,5.16
97.75,47.0,56.0,5.48
97.65,46.6,61.0,5.48
97.65,47.0,67.0,5.48
97.56,48.3,61.0,6.13
97.56,48.3,57.0,5.81
97.36,48.0,57.0,6.13
97.07,48.8,57.0,6.45
96.38,48.9,60.0,6.77
95.8,50.0,64.0,6.45
95.5,51.0,61.0,6.13
95.11,51.6,60.0,5.48
94.62,54.4,59.0,4.84
93.65,54.6,66.0,4.52
92.18,56.8,65.0,2.9
89.74,58.5,58.0,2.26
83.09,62.2,69.0,0.0
66.86,62.8,61.0,-0.32
23.66,63.3,50.0,-0.65
33.63,63.9,50.0,-0.65
33.92,64.4,50.0,-0.65
34.21,64.4,53.0,-0.65
3.42,65.6,53.0,-0.65
3.42,65.6,57.0,-0.65
3.32,66.7,55.0,-0.65
3.32,67.7,55.0,-0.65
3.32,68.3,57.0,-0.65
3.42,68.5,54.0,-0.65
3.32,68.5,62.0,-0.65
3.42,69.3,58.0,-0.65
3.42,68.9,60.0,-0.65
3.42,69.3,58.0,-0.32
3.52,68.9,58.0,-0.65
3.62,68.9,66.0,-0.65
3.52,69.4,59.0,-0.65
3.62,68.9,60.0,-0.65
3.72,71.0,58.0,-0.97
3.81,68.8,61.0,-1.94
3.72,68.2,61.0,-0.97
3.81,69.6,62.0,-1.61
3.81,68.6,60.0,-1.94
3.91,68.2,61.0,-1.94
4.01,68.3,62.0,-1.61
3.91,68.8,61.0,-1.29
3.91,68.9,61.0,-1.61
3.81,68.5,62.0,-0.97
3.81,69.3,62.0,-1.61
3.81,68.8,61.0,-1.61
3.81,68.8,62.0,-1.94
3.81,68.8,62.0,-1.61
3.91,68.6,62.0,-1.94
39.88,68.9,60.0,-1.61
37.83,68.9,62.0,-1.29
40.96,69.3,61.0,-1.29
41.54,69.7,62.0,-1.29
41.35,69.4,62.0,-1.29
40.66,69.6,63.0,-1.29
41.84,69.3,64.0,-1.29
43.89,69.7,63.0,-1.29
55.91,69.4,63.0,-1.29
78.98,69.4,64.0,-1.29
90.62,69.4,63.0,-0.32
95.41,69.9,65.0,1.94
96.87,66.3,61.0,4.84
97.07,60.1,62.0,6.45
97.26,56.7,62.0,7.42
97.56,57.4,65.0,8.06
97.75,51.0,63.0,6.77
97.75,44.0,69.0,7.42
97.65,44.8,69.0,7.42
97.65,43.3,60.0,10.0
96.58,40.9,74.0,6.13
95.89,47.7,62.0,6.45
95.31,49.2,64.0,5.81
94.92,49.9,62.0,5.48
94.33,50.7,57.0,5.81
93.35,51.1,80.0,6.13
91.59,52.9,65.0,4.52
89.44,55.5,68.0,4.19
84.85,56.7,66.0,1.29
74.49,60.1,57.0,0.32
44.38,61.7,65.0,0.0
36.66,65.0,82.0,0.0
37.34,65.2,55.0,-0.65
36.76,64.4,74.0,-0.65
36.56,64.7,50.0,0.0
4.69,65.0,55.0,0.65
4.79,62.6,55.0,0.65
4.79,61.1,56.0,0.32
4.69,60.4,53.0,0.32
4.79,60.9,54.0,0.32
4.69,60.8,53.0,0.0
4.69,60.9,50.0,0.32
4.69,61.1,53.0,0.32
4.69,61.2,50.0,0.0
4.69,61.2,52.0,0.0
4.59,61.4,54.0,0.0
4.69,61.7,56.0,-0.65
4.59,60.6,50.0,-0.65
4.69,61.9,50.0,-1.61
4.69,62.0,55.0,-1.61
4.69,63.3,55.0,-0.97
4.69,64.7,57.0,-0.65
4.59,64.2,59.0,0.0
4.59,63.1,58.0,0.0
4.59,63.0,58.0,-0.65
4.59,63.3,57.0,-0.65
4.59,63.9,57.0,-0.32
4.69,63.7,58.0,-0.32
4.5,63.9,59.0,0.32
4.59,63.4,59.0,0.32
4.59,62.8,59.0,0.65
4.59,63.1,58.0,2.26
4.5,62.3,59.0,1.94
34.99,58.4,57.0,1.61
36.66,59.2,54.0,1.61
35.58,58.7,55.0,0.65
34.99,62.8,54.0,1.29
35.39,63.0,52.0,1.61
34.99,62.5,56.0,2.9
35.29,61.9,61.0,3.55
35.48,59.5,63.0,3.55
38.61,58.5,59.0,3.87
53.96,59.3,68.0,3.55
79.67,60.8,70.0,3.55
86.61,62.8,65.0,3.55
79.86,63.7,69.0,3.23
87.0,66.9,61.0,3.55
76.44,68.2,62.0,3.23
84.56,67.7,64.0,3.23
87.88,69.6,60.0,3.55
89.64,69.9,60.0,3.87
90.42,70.7,64.0,4.19
89.83,69.9,65.0,4.19
89.54,70.1,61.0,4.19
80.84,70.2,65.0,3.87
89.25,70.7,65.0,3.87
88.46,71.8,64.0,4.19
90.71,71.3,64.0,4.52
88.27,71.9,60.0,4.52
92.67,71.3,62.0,4.84
89.54,71.8,63.0,4.52
89.74,72.1,60.0,4.52
88.37,72.6,69.0,4.52
86.51,72.6,69.0,5.16
88.66,71.8,67.0,5.16
86.02,72.3,73.0,5.48
83.38,71.8,71.0,5.16
77.61,72.3,62.0,5.16
70.97,72.6,69.0,5.16
71.36,72.7,63.0,5.16
64.03,72.1,70.0,4.84
38.71,72.3,60.0,4.84
36.36,71.9,68.0,4.52
34.7,72.7,72.0,4.84
34.12,72.6,73.0,4.84
34.6,72.9,59.0,4.52
0.98,72.4,59.0,4.52
0.98,72.6,59.0,4.19
0.98,72.7,60.0,3.87
0.98,73.0,61.0,3.87
0.98,72.9,54.0,3.87
0.98,72.7,57.0,3.87
0.88,72.9,59.0,3.87
0.88,73.0,72.0,3.87
0.88,72.7,64.0,3.87
0.78,72.9,59.0,3.87
0.68,72.4,55.0,3.87
0.68,72.6,71.0,3.87
0.68,72.4,62.0,3.87
0.59,72.3,79.0,3.87
0.39,71.6,71.0,3.87
0.59,70.8,59.0,3.87
0.59,71.2,63.0,3.87
0.59,70.8,63.0,3.87
0.68,70.4,71.0,3.87
0.49,70.5,55.0,3.55
0.68,70.4,51.0,3.87
0.78,70.2,50.0,3.87
0.68,69.9,56.0,3.87
0.68,70.2,50.0,3.55
0.78,70.8,57.0,3.55
0.78,71.5,52.0,3.87
0.68,71.5,58.0,3.87
0.59,71.3,50.0,3.87
0.59,71.3,54.0,3.87
36.27,70.4,62.0,3.55
34.99,70.7,50.0,3.87
34.21,71.2,53.0,3.87
36.46,70.7,56.0,3.87
34.7,70.2,50.0,3.87
36.66,70.2,61.0,3.87
33.53,70.7,62.0,3.87
34.51,70.5,66.0,3.87
26.2,70.5,68.0,4.19
52.4,70.4,61.0,3.87
70.58,70.5,61.0,3.87
81.04,69.9,74.0,3.87
84.95,70.4,69.0,4.19
84.07,70.2,62.0,4.19
89.15,69.7,68.0,4.52
91.1,69.4,61.0,4.52
91.3,69.7,65.0,4.84
91.1,69.1,67.0,4.84
93.06,69.3,63.0,5.16
93.06,69.9,63.0,5.48
91.3,67.7,64.0,5.81
92.57,66.9,64.0,6.13
92.38,64.1,68.0,7.1
95.02,63.7,60.0,7.74
94.33,63.3,61.0,7.1
94.04,60.1,66.0,7.1
95.99,60.9,61.0,8.71
96.28,59.3,64.0,8.39
96.77,57.4,62.0,11.29
95.6,51.6,70.0,11.94
93.84,52.2,65.0,8.71
93.55,55.2,72.0,9.03
92.28,56.8,56.0,7.74
90.13,59.0,62.0,7.42
88.76,59.6,50.0,6.77
87.78,61.1,50.0,6.77
81.04,62.5,53.0,6.13
74.29,63.1,57.0,5.81
53.28,63.9,50.0,4.84
34.7,65.5,62.0,4.52
33.04,67.1,51.0,3.87
32.94,67.5,54.0,3.87
34.9,68.3,59.0,3.55
0.59,68.3,51.0,3.87
0.78,69.1,54.0,3.87
0.68,68.9,61.0,3.87
0.59,69.4,62.0,3.87
0.59,69.1,51.0,3.87
0.68,69.3,57.0,3.87
0.68,69.4,60.0,3.87
0.68,69.3,58.0,3.87
0.78,69.3,53.0,3.23
0.68,69.4,52.0,2.58
0.68,70.1,61.0,2.26
0.68,70.4,59.0,1.94
0.59,70.4,62.0,1.94
0.59,71.5,50.0,2.26
0.59,71.6,60.0,2.26
0.68,71.6,61.0,2.26
0.68,72.1,61.0,2.58
0.68,71.9,55.0,2.9
0.68,72.6,59.0,2.9
0.68,72.1,54.0,2.9
0.68,72.4,55.0,2.58
0.59,71.9,50.0,2.58
0.59,71.9,60.0,2.26
0.49,71.9,57.0,2.26
0.59,71.9,50.0,2.58
0.59,71.9,50.0,2.58
0.49,71.8,60.0,2.26
0.59,71.9,56.0,2.26
0.59,71.6,61.0,2.26
0.49,71.8,64.0,2.26
0.49,71.9,55.0,2.58
0.39,71.6,58.0,2.26
0.29,71.6,52.0,2.26
0.49,71.2,54.0,2.26
0.78,71.2,58.0,2.26
3.32,70.5,54.0,2.58
33.92,70.5,63.0,2.58
62.07,70.8,50.0,2.9
84.75,70.7,61.0,2.9
86.12,70.1,61.0,3.23
88.46,68.9,50.0,3.87
90.22,69.1,56.0,3.87
91.01,68.2,60.0,4.52
89.34,64.9,55.0,4.52
90.22,66.0,54.0,4.19
90.62,66.1,59.0,4.19
90.62,65.6,61.0,4.19
91.89,63.4,62.0,4.19
92.47,63.0,60.0,4.19
91.69,62.0,65.0,4.52
92.96,61.1,63.0,4.19
92.38,61.1,56.0,4.84
91.79,59.8,62.0,4.84
91.98,60.1,53.0,4.84
91.89,60.0,57.0,4.84
92.77,60.0,57.0,4.84
91.89,60.4,55.0,4.52
90.03,61.4,64.0,4.19
92.77,62.6,55.0,4.52
92.08,61.9,62.0,4.52
89.93,62.3,55.0,4.19
89.34,62.8,57.0,4.52
84.75,62.6,65.0,4.19
80.25,63.3,59.0,4.19
74.19,63.3,53.0,4.19
70.48,64.4,62.0,4.19
49.07,64.2,66.0,3.87
9.87,64.9,62.0,3.87
1.56,65.0,62.0,3.87
0.68,65.8,65.0,3.87
0.68,66.0,56.0,3.87
0.59,66.4,57.0,3.87
0.49,66.0,63.0,3.87
0.39,66.1,64.0,3.87
0.39,65.8,58.0,3.87
0.39,65.8,65.0,3.87
0.39,65.8,64.0,3.87
0.39,65.3,66.0,3.87
0.39,64.7,63.0,3.87
0.39,64.5,64.0,3.87
0.39,64.1,60.0,3.87
0.39,64.4,65.0,3.87
0.39,64.9,54.0,3.87
0.39,65.6,62.0,3.87
0.59,65.5,72.0,3.87
0.78,65.2,65.0,3.87
0.59,65.8,76.0,3.55
0.49,66.9,59.0,3.55
0.59,66.9,70.0,3.55
0.59,67.1,75.0,3.55
0.59,68.9,63.0,3.55
0.59,69.7,72.0,3.55
0.59,69.7,62.0,3.87
0.49,69.6,74.0,3.55
0.49,69.7,91.0,3.55
0.49,71.3,63.0,3.87
0.49,71.0,68.0,4.19
0.49,70.7,50.0,4.19
0.49,70.7,50.0,4.19
0.59,70.5,59.0,3.87
0.59,71.0,70.0,3.87
0.49,71.5,50.0,3.87
0.59,71.6,68.0,3.87
0.59,72.3,64.0,3.87
0.59,72.1,64.0,3.87
0.59,72.1,62.0,3.55
0.88,72.4,63.0,3.87
3.03,72.4,51.0,4.19
20.53,71.9,63.0,4.19
43.5,72.4,63.0,4.19
60.9,72.6,60.0,4.19
74.78,73.2,53.0,4.52
75.27,73.2,62.0,4.52
77.22,73.0,60.0,4.52
85.63,73.7,60.0,4.84
83.28,73.8,71.0,5.16
89.05,73.7,62.0,5.16
91.89,73.8,60.0,5.48
83.19,73.5,58.0,5.48
89.05,73.7,55.0,5.48
88.07,73.4,69.0,5.48
86.22,73.8,58.0,6.13
93.65,73.8,57.0,6.77
90.32,74.3,55.0,6.45
90.52,73.0,69.0,6.45
91.79,72.4,60.0,6.77
92.96,72.4,53.0,7.42
93.65,72.1,59.0,7.74
96.48,71.8,56.0,10.32
94.43,71.2,53.0,8.71
94.14,70.4,60.0,8.39
89.83,71.8,53.0,7.74
90.62,71.2,62.0,7.74
90.13,72.3,57.0,7.74
80.64,68.3,61.0,7.42
78.79,64.1,58.0,7.1
75.56,65.2,63.0,6.77
66.57,66.3,61.0,6.77
35.58,65.0,57.0,6.77
2.93,63.3,75.0,6.77
0.78,63.3,63.0,6.45
0.59,64.5,55.0,6.45
0.59,61.5,62.0,6.45
0.59,60.6,62.0,6.45
0.49,61.4,60.0,6.13
0.59,63.0,58.0,6.13
0.59,63.9,66.0,5.48
0.59,64.9,60.0,5.48
0.59,64.5,62.0,5.16
0.59,65.8,68.0,5.16
0.59,65.2,71.0,4.84
0.59,65.5,60.0,4.84
0.49,66.3,62.0,4.84
0.39,66.4,62.0,4.52
0.49,66.0,58.0,4.52
0.49,65.5,72.0,4.52
0.49,66.4,50.0,3.87
0.39,68.3,62.0,4.19
0.49,68.8,72.0,4.19
0.49,68.5,73.0,3.87
0.49,69.9,68.0,4.19
0.39,69.1,68.0,4.19
0.49,67.2,57.0,4.19
0.59,67.2,61.0,4.19
0.59,68.3,60.0,4.52
0.49,68.5,67.0,4.84
0.49,68.5,61.0,5.16
0.39,68.2,73.0,5.48
0.39,67.5,69.0,5.16
0.39,67.1,72.0,5.16
0.49,66.9,62.0,5.16
32.94,66.9,69.0,5.48
32.26,67.5,65.0,5.48
32.94,68.2,75.0,5.81
33.14,67.8,68.0,6.13
33.63,67.5,66.0,6.13
21.6,67.5,66.0,5.81
33.43,70.2,61.0,6.13
32.94,71.0,66.0,6.13
27.37,70.7,73.0,6.45
56.7,70.1,72.0,6.13
73.51,69.6,68.0,5.81
83.97,70.1,66.0,5.81
85.53,70.1,65.0,5.81
84.85,69.9,62.0,6.13
85.92,69.9,73.0,5.81
87.68,71.8,66.0,6.13
86.22,73.2,72.0,6.13
86.61,74.2,66.0,6.13
88.56,74.2,67.0,6.13
89.74,74.8,64.0,6.45
89.05,74.8,68.0,6.45
90.03,74.5,67.0,7.1
90.13,73.8,69.0,7.1
90.22,72.6,67.0,7.1
90.32,72.4,63.0,7.42
89.44,72.4,61.0,6.77
90.62,73.7,79.0,7.42
91.1,73.2,58.0,7.42
88.95,72.6,69.0,7.42
89.64,72.3,66.0,7.74
89.54,72.7,65.0,7.74
89.15,73.4,67.0,8.39
85.53,72.1,78.0,7.42
87.49,70.5,65.0,6.77
84.65,72.9,65.0,6.77
84.75,74.0,90.0,6.77
80.84,74.2,64.0,7.42
71.75,73.5,65.0,7.42
45.65,73.8,65.0,7.42
30.69,73.7,66.0,7.1
31.87,74.5,64.0,7.1
29.23,75.1,64.0,7.1
32.06,74.8,68.0,7.1
0.68,74.5,54.0,6.77
0.59,74.5,65.0,7.1
0.59,74.2,75.0,6.77
0.59,73.5,65.0,6.45
0.59,73.8,64.0,6.77
0.49,73.7,66.0,6.45
0.39,71.8,60.0,6.45
0.39,71.5,69.0,6.45
0.39,71.0,62.0,6.13
0.39,69.9,80.0,6.13
0.39,68.2,58.0,6.13
0.39,68.5,72.0,6.13
0.39,69.1,72.0,6.45
0.29,66.1,71.0,6.45
0.29,62.0,82.0,6.45
0.2,62.5,66.0,6.45
0.29,61.1,66.0,6.45
0.2,62.8,73.0,6.13
0.2,63.0,66.0,5.81
0.29,63.6,63.0,6.13
0.29,63.1,100.0,6.13
0.29,63.3,76.0,6.13
0.29,61.9,90.0,6.13
0.29,61.1,69.0,5.81
0.29,60.4,75.0,5.81
0.29,60.3,63.0,5.48
0.29,60.4,66.0,5.48
0.29,59.8,71.0,5.16
0.29,60.6,50.0,5.16
33.43,60.1,73.0,5.16
32.75,60.0,76.0,5.16
32.84,60.0,62.0,4.84
34.31,60.6,66.0,5.16
32.36,59.8,54.0,4.84
33.92,59.8,74.0,5.16
34.41,60.0,75.0,5.16
23.36,59.5,73.0,5.16
57.28,59.5,62.0,5.16
69.6,59.2,70.0,5.16
81.92,58.2,86.0,5.16
89.93,58.7,70.0,5.48
93.74,57.9,62.0,6.45
96.87,55.4,72.0,6.13
96.68,55.9,61.0,8.06
93.35,51.3,77.0,6.77
94.14,53.5,62.0,6.45
95.5,54.4,71.0,7.1
97.75,52.2,79.0,8.39
95.02,51.3,58.0,7.74
97.65,50.3,66.0,10.97
95.99,45.1,73.0,8.71
96.38,47.8,71.0,10.0
94.04,47.2,65.0,7.74
96.77,48.9,64.0,9.35
97.56,47.5,76.0,10.97
95.8,45.6,72.0,10.65
97.26,45.3,61.0,11.29
96.68,44.2,64.0,9.68
95.7,44.7,100.0,10.32
95.21,47.0,66.0,9.35
94.53,47.2,73.0,8.71
92.86,48.0,54.0,7.42
92.28,49.6,66.0,7.42
91.89,50.0,71.0,7.1
89.05,51.3,85.0,6.45
85.53,52.2,66.0,6.45
77.03,53.7,62.0,5.81
53.08,54.6,64.0,5.16
34.99,55.5,71.0,4.84
34.31,57.8,83.0,4.84
34.41,58.4,71.0,4.52
32.45,59.2,65.0,4.52
0.49,60.4,63.0,4.52
0.49,61.4,53.0,4.52
0.49,61.4,56.0,4.84
0.59,61.7,50.0,4.52
0.68,62.8,50.0,4.52
0.49,63.0,50.0,4.19
0.49,63.1,60.0,4.19
0.49,63.7,56.0,4.19
0.59,63.9,55.0,4.19
0.49,63.4,61.0,4.19
0.49,64.2,56.0,3.87
0.39,64.4,63.0,3.87
0.39,64.4,64.0,3.87
0.49,64.4,54.0,3.87
0.39,63.9,50.0,3.87
0.39,63.1,50.0,3.87
0.29,63.6,73.0,3.87
0.39,63.9,62.0,3.87
0.39,63.9,62.0,3.87
0.39,64.1,63.0,3.23
0.59,66.9,65.0,3.23
0.49,68.9,63.0,2.9
0.49,70.4,58.0,3.23
0.59,71.8,54.0,3.55
0.59,72.1,60.0,3.87
0.49,72.7,63.0,4.19
0.49,72.9,64.0,5.16
0.49,73.5,66.0,5.81
28.45,74.3,50.0,6.45
29.91,74.9,61.0,6.77
29.13,75.1,68.0,6.77
28.84,74.2,59.0,6.77
31.67,74.6,67.0,6.77
32.55,74.6,67.0,7.1
33.33,73.7,67.0,6.45
38.9,71.5,61.0,6.45
59.53,68.2,64.0,5.81
78.5,66.4,71.0,5.48
91.3,66.3,65.0,5.81
96.68,65.2,71.0,7.1
95.89,57.6,64.0,7.1
94.92,54.8,65.0,6.45
97.46,56.8,71.0,7.74
97.75,53.2,61.0,10.0
97.85,49.1,66.0,10.32
97.26,47.5,67.0,10.32
96.19,47.2,69.0,8.06
94.62,48.9,60.0,6.77
97.95,50.5,72.0,10.65
95.31,47.0,54.0,8.71
95.5,45.6,61.0,7.74
94.33,47.2,65.0,6.77
96.19,51.0,71.0,7.1
94.23,48.1,66.0,6.45
95.6,51.4,61.0,7.74
95.11,49.1,67.0,8.39
96.68,45.9,70.0,9.68
92.08,43.9,77.0,6.77
90.62,48.3,67.0,6.13
91.5,51.9,66.0,6.13
92.28,51.6,71.0,6.45
88.07,50.7,60.0,5.81
86.41,51.8,63.0,5.81
89.05,52.7,72.0,6.13
82.31,52.2,69.0,5.81
71.55,51.8,74.0,5.81
56.99,52.9,71.0,5.48
20.04,53.2,75.0,5.48
33.82,53.5,69.0,5.48
36.17,54.1,79.0,5.48
34.31,53.0,61.0,4.52
0.68,56.0,70.0,4.84
0.68,58.7,75.0,5.16
0.59,56.0,72.0,5.16
0.59,55.4,59.0,4.52
0.59,57.3,65.0,5.48
0.68,56.0,68.0,4.84
0.59,58.1,71.0,4.52
0.49,66.4,74.0,5.16
0.49,66.1,72.0,3.87
0.49,65.3,71.0,4.84
0.49,62.2,69.0,5.16
0.49,58.1,70.0,5.16
0.39,56.2,67.0,5.16
0.49,56.3,70.0,3.55
0.39,67.1,77.0,4.52
0.49,68.5,76.0,4.84
0.49,68.2,57.0,3.55
0.39,68.6,74.0,4.52
0.39,68.0,70.0,4.52
0.39,67.5,78.0,5.16
0.39,65.3,64.0,5.16
0.49,64.9,71.0,5.16
0.39,65.2,70.0,5.48
0.49,60.3,60.0,5.48
0.39,60.0,58.0,5.48
0.39,60.0,60.0,5.16
0.39,57.0,61.0,4.84
0.49,56.2,50.0,4.52
11.83,57.1,70.0,4.52
33.04,57.1,64.0,4.19
34.21,57.4,61.0,4.19
33.24,57.0,73.0,3.55
32.84,57.3,69.0,3.55
34.7,58.2,54.0,3.55
35.48,59.0,60.0,3.23
38.81,59.3,64.0,2.9
60.8,59.2,59.0,2.58
80.55,59.2,58.0,2.9
91.1,58.7,58.0,2.9
90.81,57.6,58.0,3.23
94.33,57.6,64.0,3.87
97.07,55.9,56.0,6.77
94.72,50.5,58.0,4.84
95.11,53.3,60.0,5.48
93.65,51.8,52.0,4.19
94.33,55.1,59.0,4.19
93.55,54.9,60.0,4.52
93.06,53.0,55.0,4.52
92.77,52.6,62.0,4.52
92.57,51.1,62.0,4.52
93.16,50.8,61.0,4.52
92.57,50.2,59.0,4.52
91.79,50.2,70.0,4.52
91.98,50.3,50.0,4.19
91.79,48.3,50.0,4.52
90.91,48.6,50.0,4.52
89.93,49.7,50.0,4.19
89.25,52.6,51.0,3.55
89.34,54.1,63.0,3.23
88.17,60.0,65.0,4.19
84.85,66.3,61.0,2.58
76.44,67.5,59.0,2.26
76.64,67.8,62.0,1.61
73.61,68.0,62.0,1.29
61.29,68.3,68.0,0.97
47.51,69.3,61.0,0.32
34.99,69.6,69.0,0.0
24.63,69.4,79.0,-0.32
45.94,69.7,76.0,-0.65
53.76,70.4,67.0,-0.65
62.56,70.7,65.0,-0.32
62.66,70.5,70.0,-0.32
1.56,70.7,71.0,-0.32
1.47,70.8,80.0,-0.32
1.47,70.8,62.0,-0.32
1.56,71.0,63.0,-0.32
1.56,70.8,65.0,-0.65
1.37,70.7,71.0,-0.32
1.17,70.7,62.0,-0.32
1.08,70.7,64.0,-0.32
1.08,71.0,65.0,-0.32
0.98,71.0,69.0,0.0
0.88,71.2,53.0,0.0
0.78,71.3,62.0,0.0
0.68,71.0,68.0,0.0
0.78,71.0,64.0,0.0
0.88,71.2,63.0,0.0
0.78,71.5,73.0,0.0
0.78,71.3,51.0,0.0
0.68,71.5,55.0,0.0
0.68,71.3,62.0,-0.32
0.68,71.5,65.0,-0.32
0.68,71.3,61.0,-0.32
0.59,70.7,56.0,-0.32
0.49,70.4,56.0,-0.65
0.49,68.2,54.0,-0.32
0.49,67.2,57.0,-0.32
0.39,61.4,60.0,0.32
0.49,57.0,50.0,-0.32
0.49,57.6,59.0,-0.32
34.7,55.5,50.0,-0.32
36.66,54.8,57.0,-0.32
34.9,55.9,57.0,-0.97
36.85,56.3,61.0,-1.29
36.85,56.2,50.0,-1.61
34.99,56.0,56.0,-1.61
36.56,55.5,57.0,-1.61
40.47,55.4,63.0,-1.94
74.0,54.9,60.0,-1.94
87.49,53.3,62.0,-1.94
96.09,49.2,63.0,0.32
97.56,45.1,62.0,4.19
97.85,41.5,62.0,7.1
98.04,39.5,61.0,8.71
98.14,36.8,54.0,10.0
98.14,37.4,61.0,9.68
98.04,37.9,54.0,9.35
98.04,37.6,51.0,8.71
97.75,39.6,54.0,7.74
97.85,40.9,64.0,6.77
97.85,37.6,55.0,7.74
97.85,38.5,58.0,7.74
97.85,39.2,65.0,8.39
97.75,39.5,64.0,9.03
97.75,39.5,64.0,9.03
97.65,37.9,63.0,9.68
97.56,38.2,59.0,8.71
97.36,38.0,61.0,9.35
96.97,35.7,63.0,12.26
96.28,35.4,64.0,10.97
95.89,34.4,68.0,10.0
95.7,31.9,65.0,9.35
95.5,31.1,59.0,9.35
94.82,32.8,57.0,9.68
94.04,34.7,61.0,9.68
92.28,37.6,63.0,7.74
90.91,39.8,61.0,5.48
86.71,44.8,53.0,2.9
77.61,47.7,66.0,1.94
51.03,51.8,51.0,1.61
34.21,53.2,53.0,1.61
35.19,53.7,50.0,1.61
33.14,54.3,68.0,1.29
0.59,55.9,53.0,1.29
0.49,57.3,65.0,0.97
0.49,57.4,59.0,0.97
0.49,57.9,63.0,0.65
0.49,58.1,62.0,0.32
0.49,58.9,58.0,0.32
0.49,59.8,60.0,0.32
0.49,60.3,53.0,0.0
0.49,61.1,50.0,0.0
0.39,60.8,56.0,0.0
0.39,60.6,58.0,0.0
0.39,60.9,57.0,-0.32
0.39,62.0,50.0,-0.65
0.39,61.9,50.0,-0.97
0.39,62.2,51.0,-0.97
0.39,62.5,50.0,-0.97
0.39,62.2,54.0,-1.29
0.29,61.2,50.0,-1.29
0.39,61.5,58.0,-1.29
0.39,61.4,57.0,-1.29
0.39,61.2,65.0,-1.61
0.29,60.8,57.0,-1.61
0.29,60.6,51.0,-1.61
0.39,60.4,50.0,-1.94
0.29,61.1,50.0,-1.94
0.39,60.4,53.0,-1.94
0.29,60.6,50.0,-1.94
0.29,60.8,50.0,-1.94
0.39,60.1,50.0,-1.94
0.39,60.8,50.0,-1.94
0.39,60.8,63.0,-1.94
0.39,60.8,50.0,-2.58
0.39,61.1,50.0,-1.94
0.68,61.5,50.0,-1.94
5.08,61.4,50.0,-2.26
36.76,61.7,56.0,-1.94
74.88,62.3,51.0,-2.26
92.28,61.7,50.0,-0.97
96.58,55.2,53.0,1.94
96.68,47.8,59.0,5.48
96.68,47.3,55.0,4.52
96.28,52.2,51.0,2.9
96.28,52.4,51.0,3.23
95.8,53.3,50.0,2.58
95.02,54.8,54.0,2.58
93.74,54.8,50.0,2.26
94.92,56.0,56.0,2.58
92.77,55.7,50.0,2.58
92.77,58.7,50.0,2.26
94.43,58.7,51.0,2.9
94.04,59.5,51.0,2.58
94.23,60.0,62.0,2.9
93.55,61.7,55.0,2.58
91.79,66.0,62.0,1.94
90.32,66.9,61.0,1.94
89.83,68.0,65.0,1.94
89.25,68.8,60.0,1.94
90.22,69.3,56.0,1.94
87.0,69.6,62.0,1.94
86.61,69.9,59.0,1.94
85.24,69.6,64.0,1.61
83.48,70.1,62.0,1.61
78.98,69.6,65.0,1.29
74.29,69.6,64.0,0.97
72.82,69.6,62.0,0.65
61.58,69.7,62.0,0.97
53.47,69.3,62.0,0.32
30.6,69.6,64.0,0.65
8.8,69.7,63.0,0.97
1.17,70.1,61.0,0.97
0.78,70.4,66.0,1.61
0.78,70.5,59.0,1.94
0.88,70.8,63.0,2.26
0.88,71.9,56.0,2.9
0.78,71.9,59.0,3.23
0.68,71.3,72.0,3.55
0.68,70.4,63.0,3.55
0.68,70.5,71.0,3.55
0.68,70.1,62.0,3.87
0.68,70.4,70.0,3.87
0.68,70.4,63.0,3.87
0.59,70.8,66.0,3.87
0.59,70.8,67.0,4.19
0.59,71.5,62.0,4.19
0.49,71.0,68.0,4.52
0.49,71.8,62.0,4.84
0.49,72.1,72.0,4.52
0.49,72.6,56.0,4.52
0.49,72.7,61.0,4.84
0.49,73.0,60.0,4.84
0.49,73.4,61.0,4.84
0.49,73.5,61.0,5.16
0.49,73.7,54.0,5.16
0.49,73.7,61.0,5.16
0.49,73.4,51.0,5.16
0.49,73.4,60.0,5.16
0.49,73.7,57.0,5.16
0.59,73.7,50.0,5.16
0.49,73.4,60.0,5.48
0.49,73.5,55.0,5.48
0.49,73.8,50.0,5.48
0.49,73.7,57.0,5.48
0.59,73.8,57.0,5.48
0.59,74.0,65.0,5.48
0.68,73.8,61.0,5.16
0.78,73.7,50.0,5.16
2.74,73.8,51.0,5.16
24.73,74.0,53.0,5.16
56.3,73.8,55.0,5.16
73.51,74.3,67.0,5.16
85.24,74.3,52.0,5.48
86.22,73.5,51.0,5.16
91.1,73.8,50.0,5.48
96.38,69.6,54.0,8.71
89.25,72.4,51.0,6.45
91.3,73.4,55.0,5.81
91.59,73.7,61.0,6.45
89.74,73.2,60.0,6.45
91.1,73.4,51.0,6.45
94.82,73.8,63.0,7.1
93.74,72.7,56.0,7.1
94.04,73.2,53.0,6.45
93.16,72.9,56.0,6.45
93.06,74.2,62.0,6.45
94.23,73.5,67.0,7.74
92.67,73.0,61.0,7.42
92.38,72.9,60.0,7.42
93.45,72.9,61.0,7.74
92.08,71.9,65.0,7.1
91.5,73.7,65.0,6.77
92.96,73.7,72.0,6.77
89.93,74.2,60.0,7.42
87.39,73.5,63.0,7.42
86.22,73.4,64.0,7.42
88.95,73.0,70.0,7.42
87.68,72.9,55.0,7.42
80.64,72.4,62.0,7.42
73.22,72.1,55.0,7.1
55.91,72.6,56.0,7.1
25.71,72.9,66.0,6.77
4.69,73.2,52.0,6.45
0.88,73.2,60.0,6.77
0.68,73.4,51.0,6.77
0.68,73.2,57.0,6.45
0.78,74.0,54.0,6.45
0.78,73.8,53.0,6.13
0.68,73.0,53.0,5.81
0.68,73.2,64.0,5.48
0.68,73.8,54.0,5.48
0.68,74.3,51.0,5.48
0.59,74.2,52.0,5.81
0.59,73.7,56.0,5.81
0.59,73.4,51.0,5.81
0.59,72.6,51.0,5.81
0.68,72.9,62.0,5.81
0.68,72.9,50.0,5.81
0.49,73.8,50.0,5.48
0.59,73.7,50.0,5.48
0.59,74.2,50.0,5.48
0.49,74.2,56.0,5.81
0.49,74.2,50.0,6.45
0.49,73.5,50.0,6.77
0.49,73.0,50.0,6.77
0.49,71.8,50.0,6.77
0.39,72.9,69.0,6.13
0.39,73.2,50.0,6.45
0.39,71.9,63.0,6.77
0.39,71.5,50.0,6.77
0.49,71.8,66.0,6.45
0.49,73.4,61.0,6.13
0.49,74.0,50.0,6.13
27.08,74.0,57.0,5.81
30.79,74.5,50.0,5.81
31.67,74.5,51.0,5.81
29.42,74.5,53.0,6.13
29.81,74.3,57.0,5.81
30.89,74.6,57.0,5.81
32.55,74.5,60.0,6.13
36.07,74.3,61.0,6.13
33.14,73.7,59.0,6.13
51.42,74.0,62.0,6.13
69.7,74.2,62.0,5.81
76.15,74.2,61.0,6.13
86.32,74.6,59.0,6.13
87.39,74.5,61.0,6.13
89.15,74.9,57.0,6.45
83.38,73.5,61.0,6.45
89.74,73.2,62.0,6.77
88.46,73.8,64.0,6.77
91.79,74.5,60.0,6.77
90.71,74.3,62.0,7.1
91.5,74.3,58.0,6.77
91.59,74.3,57.0,6.77
88.76,74.9,68.0,6.77
92.47,75.3,60.0,6.77
90.42,74.5,61.0,7.42
95.6,75.1,62.0,8.39
92.67,73.7,65.0,8.06
88.95,73.4,60.0,7.1
90.52,74.5,65.0,7.1
90.91,74.3,58.0,6.77
91.01,74.9,63.0,7.1
85.63,74.8,60.0,6.77
87.2,74.9,59.0,6.77
86.71,75.1,63.0,6.77
82.31,74.6,60.0,6.45
78.3,74.3,64.0,6.13
81.43,74.8,62.0,6.45
69.5,74.2,62.0,6.45
60.61,73.7,63.0,6.77
41.15,73.2,55.0,6.77
35.68,70.8,62.0,6.13
33.72,72.1,60.0,5.48
34.02,72.4,71.0,5.81
1.17,71.0,58.0,6.13
0.49,68.3,60.0,5.81
0.49,67.7,61.0,6.13
0.49,67.2,58.0,6.13
0.59,67.1,69.0,6.13
0.49,66.1,75.0,6.13
0.49,66.9,65.0,5.48
0.49,67.1,65.0,5.48
0.49,70.4,61.0,4.52
0.39,71.3,64.0,4.52
0.39,72.1,79.0,4.52
0.39,72.3,70.0,4.19
0.39,72.4,73.0,4.19
0.39,72.9,64.0,4.84
0.39,70.7,71.0,5.16
0.39,71.8,67.0,5.16
0.39,70.7,73.0,5.16
0.29,69.9,56.0,4.84
0.39,70.1,71.0,5.16
0.29,69.6,74.0,5.16
0.39,70.8,62.0,4.84
0.29,72.4,63.0,5.81
0.29,69.9,66.0,5.81
0.29,70.1,57.0,5.81
0.29,69.7,67.0,5.81
0.29,69.7,63.0,5.48
0.39,67.4,56.0,5.48
0.29,67.4,57.0,5.16
0.29,66.7,62.0,5.16
34.21,66.4,51.0,5.16
35.68,66.1,60.0,5.16
35.39,64.5,51.0,5.16
34.6,65.5,58.0,4.52
32.94,63.6,60.0,4.52
30.79,69.3,58.0,2.58
36.07,70.7,61.0,3.55
43.01,68.8,65.0,3.87
77.42,67.1,63.0,3.87
69.6,66.3,64.0,3.55
79.67,65.6,63.0,4.19
90.91,65.8,74.0,4.52
92.77,65.5,67.0,4.52
93.65,63.7,67.0,4.84
94.62,53.8,68.0,8.06
97.56,61.2,65.0,5.81
98.04,50.0,63.0,10.0
94.04,51.9,65.0,5.48
94.53,54.0,69.0,5.81
95.02,55.5,70.0,5.48
95.6,53.7,73.0,6.13
94.23,52.9,65.0,5.48
94.23,54.3,65.0,5.48
96.28,53.2,66.0,6.13
95.99,55.1,71.0,5.81
97.36,51.1,64.0,8.06
90.81,54.6,59.0,4.52
92.47,62.2,63.0,2.9
95.31,63.1,66.0,3.55
96.38,54.0,63.0,7.42
95.8,57.9,64.0,5.48
93.94,57.6,60.0,5.48
92.28,60.1,62.0,4.52
94.53,58.5,50.0,4.84
90.13,57.9,56.0,4.84
86.71,61.7,61.0,3.87
88.46,58.9,50.0,4.19
81.23,55.7,51.0,4.19
73.22,56.3,53.0,3.55
48.39,57.4,50.0,3.55
37.73,60.1,63.0,2.58
35.68,58.4,66.0,2.9
33.92,60.3,65.0,2.58
0.49,58.4,63.0,2.9
0.39,58.2,53.0,2.9
0.49,58.7,51.0,3.23
0.49,58.9,65.0,3.23
0.49,57.6,67.0,3.23
0.39,58.1,67.0,3.23
0.49,57.9,58.0,2.9
0.39,59.2,70.0,2.9
0.39,59.5,72.0,2.9
0.29,58.1,68.0,2.9
0.39,57.6,61.0,2.9
0.29,57.4,71.0,2.9
0.29,57.8,57.0,2.9
0.39,59.0,71.0,2.9
0.29,61.5,71.0,2.58
0.39,67.1,62.0,1.94
0.29,68.2,74.0,1.61
0.29,68.3,66.0,1.61
0.29,68.9,69.0,1.61
0.29,69.1,73.0,1.61
0.29,69.1,73.0,1.61
0.29,69.1,58.0,1.29
0.29,69.7,65.0,1.29
0.29,70.1,64.0,1.61
0.29,70.7,73.0,1.94
0.29,70.7,70.0,2.26
0.39,71.6,65.0,2.9
0.29,71.6,50.0,3.55
33.43,69.7,68.0,4.19
34.21,69.4,65.0,4.52
35.68,68.0,62.0,4.52
34.99,67.4,55.0,4.52
35.58,67.7,70.0,4.52
34.02,67.2,71.0,4.52
35.78,66.6,76.0,4.52
29.81,66.1,65.0,4.52
57.58,66.4,65.0,4.52
82.21,66.9,66.0,4.19
84.26,64.2,66.0,4.19
88.95,62.5,64.0,4.19
88.86,61.1,65.0,4.52
97.36,53.2,65.0,7.1
95.7,53.7,79.0,6.77
96.77,55.2,68.0,6.45
96.68,50.7,72.0,8.06
96.77,52.1,61.0,8.06
95.5,52.7,63.0,6.77
95.31,50.7,53.0,6.77
98.04,44.8,71.0,10.0
96.77,48.1,66.0,7.74
93.45,48.8,68.0,7.42
95.31,54.9,55.0,5.81
97.75,48.0,63.0,9.68
95.11,48.1,63.0,7.1
97.75,48.0,62.0,10.0
94.14,54.0,67.0,5.48
92.77,59.8,88.0,4.84
87.39,67.4,70.0,2.9
91.59,68.6,72.0,3.87
92.77,68.5,69.0,4.19
93.35,66.9,61.0,5.48
94.14,66.4,62.0,6.45
92.86,66.0,63.0,5.81
91.1,66.4,62.0,5.48
93.55,66.0,72.0,7.74
91.3,66.1,70.0,6.13
86.61,67.5,62.0,5.16
74.49,64.2,64.0,4.19
42.13,64.9,61.0,3.87
32.94,62.8,63.0,3.87
32.45,60.9,58.0,3.55
2.44,60.9,50.0,3.55
2.44,61.1,59.0,3.55
2.44,62.3,63.0,3.23
2.35,62.6,55.0,2.9
2.44,62.6,54.0,2.58
2.35,64.2,54.0,2.58
2.35,65.2,59.0,2.58
2.44,65.6,57.0,2.58
2.35,66.1,54.0,2.26
2.35,66.6,54.0,1.94
2.35,67.4,55.0,1.94
2.35,67.4,53.0,1.61
2.25,67.2,55.0,1.94
2.25,66.4,59.0,2.26
2.35,65.3,54.0,2.58
2.35,64.9,57.0,2.9
2.35,64.1,51.0,2.9
2.35,63.6,60.0,2.9
2.25,63.7,50.0,2.58
2.25,63.9,63.0,2.26
2.35,65.8,50.0,1.94
2.25,65.6,57.0,1.61
2.25,65.5,50.0,1.61
2.25,64.9,50.0,1.94
2.25,65.0,53.0,1.61
2.25,65.6,50.0,1.29
2.25,66.3,50.0,1.61
2.25,66.9,53.0,1.29
2.35,66.9,53.0,1.29
33.33,66.7,57.0,1.29
34.41,66.7,51.0,1.29
34.8,65.3,55.0,1.94
35.09,64.1,53.0,1.94
35.19,64.2,61.0,1.94
33.72,64.4,61.0,1.61
28.54,65.8,61.0,1.29
61.68,66.9,62.0,1.29
76.54,67.2,60.0,1.94
75.37,66.0,59.0,1.94
82.7,66.3,66.0,1.94
87.0,66.1,58.0,2.26
85.63,66.3,58.0,2.58
87.29,66.1,60.0,2.26
84.95,67.2,61.0,1.94
90.13,67.7,60.0,1.61
94.53,68.9,63.0,2.58
91.79,68.0,62.0,2.58
92.86,68.2,62.0,2.58
97.46,66.0,61.0,5.48
97.16,56.0,62.0,8.39
93.45,59.6,58.0,5.48
92.86,62.2,58.0,5.16
97.75,55.5,65.0,10.97
97.85,52.9,60.0,8.39
97.75,45.8,64.0,11.61
95.31,48.8,50.0,7.1
97.56,57.4,58.0,7.1
96.19,46.2,50.0,10.97
92.67,54.3,59.0,5.16
95.99,45.8,63.0,11.94
95.8,41.5,62.0,11.94
95.7,39.8,66.0,11.61
92.77,45.1,75.0,9.35
89.44,49.2,66.0,6.13
92.08,51.8,62.0,6.13
88.27,49.2,56.0,6.13
91.79,51.0,54.0,5.81
81.62,52.9,62.0,5.16
39.2,58.4,51.0,3.55
22.19,61.4,61.0,2.9
34.12,61.7,65.0,2.9
33.14,62.3,50.0,2.9
2.44,63.3,50.0,2.58
2.44,62.6,55.0,3.23
2.84,60.9,50.0,3.55
2.44,60.3,64.0,3.87
2.44,60.1,64.0,3.87
2.35,60.4,56.0,3.87
2.35,61.1,61.0,3.87
2.35,61.4,61.0,3.55
2.44,61.2,70.0,3.87
2.44,61.2,66.0,3.87
2.35,60.9,61.0,3.55
2.35,61.7,57.0,3.55
2.44,61.1,50.0,3.87
2.35,61.1,62.0,4.19
2.35,60.6,71.0,4.19
2.35,61.2,68.0,3.87
2.35,62.2,62.0,3.87
2.25,63.0,57.0,3.55
2.35,62.6,66.0,3.55
2.35,63.3,56.0,3.55
2.35,63.1,62.0,3.55
2.35,61.9,65.0,3.87
2.35,61.5,50.0,4.19
2.35,61.4,63.0,4.19
2.44,62.0,75.0,4.19
2.35,63.0,50.0,3.87
2.44,63.4,67.0,3.87
2.35,63.7,74.0,3.55
33.24,63.3,66.0,3.87
32.16,64.7,65.0,3.55
33.24,64.9,50.0,3.55
32.45,63.7,66.0,3.87
34.7,62.3,58.0,4.19
33.04,62.5,71.0,4.19
39.0,63.0,63.0,4.19
61.98,62.8,61.0,4.19
74.0,62.5,59.0,4.19
85.14,62.5,61.0,4.52
86.71,61.9,62.0,4.84
90.32,60.9,61.0,4.84
92.18,61.2,60.0,4.84
91.4,61.1,58.0,4.84
94.53,59.8,60.0,5.16
94.72,58.5,62.0,5.48
95.89,55.9,67.0,6.13
97.65,50.3,71.0,7.74
96.68,47.8,81.0,8.06
94.14,56.7,70.0,5.16
93.65,59.5,69.0,5.48
93.65,62.8,60.0,3.87
96.09,61.2,63.0,5.81
92.28,60.1,61.0,6.13
89.25,60.0,61.0,5.48
90.91,59.6,53.0,5.81
93.55,62.6,54.0,6.13
91.98,64.4,58.0,5.81
92.47,63.0,52.0,6.45
92.86,61.7,61.0,6.45
89.64,62.3,68.0,6.45
89.83,61.9,65.0,6.45
89.34,61.4,50.0,6.45
88.56,59.2,73.0,6.45
87.78,59.2,72.0,6.45
88.95,59.5,61.0,6.45
87.2,60.3,75.0,6.45
83.68,59.8,65.0,6.45
75.37,60.0,68.0,6.13
57.97,59.3,59.0,6.13
26.39,59.6,57.0,6.13
34.41,59.2,50.0,6.13
33.24,58.5,58.0,6.13
2.54,58.7,51.0,6.13
2.54,58.9,50.0,5.81
2.54,59.2,50.0,5.81
2.64,59.6,50.0,5.16
2.54,58.7,50.0,4.84
2.54,60.1,61.0,4.52
2.54,61.5,57.0,4.19
2.54,62.3,52.0,4.19
2.54,63.1,50.0,3.87
2.54,63.4,56.0,3.55
2.54,64.4,50.0,3.23
2.54,64.9,51.0,3.23
2.54,64.4,51.0,3.23
2.54,64.4,57.0,3.23
2.54,65.3,51.0,2.9
2.54,65.3,51.0,2.26
2.54,65.6,53.0,2.58
2.44,65.0,54.0,2.26
2.44,66.9,55.0,2.26
2.44,67.7,54.0,2.26
2.44,68.9,50.0,2.26
2.44,69.3,54.0,2.26
2.44,70.5,57.0,2.58
2.44,70.7,60.0,2.58
2.44,69.9,53.0,2.58
2.44,70.4,55.0,2.58
2.44,69.6,54.0,2.58
2.44,70.1,50.0,2.58
2.44,69.4,62.0,2.9
2.54,69.3,58.0,2.9
2.54,69.1,62.0,2.9
2.64,66.0,53.0,3.55
2.74,68.2,58.0,2.9
2.74,68.8,84.0,2.9
3.23,67.2,63.0,3.55
8.21,68.0,70.0,3.23
20.63,67.5,63.0,3.23
55.62,68.0,70.0,3.23
78.69,68.8,63.0,2.9
84.36,67.8,73.0,3.23
74.68,66.9,72.0,3.55
83.19,65.8,72.0,3.55
85.24,66.6,93.0,3.55
90.22,66.7,71.0,3.55
87.29,68.2,72.0,3.23
89.34,68.6,76.0,3.23
86.8,68.5,70.0,3.23
89.74,67.8,93.0,3.55
91.89,67.8,84.0,3.55
90.03,67.2,86.0,3.55
94.92,69.3,73.0,3.55
96.28,68.9,85.0,4.52
96.38,68.3,78.0,4.52
96.58,66.1,100.0,4.84
93.35,67.1,86.0,3.87
93.94,67.1,85.0,4.19
94.33,66.6,89.0,4.19
93.45,66.4,89.0,3.87
92.08,67.1,100.0,3.55
91.79,67.4,100.0,3.55
91.3,67.7,90.0,3.55
90.22,68.0,94.0,3.55
88.76,67.8,100.0,3.23
86.22,68.5,91.0,3.23
85.04,68.9,90.0,3.23
80.35,68.8,79.0,3.23
73.51,68.5,95.0,3.23
61.29,68.6,84.0,3.23
34.51,67.8,88.0,3.55
7.82,68.2,81.0,3.55
2.93,67.2,84.0,3.55
2.74,67.2,96.0,3.55
2.64,66.9,88.0,3.55
2.64,66.9,77.0,3.55
2.64,66.1,86.0,3.55
2.64,66.0,74.0,3.55
2.35,68.0,84.0,3.55
2.25,68.3,67.0,3.55
2.64,70.5,66.0,3.23
2.44,70.7,62.0,3.55
2.44,69.4,61.0,3.55
2.44,69.4,78.0,3.23
2.44,70.2,67.0,2.9
2.44,69.6,77.0,2.9
2.44,69.9,91.0,2.9
2.44,68.9,81.0,3.23
2.35,68.5,75.0,3.23
2.35,67.8,76.0,3.23
2.35,67.5,89.0,3.23
2.35,66.7,95.0,3.23
2.35,66.3,79.0,3.23
2.35,65.5,94.0,3.23
2.35,66.0,78.0,3.23
2.35,65.0,73.0,3.23
2.35,64.7,75.0,2.9
2.35,64.2,79.0,2.9
2.35,65.2,93.0,2.9
2.35,66.3,92.0,2.9
2.35,66.1,99.0,2.9
2.35,66.0,100.0,2.9
2.35,65.5,89.0,2.9
2.35,65.5,95.0,2.9
2.35,65.0,83.0,2.9
2.54,64.1,87.0,3.23
2.54,64.7,84.0,3.23
2.84,65.2,100.0,2.9
7.23,65.5,85.0,3.23
31.48,66.0,88.0,3.23
59.04,66.6,100.0,3.23
65.98,65.0,88.0,3.55
68.62,65.6,94.0,3.55
77.22,66.6,99.0,3.55
79.76,66.6,84.0,3.55
76.25,66.3,89.0,3.55
78.3,64.4,74.0,3.87
71.94,65.0,78.0,3.87
71.46,67.4,68.0,3.55
75.46,70.8,63.0,3.23
76.83,71.3,71.0,2.9
79.57,71.5,77.0,3.23
80.45,71.9,88.0,3.23
82.01,71.9,94.0,3.23
83.09,72.3,75.0,3.23
83.87,72.4,72.0,2.9
83.77,72.9,64.0,3.23
84.75,73.0,72.0,3.23
79.47,72.9,86.0,3.87
85.92,73.0,73.0,2.9
83.09,73.0,79.0,2.58
84.65,73.0,70.0,2.9
87.39,73.0,63.0,2.9
92.28,73.4,54.0,3.87
88.76,73.8,50.0,3.55
84.95,74.0,56.0,4.19
77.22,73.8,51.0,4.19
75.76,73.7,56.0,3.87
72.82,74.0,51.0,3.87
68.13,73.4,66.0,3.23
58.75,74.0,50.0,3.55
50.24,73.8,63.0,3.55
30.69,73.7,53.0,3.55
5.28,74.0,60.0,3.87
2.93,74.0,51.0,3.55
2.74,73.8,62.0,3.55
2.74,73.8,50.0,3.87
2.44,74.0,64.0,3.55
2.54,74.0,50.0,3.55
2.54,74.0,51.0,3.55
2.64,73.8,54.0,3.23
2.44,73.8,59.0,3.23
2.64,73.8,50.0,3.23
2.64,73.7,54.0,3.23
2.74,74.0,56.0,3.23
2.64,73.4,69.0,3.23
2.54,73.8,70.0,3.23
2.54,73.7,67.0,2.9
2.44,73.4,86.0,2.9
2.44,72.7,72.0,2.58
2.44,72.4,79.0,2.58
2.44,72.6,72.0,2.58
2.44,72.6,75.0,2.26
2.44,72.1,68.0,2.26
2.44,71.9,66.0,2.26
2.44,72.3,67.0,2.26
2.44,72.3,85.0,1.94
2.44,71.2,86.0,1.94
2.44,70.4,88.0,1.94
2.44,69.4,84.0,1.94
2.44,69.6,87.0,1.94
2.44,69.3,78.0,1.61
2.44,69.6,77.0,1.94
2.44,69.4,85.0,1.61
31.48,69.1,89.0,1.61
32.55,68.3,90.0,1.61
32.55,68.0,89.0,1.61
32.55,67.5,95.0,1.61
34.41,67.2,94.0,1.29
33.53,67.2,92.0,0.97
22.09,66.1,98.0,0.97
44.09,66.0,100.0,0.97
60.7,65.8,89.0,0.65
69.31,66.6,85.0,0.32
78.1,67.5,87.0,0.0
83.97,69.3,62.0,0.0
85.63,70.4,75.0,0.0
87.98,71.0,69.0,0.0
89.34,71.2,70.0,0.0
88.95,70.8,75.0,0.0
88.56,70.7,76.0,0.0
89.15,71.2,78.0,0.0
89.64,70.8,74.0,0.0
89.74,70.7,75.0,0.32
91.2,70.8,73.0,0.65
91.98,70.8,78.0,0.65
92.08,70.4,69.0,0.65
92.18,70.5,76.0,0.65
91.5,70.1,77.0,0.65
90.62,66.9,80.0,0.97
90.71,63.4,86.0,0.65
89.44,62.3,71.0,0.65
87.1,61.4,90.0,0.65
89.15,61.2,97.0,0.65
87.39,61.1,100.0,0.65
87.88,60.0,100.0,0.65
85.14,59.8,100.0,0.32
83.58,59.2,73.0,0.65
81.53,58.4,94.0,0.65
84.65,58.5,66.0,0.65
79.57,57.8,100.0,0.65
71.26,58.1,61.0,0.97
55.62,58.1,91.0,0.65
33.53,58.7,100.0,0.65
36.07,58.4,93.0,0.32
34.12,58.1,93.0,0.65
37.15,59.3,100.0,0.65
3.13,58.4,91.0,0.32
3.13,57.8,75.0,0.32
3.13,57.6,100.0,0.32
3.13,55.9,100.0,0.32
3.13,56.5,96.0,0.32
3.23,56.7,100.0,0.0
3.23,57.0,91.0,0.0
3.23,56.7,87.0,0.0
3.23,56.7,96.0,0.0
3.23,56.3,100.0,0.0
3.23,55.5,100.0,0.0
3.23,54.6,100.0,0.0
3.23,55.4,98.0,0.0
3.32,54.4,84.0,-0.32
3.32,53.7,72.0,-0.32
3.32,53.3,94.0,-0.65
3.32,53.7,98.0,-0.65
3.32,54.3,97.0,-0.65
3.32,54.0,51.0,-0.32
3.32,54.4,99.0,-0.65
3.42,54.4,95.0,-0.65
3.42,54.4,97.0,-0.65
3.32,54.4,66.0,-0.65
3.52,55.1,53.0,-0.65
3.52,55.4,50.0,-0.65
3.52,54.6,65.0,-0.65
3.52,54.0,63.0,-0.97
3.52,54.0,65.0,-0.65
33.72,54.4,61.0,-0.97
35.19,53.5,59.0,-0.97
34.7,53.8,67.0,-0.97
36.46,54.3,50.0,-1.29
36.85,54.9,63.0,-1.29
37.15,55.2,63.0,-1.29
39.39,54.9,60.0,-1.29
47.12,54.9,65.0,-1.29
66.18,54.3,56.0,-1.29
70.38,54.1,66.0,-1.29
77.32,54.1,63.0,-1.29
83.87,54.0,55.0,-0.97
86.22,53.3,54.0,-1.29
88.46,53.5,52.0,-0.97
88.56,53.5,62.0,-0.97
90.13,53.0,57.0,-0.97
90.13,53.2,60.0,-0.97
90.71,53.3,50.0,-0.97
92.38,52.9,57.0,-0.97
92.96,53.0,65.0,-0.65
92.57,52.6,68.0,-0.65
92.86,51.8,61.0,-0.65
91.5,51.4,57.0,-0.65
92.18,52.2,53.0,-0.65
93.55,52.2,56.0,-0.32
92.38,52.1,56.0,-0.32
92.77,51.8,54.0,-0.32
92.86,51.9,50.0,0.0
92.86,51.6,58.0,-0.65
92.18,51.3,61.0,-0.32
90.91,50.7,68.0,-0.65
91.79,50.5,65.0,-0.65
93.94,51.1,70.0,0.0
93.74,48.8,61.0,0.0
92.47,48.5,63.0,-1.94
91.59,48.0,59.0,-0.97
87.88,47.3,55.0,-1.29
85.04,46.7,63.0,-1.29
83.09,46.9,62.0,-1.61
72.04,47.5,62.0,-1.94
47.7,47.5,60.0,-1.94
36.46,47.8,58.0,-1.94
36.76,48.5,59.0,-1.61
3.91,48.6,58.0,-1.94
3.81,48.6,60.0,-1.94
3.81,49.4,55.0,-1.94
3.81,49.7,59.0,-1.94
3.81,48.6,60.0,-1.94
3.81,48.8,53.0,-1.94
3.81,50.0,53.0,-2.26
3.81,50.8,60.0,-2.26
3.91,50.5,58.0,-2.26
3.81,50.0,60.0,-1.94
3.81,49.9,61.0,-2.26
3.81,49.6,61.0,-2.26
3.81,49.6,53.0,-2.26
3.81,49.2,58.0,-2.26
3.81,49.7,61.0,-2.26
3.72,48.9,60.0,-2.26
3.62,48.9,61.0,-2.58
3.72,47.0,63.0,-3.23
3.81,47.7,65.0,-3.87
3.81,48.9,64.0,-3.87
3.81,49.6,65.0,-3.87
3.81,49.7,63.0,-4.19
3.72,49.9,64.0,-4.19
3.81,50.3,63.0,-4.52
3.81,51.4,64.0,-4.84
3.81,51.9,64.0,-4.52
3.81,50.2,62.0,-4.19
3.81,52.6,58.0,-4.52
5.28,52.4,56.0,-4.52
36.17,51.9,63.0,-4.84
37.05,51.8,61.0,-4.52
35.68,52.4,63.0,-4.52
37.54,53.5,63.0,-4.52
39.3,52.4,63.0,-4.84
39.98,52.7,62.0,-4.84
63.05,53.7,62.0,-4.19
76.15,52.6,63.0,-3.23
82.31,50.0,60.0,-3.23
84.85,50.3,61.0,-2.58
86.51,47.5,61.0,-2.26
83.58,46.7,60.0,-1.94
87.1,48.5,62.0,-1.61
89.05,51.6,63.0,-0.97
90.91,54.3,61.0,0.0
93.16,56.5,58.0,0.32
93.45,57.3,66.0,0.97
92.86,59.2,66.0,1.29
91.98,59.5,62.0,1.29
94.53,59.2,73.0,1.61
94.72,59.2,67.0,1.94
93.35,59.6,63.0,1.94
93.45,58.7,62.0,2.58
94.82,56.7,60.0,3.23
93.35,55.2,63.0,2.9
93.16,56.0,65.0,3.55
94.72,55.7,67.0,3.87
91.89,55.7,72.0,2.58
88.37,59.3,62.0,1.94
88.07,63.6,69.0,1.61
83.09,65.8,68.0,1.29
85.04,67.5,63.0,1.29
83.68,68.5,72.0,1.29
83.19,68.9,71.0,1.29
85.92,69.6,81.0,1.61
79.18,70.2,73.0,1.94
66.67,70.5,73.0,1.94
62.37,70.2,71.0,1.94
52.88,71.2,71.0,2.26
32.84,71.6,64.0,2.26
35.09,71.8,62.0,2.9
33.63,71.2,66.0,2.9
34.21,70.7,62.0,2.9
2.84,70.5,62.0,2.58
2.93,71.3,65.0,2.9
3.13,71.6,65.0,3.23
3.23,71.6,64.0,2.9
2.93,72.1,59.0,3.23
2.84,72.3,56.0,3.55
2.84,72.1,56.0,3.55
2.84,72.1,53.0,3.55
2.84,72.3,58.0,3.55
2.74,72.3,58.0,3.55
2.84,72.1,50.0,3.55
2.84,72.3,58.0,3.55
2.74,72.6,56.0,3.55
2.74,72.6,55.0,3.55
2.74,72.7,58.0,3.87
2.64,72.4,57.0,4.19
2.64,72.9,57.0,4.19
2.44,72.1,61.0,4.19
2.54,72.3,57.0,4.19
2.54,71.9,60.0,4.19
2.44,71.5,56.0,3.55
2.44,71.2,62.0,3.55
2.44,71.6,61.0,3.23
2.44,71.5,61.0,2.9
2.35,71.8,56.0,2.9
2.44,71.9,62.0,2.9
2.44,71.9,61.0,2.9
34.21,71.8,61.0,2.58
34.41,71.6,52.0,2.58
35.97,71.9,54.0,2.26
36.46,71.6,59.0,2.58
34.31,71.8,61.0,2.26
23.17,71.8,60.0,2.26
69.4,71.8,58.0,2.26
88.76,71.9,60.0,2.26
95.02,72.4,64.0,3.55
95.5,70.1,59.0,3.87
97.07,68.0,62.0,5.48
95.99,63.7,60.0,5.81
94.92,63.1,60.0,4.52
96.19,67.5,59.0,5.48
96.77,66.0,60.0,6.45
98.04,65.3,61.0,9.68
95.99,60.1,58.0,6.77
95.7,60.4,61.0,6.13
95.7,62.6,62.0,7.74
97.16,58.5,61.0,9.35
96.28,57.1,61.0,8.39
96.38,56.3,59.0,7.74
97.26,59.2,58.0,9.35
96.68,58.2,57.0,10.65
97.26,55.4,62.0,11.29
96.58,52.2,61.0,11.29
95.5,54.3,65.0,9.35
95.21,55.9,64.0,9.35
94.72,55.2,58.0,8.71
95.31,56.3,53.0,8.71
95.31,59.8,50.0,9.35
94.82,57.4,50.0,8.71
94.43,59.2,50.0,8.06
93.16,60.6,50.0,7.42
87.39,62.8,50.0,6.77
83.19,63.0,50.0,6.13
75.76,60.3,50.0,5.81
60.31,58.7,50.0,5.16
54.15,60.3,50.0,4.84
47.31,61.1,62.0,4.52
29.42,61.7,57.0,3.87
34.41,59.8,61.0,4.19
34.31,56.2,63.0,4.52
2.74,55.9,57.0,4.52
2.74,55.1,57.0,4.52
2.74,54.6,57.0,4.19
2.74,54.6,50.0,3.87
2.64,53.8,58.0,3.87
2.74,55.1,58.0,3.87
2.64,56.7,58.0,3.87
2.64,58.4,56.0,3.87
2.64,60.1,53.0,4.19
2.64,59.8,57.0,3.87
2.54,58.9,61.0,3.55
2.54,57.9,50.0,3.87
2.44,58.5,54.0,3.87
2.44,58.4,50.0,3.87
2.44,59.2,58.0,4.19
2.44,60.6,59.0,4.52
2.44,62.6,50.0,4.84
2.35,62.2,61.0,4.52
2.44,61.2,56.0,4.52
2.35,54.6,60.0,4.84
2.35,56.0,59.0,5.16
2.35,45.8,62.0,5.16
2.35,43.7,61.0,5.16
2.35,59.0,62.0,4.84
2.35,60.1,54.0,5.16
2.35,61.5,61.0,4.84
2.35,62.8,57.0,4.84
2.35,63.7,61.0,4.52
25.12,64.7,61.0,4.52
36.46,68.6,57.0,4.52
34.6,69.9,64.0,4.84
34.51,70.7,60.0,4.52
34.7,69.9,50.0,4.84
34.8,70.4,70.0,4.52
47.31,69.4,50.0,4.52
84.65,69.1,50.0,4.19
94.43,69.4,65.0,5.48
96.48,69.3,61.0,6.13
97.46,70.5,63.0,8.06
97.75,70.8,63.0,9.35
97.95,71.0,56.0,10.65
96.97,71.2,50.0,10.32
97.95,71.3,51.0,11.94
98.14,71.6,61.0,10.97
97.36,72.1,60.0,10.97
98.04,71.5,63.0,12.58
98.14,72.1,62.0,13.23
97.75,71.6,60.0,13.23
98.04,71.5,59.0,13.87
97.95,71.9,59.0,12.58
97.75,71.3,58.0,14.84
97.75,71.2,58.0,15.81
97.85,71.2,58.0,15.48
97.85,71.0,53.0,16.13
95.7,69.3,52.0,12.58
95.7,68.2,53.0,11.61
97.07,67.2,56.0,16.77
97.07,67.1,59.0,14.52
94.72,64.2,57.0,9.03
94.53,63.6,57.0,9.03
93.65,64.4,50.0,8.71
95.02,63.6,53.0,8.39
93.74,64.5,52.0,9.35
94.72,64.5,56.0,9.35
94.53,64.9,56.0,13.87
95.31,63.7,53.0,9.68
91.69,64.1,50.0,9.68
85.53,63.9,51.0,6.77
75.95,63.6,66.0,6.13
47.8,63.6,50.0,5.81
33.63,63.3,67.0,5.16
34.02,59.3,50.0,4.84
3.62,56.3,62.0,4.52
3.52,52.6,61.0,3.87
3.62,49.2,72.0,3.55
3.52,47.7,64.0,3.55
3.52,47.5,50.0,3.23
3.52,44.8,61.0,2.9
3.52,46.2,58.0,2.9
3.42,45.3,64.0,2.9
3.42,43.7,50.0,2.9
3.42,41.4,53.0,2.9
3.42,43.9,72.0,2.9
3.42,41.5,64.0,2.9
3.42,41.0,66.0,2.9
3.32,39.0,60.0,2.9
3.32,38.4,61.0,3.23
3.32,36.0,62.0,3.23
3.32,36.6,66.0,3.55
3.42,38.8,73.0,3.55
3.32,41.0,61.0,3.55
3.42,38.7,71.0,3.55
3.32,41.7,69.0,3.55
3.32,47.3,61.0,3.87
3.32,48.0,67.0,3.55
3.42,47.8,67.0,3.55
3.42,49.7,72.0,3.55
3.42,48.1,61.0,3.55
3.32,49.1,60.0,3.23
3.32,46.4,66.0,3.23
3.32,48.8,62.0,3.23
3.23,49.7,61.0,3.23
3.32,52.7,64.0,2.9
3.32,55.5,57.0,2.9
3.91,57.0,68.0,2.9
14.08,58.9,50.0,2.9
43.3,59.3,55.0,2.9
66.86,61.7,63.0,2.9
80.45,63.7,66.0,2.9
88.76,64.5,55.0,3.23
92.18,66.0,66.0,3.87
96.28,66.0,58.0,4.84
97.16,67.4,66.0,6.45
96.48,67.5,63.0,3.87
96.97,67.8,65.0,5.48
97.36,68.5,63.0,6.45
97.95,68.8,65.0,9.03
94.33,68.8,50.0,3.87
94.43,68.3,73.0,3.55
95.02,68.2,50.0,3.55
94.92,68.3,50.0,3.23
95.6,68.2,55.0,4.19
95.41,68.3,50.0,3.55
95.02,68.5,61.0,3.23
95.21,68.0,50.0,3.23
95.31,68.6,50.0,3.23
95.02,68.3,50.0,2.9
95.02,68.0,50.0,2.9
94.72,68.0,53.0,2.9
94.23,67.8,58.0,2.9
93.84,68.2,58.0,2.58
93.65,68.2,50.0,2.58
92.18,67.5,56.0,2.58
91.4,68.0,52.0,2.26
89.34,68.3,58.0,2.26
90.22,68.8,50.0,2.26
88.07,69.1,55.0,2.26
85.14,69.3,60.0,1.94
79.08,69.1,50.0,1.61
70.97,69.6,50.0,1.29
46.92,69.7,59.0,1.29
15.54,69.4,51.0,1.29
4.11,69.7,50.0,1.29
3.52,69.9,55.0,1.29
3.32,69.4,54.0,1.29
3.13,67.4,55.0,1.29
3.13,67.7,58.0,0.97
3.42,60.1,56.0,0.97
3.13,67.5,56.0,0.97
3.13,64.9,59.0,0.97
3.03,60.3,63.0,1.29
3.03,55.5,54.0,1.29
3.13,64.7,57.0,1.29
3.13,67.2,53.0,0.97
3.23,68.0,57.0,0.65
3.23,68.2,51.0,0.65
3.13,68.3,58.0,0.97
3.13,67.7,55.0,0.97
3.32,69.3,57.0,0.65
3.32,70.5,59.0,0.32
3.42,70.4,53.0,0.32
3.32,70.7,57.0,0.65
3.42,70.8,57.0,0.65
3.32,70.7,68.0,1.29
3.23,70.8,60.0,1.29
3.13,71.2,57.0,1.61
3.13,71.0,64.0,1.94
3.03,71.2,63.0,1.94
3.03,71.5,60.0,1.94
3.13,71.5,63.0,1.94
3.03,71.8,58.0,2.26
3.03,71.6,61.0,2.26
3.13,71.8,60.0,2.26
3.13,71.6,72.0,2.26
3.13,71.2,75.0,2.26
3.62,71.2,62.0,2.26
14.47,71.3,60.0,2.26
58.16,71.3,60.0,2.26
60.8,71.6,60.0,2.58
74.98,71.6,57.0,2.58
81.62,71.6,64.0,2.58
85.92,71.5,61.0,2.58
89.05,71.6,58.0,2.58
90.91,71.6,58.0,2.58
91.89,71.9,60.0,2.58
92.47,71.8,60.0,2.58
93.26,72.1,58.0,2.58
93.74,72.1,60.0,2.9
94.33,72.1,60.0,2.9
95.31,71.8,55.0,3.23
95.89,71.9,56.0,3.55
96.38,72.4,57.0,3.87
96.68,71.9,58.0,4.52
96.09,71.8,54.0,4.19
95.99,71.3,59.0,3.87
96.19,71.8,60.0,4.52
96.58,71.6,59.0,4.52
96.58,71.8,60.0,5.16
95.89,72.3,56.0,4.19
95.41,72.6,56.0,3.87
95.6,71.8,60.0,3.87
95.5,71.0,61.0,4.52
95.6,69.9,58.0,4.84
95.8,69.6,60.0,6.77
94.23,68.6,66.0,4.52
93.26,68.8,58.0,3.87
92.38,66.3,57.0,3.87
91.2,65.5,52.0,3.55
89.25,63.9,54.0,3.55
86.41,65.0,56.0,3.55
81.92,63.6,58.0,3.23
70.67,61.1,53.0,2.9
43.7,59.3,50.0,2.9
9.58,59.8,53.0,2.9
3.81,59.2,53.0,2.9
3.62,60.6,53.0,2.58
3.62,59.3,60.0,2.58
3.52,59.2,60.0,2.58
3.62,59.5,50.0,2.58
3.62,59.5,52.0,2.26
3.72,58.7,50.0,2.26
3.62,57.6,56.0,1.94
3.52,56.3,62.0,1.94
3.62,55.1,66.0,1.61
3.62,54.9,62.0,1.61
3.62,51.9,58.0,1.61
3.62,53.0,58.0,1.29
3.52,53.3,65.0,1.29
3.52,53.8,65.0,1.29
3.52,53.0,65.0,1.29
3.52,52.6,65.0,1.61
3.52,51.9,63.0,1.61
3.52,53.7,62.0,1.29
3.52,54.0,65.0,1.29
3.42,54.0,59.0,1.29
3.52,53.7,63.0,1.29
3.52,52.9,70.0,1.29
3.42,49.1,67.0,1.29
3.42,52.4,69.0,1.29
3.42,50.7,72.0,1.29
3.42,52.4,68.0,1.29
3.42,50.7,61.0,1.61
3.42,50.2,64.0,1.61
34.9,50.8,62.0,1.61
35.58,54.0,62.0,1.61
34.02,56.0,70.0,1.61
33.92,57.0,66.0,1.61
36.36,58.2,72.0,1.94
29.91,58.7,89.0,1.61
62.37,59.8,64.0,2.26
79.28,60.1,69.0,1.94
87.29,57.3,61.0,1.94
90.32,54.8,67.0,1.94
92.47,54.8,67.0,2.58
90.91,55.5,65.0,2.58
90.42,56.5,68.0,2.58
92.28,57.6,58.0,2.58
94.62,59.2,61.0,3.55
93.06,61.5,63.0,2.58
93.65,61.5,65.0,3.55
93.94,63.0,59.0,3.23
92.96,62.6,56.0,3.55
90.62,63.0,51.0,3.23
91.69,63.9,59.0,3.55
94.43,63.1,59.0,3.87
94.14,62.5,50.0,4.19
93.84,62.6,59.0,4.19
94.33,63.0,74.0,3.87
94.33,63.6,64.0,4.52
34.12,63.9,69.0,4.52
3.52,64.9,67.0,4.52
3.52,65.0,88.0,4.52
3.52,64.9,71.0,4.84
3.52,64.7,67.0,4.84
3.52,65.5,69.0,4.84
3.52,65.3,65.0,5.16
3.52,65.6,64.0,5.16
3.52,65.6,76.0,4.84
3.52,65.8,72.0,4.84
3.52,66.7,76.0,4.84
3.42,66.4,65.0,4.84
3.42,66.4,66.0,4.84
3.42,65.8,74.0,4.52
3.32,64.2,61.0,4.84
3.32,63.3,66.0,4.84
3.32,62.6,73.0,4.52
3.32,62.0,62.0,4.84
3.32,61.1,69.0,4.84
3.23,61.1,50.0,4.84
3.32,61.2,50.0,4.52
3.23,60.9,72.0,4.52
3.23,58.9,50.0,4.52
3.23,58.9,61.0,4.52
3.32,58.7,50.0,4.52
3.32,58.7,50.0,4.52
3.32,58.7,53.0,4.52
3.32,59.0,58.0,4.52
3.32,59.5,57.0,4.52
31.87,58.2,61.0,4.52
33.72,57.3,63.0,4.84
35.58,58.4,65.0,4.84
35.97,59.6,67.0,4.84
37.63,59.3,62.0,4.84
22.48,61.4,60.0,4.84
50.44,60.3,58.0,4.84
75.56,60.9,56.0,4.84
82.11,60.0,58.0,5.16
84.95,60.6,61.0,4.84
90.52,62.2,57.0,5.16
93.74,62.8,60.0,5.81
92.38,63.7,69.0,5.81
95.02,65.6,55.0,6.13
97.75,66.7,59.0,9.35
97.36,68.0,54.0,8.06
97.65,68.3,59.0,9.68
97.65,68.3,55.0,10.32
97.65,68.6,51.0,10.65
96.77,68.3,63.0,10.0
95.6,65.5,63.0,9.35
95.89,64.1,50.0,9.03
97.65,63.4,50.0,10.65
96.97,63.6,50.0,11.29
97.16,64.5,50.0,11.29
96.58,66.0,57.0,11.94
95.6,66.4,50.0,11.29
96.58,66.7,55.0,12.58
95.5,67.2,60.0,12.26
93.45,67.8,50.0,10.97
91.89,68.2,50.0,10.65
93.74,68.8,64.0,10.65
93.26,68.8,50.0,8.71
88.27,69.4,50.0,9.03
83.19,69.3,50.0,9.03
85.53,69.1,50.0,8.06
85.53,68.9,60.0,8.06
85.34,68.5,50.0,8.39
77.61,68.6,50.0,8.06
72.43,69.1,50.0,7.74
58.16,68.9,50.0,7.74
34.02,68.5,50.0,7.74
35.78,67.8,61.0,8.06
3.72,67.1,50.0,7.74
3.23,66.1,50.0,7.42
3.13,63.9,50.0,7.1
3.13,64.9,50.0,6.77
3.13,63.6,50.0,6.13
3.13,55.5,50.0,6.13
3.13,59.0,59.0,5.81
3.13,54.3,50.0,5.81
3.13,53.3,51.0,5.81
3.23,53.5,50.0,5.81
3.13,54.8,58.0,5.48
3.13,57.1,57.0,5.48
3.13,58.4,68.0,5.48
3.13,57.0,62.0,6.13
3.23,55.7,64.0,6.13
3.23,56.0,60.0,6.45
3.23,54.9,56.0,5.81
3.23,54.6,62.0,5.48
3.23,54.1,66.0,5.48
3.23,54.9,62.0,5.48
3.32,57.0,57.0,5.16
3.32,57.9,63.0,5.16
3.32,60.1,61.0,5.16
3.32,67.8,66.0,5.16
3.32,66.3,65.0,5.16
3.32,66.1,64.0,5.16
3.32,69.1,66.0,5.16
3.32,69.3,56.0,5.16
3.23,67.7,64.0,5.16
37.24,66.4,52.0,5.16
34.9,66.9,75.0,5.16
36.85,66.7,70.0,4.84
35.68,66.1,67.0,4.84
26.2,64.9,73.0,4.84
66.47,64.9,63.0,4.84
86.41,64.4,63.0,4.84
94.53,64.9,68.0,5.48
96.09,65.3,71.0,6.13
97.36,65.5,61.0,8.06
97.36,65.6,65.0,7.74
96.19,66.3,63.0,7.1
94.82,65.8,62.0,7.1
96.58,65.0,63.0,9.35
96.87,63.9,63.0,11.61
98.14,64.4,72.0,12.58
95.21,64.9,77.0,9.03
95.89,63.9,67.0,8.71
96.68,62.8,72.0,9.68
97.95,62.2,70.0,11.61
96.28,62.0,60.0,11.29
95.6,60.9,57.0,10.65
97.85,58.9,50.0,10.97
97.56,58.4,63.0,12.9
95.89,57.1,50.0,10.0
96.28,56.7,60.0,11.29
95.31,56.2,63.0,12.26
97.36,55.7,60.0,12.9
97.16,56.0,62.0,12.58
94.53,54.0,62.0,11.61
96.87,53.5,73.0,12.58
95.11,53.2,63.0,11.29
96.38,53.2,70.0,12.26
95.11,54.1,63.0,9.68
95.41,54.8,50.0,9.68
93.55,55.4,64.0,8.71
93.06,55.9,56.0,8.06
94.92,56.2,73.0,9.03
89.05,56.7,67.0,7.74
81.82,57.3,50.0,7.1
70.58,57.3,50.0,6.77
33.72,56.2,68.0,6.45
37.15,53.8,69.0,6.13
3.72,49.7,86.0,5.81
3.52,50.7,70.0,5.48
3.52,52.7,64.0,5.16
3.52,53.8,53.0,4.84
3.62,49.2,50.0,4.84
3.52,45.5,68.0,4.52
3.52,44.4,66.0,4.52
3.52,48.5,72.0,4.19
3.52,49.4,73.0,4.19
3.52,45.8,71.0,3.87
3.42,43.7,71.0,3.87
3.52,42.5,69.0,3.87
3.52,40.9,63.0,3.55
3.42,44.4,69.0,3.55
3.42,40.9,62.0,3.23
3.42,43.9,61.0,3.23
3.32,43.9,54.0,3.23
3.32,42.5,60.0,3.23
3.42,41.2,92.0,3.55
3.32,41.2,74.0,3.87
3.32,42.9,68.0,3.87
3.32,43.6,54.0,3.87
3.32,41.2,61.0,3.87
3.32,42.8,70.0,3.87
3.42,46.6,57.0,3.87
3.32,46.1,60.0,4.19
3.32,45.9,73.0,4.19
3.32,48.9,65.0,4.19
35.78,49.2,85.0,4.52
35.48,50.5,74.0,4.84
36.46,51.4,65.0,5.16
34.6,52.2,64.0,5.16
37.24,52.4,66.0,5.16
32.16,53.0,72.0,5.16
69.11,54.9,85.0,5.16
85.92,56.7,69.0,5.48
89.83,57.9,62.0,5.48
91.4,59.0,65.0,5.81
93.35,60.0,69.0,5.48
94.92,60.6,58.0,6.13
97.07,61.9,66.0,7.1
96.58,61.2,70.0,8.06
96.28,60.6,67.0,8.39
96.28,61.5,65.0,8.71
96.48,62.2,55.0,8.06
96.19,62.3,67.0,9.03
96.97,63.7,68.0,11.29
97.07,64.7,71.0,10.97
97.36,64.9,75.0,13.23
96.28,66.1,63.0,10.97
95.99,66.4,66.0,10.32
97.65,66.0,50.0,14.84
97.65,65.6,62.0,14.19
97.26,64.5,63.0,14.52
97.56,64.9,68.0,14.84
97.07,64.2,60.0,15.48
97.07,64.4,63.0,16.45
96.87,64.2,56.0,14.84
95.8,64.2,58.0,13.87
96.48,64.5,64.0,16.13
96.28,65.3,50.0,14.52
95.99,65.3,64.0,14.84
95.21,66.1,50.0,14.84
93.65,66.1,67.0,13.23
93.84,66.7,71.0,12.9
92.08,68.5,67.0,12.26
88.95,69.6,56.0,11.94
83.19,69.3,65.0,11.61
79.67,68.3,50.0,11.29
58.36,67.7,50.0,10.65
35.58,66.6,61.0,10.32
3.91,66.4,50.0,10.0
3.52,64.7,50.0,9.35
3.42,63.6,50.0,9.35
3.42,63.6,61.0,9.03
3.52,61.4,50.0,9.35
3.62,60.1,50.0,9.03
3.62,60.0,50.0,9.03
3.72,61.1,50.0,8.71
3.72,59.8,54.0,8.39
3.72,57.3,55.0,8.06
3.62,57.4,59.0,7.74
3.81,53.5,62.0,7.74
3.72,56.8,61.0,7.42
3.72,57.8,63.0,7.1
3.72,50.5,63.0,7.1
3.81,50.3,70.0,7.1
3.72,52.7,62.0,6.77
3.72,51.0,66.0,6.77
3.62,47.7,59.0,6.77
3.42,45.9,63.0,6.13
2.84,46.4,62.0,5.81
2.74,47.0,64.0,5.81
2.54,45.8,65.0,5.81
2.54,48.0,59.0,5.81
2.74,47.3,69.0,5.48
2.54,46.7,63.0,4.84
2.54,47.8,61.0,3.87
2.54,49.9,65.0,3.87
2.54,51.0,64.0,3.87
33.72,49.2,64.0,3.87
34.6,48.6,61.0,3.87
36.07,46.7,73.0,3.55
34.7,46.9,50.0,3.55
36.76,50.2,63.0,3.23
74.58,53.3,66.0,3.23
93.35,56.5,71.0,3.55
95.5,59.2,70.0,3.87
96.38,60.6,90.0,5.48
97.16,61.5,71.0,6.13
97.65,62.0,70.0,7.42
97.65,61.9,70.0,9.35
97.46,61.5,71.0,9.35
96.19,63.3,57.0,7.42
97.65,63.7,63.0,9.03
96.48,63.4,72.0,7.42
95.8,63.6,70.0,7.42
87.98,63.3,65.0,2.26
97.75,63.9,63.0,7.42
97.85,65.0,61.0,9.35
94.14,65.3,61.0,6.45
94.43,66.4,54.0,4.52
95.7,65.6,63.0,3.55
97.36,65.0,78.0,8.06
97.36,66.6,61.0,8.71
86.9,71.0,59.0,4.52
94.04,70.8,66.0,2.9
96.28,70.7,66.0,7.74
93.84,69.9,75.0,2.9
92.38,69.9,66.0,3.87
91.4,69.1,50.0,3.87
93.45,68.9,56.0,4.52
82.6,69.7,60.0,3.55
95.31,69.4,65.0,7.1
91.2,68.6,61.0,3.87
90.91,68.6,65.0,3.55
96.19,67.7,50.0,6.45
96.19,63.9,71.0,6.13
91.79,63.6,67.0,5.16
85.92,62.5,68.0,3.55
74.1,61.5,70.0,3.23
41.74,59.3,68.0,2.9
33.92,55.4,64.0,2.9
2.84,53.0,65.0,2.58
2.64,51.8,57.0,2.58
2.64,47.0,61.0,2.26
2.64,46.7,50.0,2.26
2.64,49.2,50.0,2.26
2.64,46.4,65.0,2.26
2.54,48.6,50.0,2.26
2.64,47.2,50.0,2.26
2.64,62.2,56.0,2.26
2.64,56.5,52.0,2.26
2.64,50.3,59.0,2.58
2.64,50.7,53.0,2.26
2.64,56.7,62.0,2.9
2.64,63.9,65.0,2.9
2.54,56.0,63.0,2.9
2.54,52.1,66.0,2.9
2.64,56.2,65.0,2.58
2.74,65.6,64.0,2.26
2.54,65.8,66.0,2.26
2.64,63.0,61.0,1.94
2.64,61.4,73.0,2.26
2.64,62.3,69.0,2.26
2.54,55.1,57.0,2.26
2.64,58.1,69.0,2.58
2.74,59.2,65.0,2.9
2.64,61.9,74.0,2.9
2.64,61.4,73.0,2.9
2.74,57.1,56.0,2.9
2.64,58.7,59.0,2.9
2.64,59.8,58.0,2.9
2.64,60.6,62.0,2.9
2.74,61.9,72.0,2.58
5.67,62.3,67.0,2.26
21.99,62.3,53.0,1.94
43.5,63.3,58.0,1.61
61.39,64.2,73.0,1.29
78.89,64.4,62.0,0.97
89.44,65.0,72.0,0.65
87.39,65.0,72.0,0.65
89.54,65.0,54.0,0.65
91.4,65.5,67.0,0.97
92.67,66.3,58.0,1.61
93.65,66.1,69.0,1.94
96.19,66.3,50.0,4.52
95.7,66.3,66.0,3.23
96.68,65.5,65.0,4.84
97.95,65.2,66.0,6.77
97.65,64.7,50.0,8.71
96.97,64.9,60.0,7.1
97.65,65.5,74.0,10.97
97.75,66.4,53.0,10.97
96.58,68.0,50.0,10.32
97.85,68.5,50.0,10.0
97.75,69.1,50.0,12.58
97.46,69.9,60.0,11.94
97.36,70.5,71.0,11.94
96.97,70.5,62.0,12.58
96.68,70.7,61.0,11.94
96.58,71.5,51.0,9.03
96.48,71.9,52.0,11.94
96.48,71.8,50.0,12.58
95.99,72.4,50.0,10.97
95.7,72.3,50.0,10.0
94.43,72.1,50.0,10.65
95.8,71.6,50.0,9.03
96.77,71.5,50.0,9.35
95.41,71.2,60.0,8.06
89.05,71.3,50.0,5.81
83.97,71.0,50.0,4.52
69.5,70.5,51.0,4.19
25.22,70.1,50.0,3.55
5.08,70.1,54.0,3.23
3.62,69.4,50.0,2.58
3.52,69.1,52.0,2.26
3.52,69.3,51.0,2.26
3.62,68.6,50.0,1.94
3.62,67.7,65.0,1.61
3.62,63.7,53.0,1.29
3.62,65.6,53.0,1.29
3.62,62.0,51.0,0.97
3.62,55.1,54.0,0.97
3.62,51.8,53.0,0.65
3.62,55.4,50.0,0.65
3.52,49.2,50.0,0.32
3.52,46.9,54.0,0.32
3.52,44.4,51.0,0.32
3.52,45.0,50.0,0.32
3.52,39.9,63.0,0.0
3.52,39.0,64.0,0.0
3.52,35.1,60.0,0.0
3.52,35.1,61.0,-0.32
3.52,36.2,62.0,-0.32
3.52,39.5,64.0,-1.61
3.52,34.3,56.0,-0.65
3.52,34.3,58.0,-0.32
3.52,34.3,67.0,-0.65
3.62,35.8,71.0,-0.65
3.52,37.9,65.0,-0.97
3.62,41.2,61.0,-0.65
3.52,41.4,72.0,-0.97
3.52,41.8,63.0,-0.97
3.62,42.5,64.0,-0.97
4.2,40.9,62.0,-1.29
10.95,42.9,70.0,-0.97
56.01,45.1,61.0,-0.65
86.02,47.8,63.0,-0.32
79.47,49.9,64.0,-0.32
84.46,50.2,53.0,0.0
85.73,51.3,62.0,0.65
87.0,52.6,66.0,0.65
90.62,54.1,65.0,1.61
91.69,55.1,65.0,1.94
92.86,55.9,70.0,2.26
92.38,55.5,78.0,2.58
92.96,56.5,50.0,2.58
92.77,56.8,53.0,2.58
92.38,58.1,65.0,2.9
92.18,58.2,63.0,2.9
93.45,59.2,66.0,3.23
93.35,59.6,66.0,3.23
91.59,59.3,63.0,3.23
93.35,59.0,56.0,3.23
92.28,59.2,63.0,2.58
88.95,59.3,61.0,1.61
91.5,59.6,70.0,1.29
91.5,60.6,50.0,1.29
90.22,61.5,58.0,1.29
91.2,60.8,63.0,1.29
89.74,61.2,63.0,1.29
89.83,61.1,66.0,0.97
90.32,61.4,66.0,0.65
89.44,61.7,51.0,0.97
88.27,61.7,54.0,0.65
83.97,61.5,62.0,0.97
85.24,62.2,62.0,0.97
82.01,62.3,60.0,0.97
77.13,62.5,66.0,0.97
71.55,63.1,58.0,0.97
64.42,63.0,50.0,1.29
58.46,61.9,51.0,1.29
35.39,60.6,51.0,1.61
13.98,61.2,54.0,1.94
4.01,60.6,50.0,1.94
2.84,60.6,51.0,1.94
2.74,59.6,50.0,1.94
2.74,59.8,50.0,2.26
3.03,61.2,50.0,1.94
2.74,61.9,51.0,2.26
2.84,62.6,53.0,2.26
2.84,61.7,50.0,2.26
2.84,60.6,50.0,2.58
2.84,58.1,50.0,2.58
2.74,56.8,51.0,2.58
2.74,57.6,50.0,2.58
2.84,55.7,50.0,2.9
2.44,57.4,50.0,3.23
2.44,57.0,50.0,3.55
2.44,65.0,50.0,3.87
2.35,66.3,50.0,4.52
2.44,67.2,50.0,4.84
2.35,68.0,50.0,4.52
2.25,68.8,50.0,4.19
2.25,68.6,50.0,4.19
2.25,68.9,54.0,4.52
2.25,69.4,50.0,4.52
2.25,69.9,51.0,4.84
2.25,70.1,55.0,4.84
2.25,70.4,61.0,4.52
2.25,70.7,65.0,4.52
2.25,70.7,58.0,4.84
2.35,70.7,69.0,4.84
34.12,70.8,61.0,4.84
34.51,71.3,61.0,4.84
33.04,71.8,71.0,4.84
32.75,71.5,70.0,4.84
35.88,72.1,63.0,4.84
46.82,72.4,71.0,4.84
69.01,71.9,78.0,4.84
89.64,72.6,74.0,4.84
90.81,72.4,70.0,4.84
94.82,72.6,78.0,5.48
95.99,72.6,71.0,7.1
95.5,72.6,75.0,6.77
96.48,72.6,66.0,10.0
97.46,72.3,90.0,9.03
97.07,72.6,91.0,6.77
94.04,72.4,83.0,6.77
94.53,72.4,80.0,6.45
93.74,73.0,71.0,6.45
93.65,73.4,73.0,6.13
95.41,73.4,71.0,6.77
96.28,73.5,74.0,7.42
95.5,74.2,71.0,7.42
93.35,73.7,62.0,6.45
95.7,73.2,63.0,6.77
96.97,72.7,66.0,8.39
96.48,73.0,61.0,7.1
95.89,71.8,60.0,6.45
94.53,71.6,57.0,6.45
92.77,71.0,56.0,5.16
89.83,70.2,56.0,5.48
90.42,70.7,55.0,4.84
90.62,70.4,50.0,4.84
86.12,69.9,51.0,4.84
85.24,70.4,53.0,4.84
84.26,69.9,52.0,4.84
80.06,69.9,50.0,5.16
79.47,69.6,50.0,5.48
73.7,70.1,50.0,5.81
71.06,70.1,57.0,6.13
61.49,70.2,54.0,6.45
45.16,69.3,54.0,5.81
28.25,67.5,50.0,5.81
33.14,67.1,52.0,6.45
3.42,64.4,58.0,6.77
2.64,59.8,58.0,6.77
2.74,61.4,71.0,6.45
2.64,57.4,53.0,6.77
2.74,53.5,53.0,6.77
2.64,62.2,57.0,6.77
2.54,60.9,52.0,6.45
2.44,62.5,60.0,6.45
2.44,62.0,53.0,6.13
2.54,63.3,60.0,6.13
2.35,61.1,56.0,5.81
2.25,59.8,57.0,6.13
2.25,60.4,59.0,6.13
2.25,62.5,57.0,5.81
2.25,61.9,59.0,5.81
2.25,61.2,62.0,5.48
2.25,61.7,60.0,5.16
2.25,64.1,60.0,4.84
2.25,65.0,58.0,4.52
2.25,67.7,54.0,4.19
2.35,68.9,62.0,4.19
2.25,69.6,60.0,4.19
2.35,71.2,57.0,4.19
2.25,72.3,58.0,4.19
2.35,72.9,65.0,4.19
2.35,73.5,61.0,3.87
2.35,73.5,62.0,3.87
2.35,73.7,62.0,3.87
2.35,73.8,61.0,3.87
34.41,74.5,57.0,3.87
35.97,74.6,61.0,3.87
34.12,74.2,56.0,3.87
27.18,74.6,57.0,3.87
67.45,75.1,62.0,3.55
88.95,75.3,64.0,3.87
95.31,74.6,70.0,4.19
96.19,74.8,66.0,5.48
97.36,74.8,66.0,6.45
97.75,75.1,62.0,7.74
98.04,74.8,59.0,8.39
97.26,74.9,66.0,9.03
97.95,74.8,60.0,10.0
98.04,74.2,57.0,10.65
97.36,74.3,57.0,8.06
97.95,73.8,58.0,7.74
96.48,73.7,58.0,8.39
96.58,73.5,60.0,7.74
97.95,73.5,63.0,10.97
93.74,74.3,62.0,8.39
97.65,73.5,59.0,10.32
95.6,72.7,60.0,8.71
97.75,73.0,60.0,11.94
95.5,72.6,55.0,10.0
95.31,72.3,60.0,3.87
97.56,72.6,56.0,7.74
95.89,72.1,58.0,7.42
92.18,72.6,58.0,6.45
96.48,71.9,63.0,8.06
95.21,72.1,50.0,7.1
96.48,72.1,63.0,10.0
96.19,72.3,62.0,8.71
96.09,72.1,62.0,9.03
95.5,72.1,55.0,9.35
95.31,72.1,57.0,8.39
93.74,72.3,65.0,6.45
96.68,72.3,57.0,8.06
91.69,71.9,51.0,6.13
95.7,71.9,50.0,5.48
88.95,72.1,62.0,4.52
75.56,70.2,64.0,4.52
53.67,67.1,55.0,4.52
36.76,63.4,50.0,3.55
3.81,58.5,61.0,3.55
3.32,52.6,56.0,3.23
2.54,50.7,72.0,1.61
2.64,49.2,62.0,2.26
2.93,47.3,68.0,2.58
3.03,51.0,64.0,2.58
3.23,54.6,73.0,2.26
2.64,51.4,60.0,1.61
2.44,53.5,63.0,1.94
2.44,45.0,67.0,1.94
2.64,48.6,64.0,1.94
2.74,47.8,64.0,0.97
2.54,50.7,64.0,1.61
2.44,43.4,62.0,2.26
2.44,43.4,57.0,2.58
2.25,65.6,66.0,2.9
2.25,61.1,63.0,3.23
2.35,60.0,67.0,3.23
2.25,58.9,65.0,3.55
2.35,50.3,67.0,3.55
2.35,49.2,63.0,3.23
2.35,49.6,73.0,3.23
2.35,51.0,54.0,3.23
2.35,47.8,64.0,2.9
2.35,44.5,63.0,3.23
2.35,42.3,57.0,2.9
2.35,44.4,65.0,2.9
2.35,42.8,64.0,3.23
36.27,42.0,50.0,3.23
36.07,45.5,67.0,2.9
35.68,50.3,71.0,2.9
37.34,49.4,65.0,2.9
55.82,48.0,67.0,2.58
84.16,51.0,50.0,2.26
94.82,51.3,62.0,2.9
96.68,52.2,72.0,3.87
97.26,59.6,70.0,5.48
97.75,60.1,54.0,6.45
97.95,57.6,61.0,7.42
97.85,59.0,71.0,7.74
97.56,60.3,71.0,8.06
97.46,61.7,73.0,7.42
97.07,63.1,71.0,8.39
96.48,62.3,77.0,8.06
97.46,61.4,72.0,9.35
97.65,66.9,69.0,10.65
97.85,68.3,65.0,11.94
97.85,68.3,62.0,11.94
97.16,68.9,73.0,11.61
97.85,68.8,72.0,12.58
95.99,68.8,65.0,11.29
96.77,69.3,63.0,10.65
96.09,69.9,94.0,10.65
96.58,65.5,62.0,10.65
95.6,63.7,61.0,10.65
95.31,59.6,63.0,9.03
94.43,59.5,65.0,8.71
91.79,60.0,70.0,8.39
96.77,59.3,78.0,12.58
94.62,59.3,59.0,10.0
93.55,59.2,64.0,9.03
95.41,57.4,68.0,10.65
95.89,59.0,65.0,11.94
95.41,60.3,65.0,10.32
96.48,60.6,60.0,10.97
95.31,60.3,55.0,11.61
96.68,60.4,67.0,11.94
90.03,60.4,66.0,8.71
86.02,57.9,68.0,8.06
71.85,53.3,54.0,7.42
36.07,51.0,68.0,6.77
6.55,50.5,66.0,6.45
3.62,48.9,75.0,6.13
3.42,48.8,58.0,5.81
3.52,48.6,64.0,5.16
3.52,50.2,50.0,5.16
3.52,49.2,58.0,4.84
3.52,45.3,62.0,4.84
3.52,41.7,64.0,4.19
3.52,37.4,63.0,3.87
3.42,37.1,64.0,3.87
3.42,34.7,66.0,3.55
3.42,34.3,60.0,3.23
3.42,35.4,62.0,2.58
3.42,35.7,62.0,2.9
3.42,38.7,58.0,2.58
3.42,38.2,65.0,2.26
3.32,38.5,62.0,1.94
3.42,38.2,74.0,1.29
3.42,42.6,66.0,1.29
3.32,43.6,65.0,1.61
3.42,44.8,62.0,0.97
3.32,41.7,65.0,1.29
3.32,44.0,63.0,1.29
3.32,46.6,63.0,0.65
3.32,47.2,73.0,0.65
3.32,46.9,73.0,0.32
3.32,49.4,85.0,0.0
3.52,47.0,71.0,0.32
19.45,43.4,70.0,0.65
39.2,44.4,64.0,0.65
38.51,45.8,58.0,0.0
40.76,47.2,64.0,-0.32
38.22,48.3,67.0,-0.65
73.7,49.6,67.0,-0.97
90.71,51.1,66.0,-0.97
95.7,51.9,69.0,0.0
97.16,52.4,61.0,2.26
97.56,53.3,53.0,5.16
97.85,54.0,69.0,6.77
97.75,54.9,59.0,7.1
97.95,56.0,64.0,10.65
97.95,57.0,56.0,15.48
98.04,58.5,56.0,15.48
97.65,59.3,64.0,8.06
97.75,60.9,69.0,10.97
97.65,60.8,50.0,10.32
97.56,61.9,54.0,10.32
97.85,63.0,55.0,10.97
97.56,63.9,50.0,9.68
97.75,65.0,50.0,11.61
97.65,66.1,50.0,11.94
97.85,66.4,50.0,13.87
97.85,66.1,50.0,11.94
97.75,66.4,50.0,12.26
97.65,67.8,59.0,12.26
97.46,67.7,50.0,13.23
97.16,68.8,50.0,13.55
96.68,68.3,50.0,12.9
96.38,68.0,61.0,13.55
96.38,68.3,50.0,13.87
96.28,67.8,50.0,14.84
95.99,68.6,50.0,14.84
95.6,69.3,50.0,12.26
95.21,69.6,50.0,12.26
96.09,69.3,50.0,10.65
96.97,69.3,50.0,10.97
96.97,69.1,50.0,10.32
96.38,69.6,50.0,8.39
88.27,69.1,50.0,5.81
82.7,69.3,50.0,5.48
63.34,68.9,50.0,4.19
23.75,57.0,50.0,4.52
4.59,51.6,52.0,4.19
3.62,46.4,51.0,4.19
3.62,45.5,54.0,2.9
3.62,45.5,56.0,3.23
3.62,39.6,53.0,2.9
3.62,40.7,56.0,2.26
3.52,49.7,57.0,2.26
3.62,49.1,57.0,2.26
3.52,46.2,58.0,2.9
3.52,47.3,56.0,2.26
3.62,42.8,61.0,1.61
3.62,41.7,61.0,1.61
3.52,36.2,66.0,1.29
3.52,36.3,63.0,1.29
3.52,34.1,68.0,0.97
3.52,40.1,62.0,0.97
3.62,36.6,61.0,0.97
3.62,38.4,63.0,0.32
3.52,36.3,62.0,0.65
3.52,35.8,60.0,0.32
3.62,37.4,50.0,0.0
3.62,38.2,50.0,-0.65
3.62,38.5,50.0,-0.97
3.62,38.4,54.0,-0.97
3.62,36.8,65.0,-0.97
3.62,38.7,51.0,-0.97
3.62,41.5,59.0,-1.29
3.72,51.3,59.0,-1.61
34.31,51.0,58.0,-1.61
35.88,48.5,50.0,-1.61
34.41,53.0,50.0,-1.94
27.96,51.6,50.0,-1.94
67.74,53.2,50.0,-2.26
84.75,55.2,68.0,-1.29
94.92,58.2,57.0,-0.97
93.94,58.5,61.0,0.97
97.46,57.8,65.0,3.23
97.56,58.2,62.0,2.9
98.04,67.7,64.0,6.13
98.04,68.2,60.0,8.71
97.95,68.8,56.0,9.35
96.09,69.1,58.0,7.74
97.16,68.8,55.0,7.74
97.65,67.5,57.0,10.32
97.56,68.0,51.0,10.32
97.65,69.4,64.0,12.26
97.46,70.5,67.0,11.61
97.85,71.0,50.0,11.29
97.85,70.5,50.0,15.16
97.85,70.7,50.0,15.48
97.75,70.7,50.0,15.81
97.75,71.2,50.0,16.77
97.75,71.0,50.0,15.16
97.75,70.7,63.0,15.16
97.46,70.8,66.0,15.81
97.36,71.0,64.0,16.77
96.97,71.2,64.0,16.13
96.68,71.5,75.0,15.16
96.68,72.1,65.0,14.52
96.48,72.6,70.0,13.55
95.99,72.4,70.0,13.23
95.6,72.6,65.0,11.94
95.02,72.7,66.0,10.65
94.23,72.9,64.0,10.0
93.55,72.4,59.0,9.35
92.38,72.6,57.0,8.71
90.42,71.3,81.0,8.06
87.2,69.1,74.0,7.42
80.45,67.8,63.0,6.77
63.15,65.3,65.0,6.13
33.04,63.4,56.0,5.81
6.65,57.8,68.0,5.16
4.01,56.3,57.0,4.84
3.91,54.9,57.0,4.52
3.91,52.9,64.0,4.52
3.91,52.6,62.0,4.19
3.91,48.6,59.0,3.87
3.91,50.5,61.0,3.87
3.91,48.6,63.0,3.87
4.01,46.6,83.0,3.55
4.01,45.1,61.0,3.55
4.01,42.9,62.0,3.55
4.01,41.2,67.0,3.55
4.01,39.9,62.0,3.23
3.91,40.4,70.0,3.55
3.91,39.3,61.0,3.55
3.91,38.2,57.0,3.55
3.81,38.8,67.0,3.55
3.81,40.7,67.0,3.23
3.81,47.3,65.0,3.23
3.81,41.4,70.0,3.23
3.81,39.9,57.0,3.23
3.81,39.9,71.0,3.87
3.81,42.0,70.0,3.87
3.72,45.0,67.0,3.87
3.81,39.8,66.0,3.87
3.81,40.6,69.0,3.87
3.72,34.4,72.0,3.87
3.81,36.0,68.0,3.87
3.81,35.7,62.0,4.19
3.91,30.0,67.0,4.52
4.01,29.5,66.0,4.52
5.28,29.8,64.0,4.52
25.61,26.5,61.0,4.84
50.24,27.2,64.0,4.84
76.44,26.7,66.0,5.48
86.51,26.9,58.0,5.48
94.33,27.0,68.0,6.13
95.89,26.9,63.0,6.77
97.07,23.1,67.0,8.06
97.56,25.0,62.0,9.03
97.56,26.4,67.0,10.32
97.26,26.7,62.0,10.65
97.16,27.3,53.0,9.68
97.75,29.8,61.0,11.61
97.75,33.2,64.0,12.26
97.75,34.7,50.0,13.87
97.75,33.0,67.0,13.87
97.65,36.8,61.0,14.52
97.85,36.0,77.0,15.48
97.75,38.0,55.0,16.45
97.75,40.6,61.0,16.77
97.75,38.5,50.0,15.81
97.75,37.6,53.0,16.45
97.75,42.0,53.0,18.39
97.75,44.5,69.0,17.74
97.46,49.1,50.0,16.77
97.16,52.1,63.0,16.45
96.87,53.8,50.0,16.77
96.87,54.0,57.0,15.81
96.58,55.7,60.0,15.48
96.19,57.0,50.0,13.87
95.7,58.5,50.0,12.9
95.6,58.9,53.0,13.23
94.92,59.8,56.0,12.58
95.5,60.3,50.0,11.94
93.16,60.4,68.0,10.65
91.98,60.8,70.0,10.0
90.91,61.2,59.0,9.68
84.46,62.0,64.0,8.71
79.96,62.6,50.0,7.74
60.22,63.1,59.0,7.42
30.01,63.7,63.0,6.77
5.38,63.7,61.0,6.45
4.01,63.9,54.0,5.81
4.01,63.7,71.0,6.13
3.91,64.1,63.0,5.81
4.01,64.2,50.0,6.13
3.91,64.5,59.0,5.81
3.91,64.9,66.0,5.48
4.01,65.2,72.0,5.48
4.01,65.0,55.0,5.48
4.11,65.2,66.0,5.81
4.2,66.1,67.0,5.81
4.2,67.1,50.0,5.81
4.11,67.4,62.0,5.81
4.11,67.4,62.0,5.81
4.11,66.7,75.0,5.81
4.11,64.5,63.0,5.81
4.11,62.0,63.0,5.48
4.11,58.7,68.0,5.48
4.11,55.1,68.0,5.48
4.11,51.9,73.0,5.48
4.11,49.1,73.0,5.48
4.01,48.6,76.0,5.16
4.01,49.7,65.0,5.16
3.81,47.0,65.0,4.19
3.81,43.6,50.0,3.87
3.81,41.7,76.0,3.87
3.91,35.7,74.0,3.87
6.65,34.1,78.0,3.87
32.75,31.6,50.0,3.55
68.43,27.0,65.0,3.87
85.14,24.0,62.0,3.87
91.89,23.7,59.0,4.52
97.16,22.3,82.0,7.74
95.11,18.8,63.0,5.81
96.09,19.0,69.0,8.39
96.97,18.8,69.0,9.35
97.16,20.4,60.0,9.68
98.14,20.1,69.0,14.84
97.95,19.6,65.0,14.19
97.85,23.7,61.0,14.19
97.95,25.7,50.0,12.9
98.04,31.0,64.0,12.26
97.95,35.5,50.0,14.52
97.95,40.9,52.0,16.45
97.85,45.9,50.0,15.48
97.85,48.9,50.0,14.52
97.85,51.8,66.0,14.52
97.85,54.0,50.0,14.84
97.85,55.5,50.0,16.45
97.85,55.7,60.0,16.13
97.75,57.4,50.0,18.06
97.65,58.2,56.0,19.03
97.16,59.2,50.0,17.74
96.97,59.8,50.0,17.42
96.87,60.3,50.0,19.68
96.77,61.4,50.0,17.42
96.68,61.9,57.0,19.35
96.38,63.0,50.0,17.74
96.09,63.4,63.0,16.77
95.8,64.2,50.0,16.77
95.89,63.9,50.0,15.81
97.07,64.1,50.0,16.13
97.36,63.9,50.0,14.84
97.07,64.2,59.0,14.19
90.13,65.0,50.0,10.97
87.49,66.0,50.0,10.32
80.25,66.3,50.0,9.68
50.73,66.9,50.0,9.03
10.95,67.4,50.0,8.39
4.3,67.2,51.0,8.06
3.81,66.9,50.0,7.74
3.81,67.1,59.0,7.42
3.81,67.1,50.0,7.1
3.81,66.4,52.0,6.77
3.81,66.3,52.0,6.45
3.81,66.7,51.0,5.81
3.91,67.1,58.0,5.48
3.91,68.3,56.0,5.48
4.01,67.8,58.0,5.16
4.01,68.5,54.0,5.16
4.11,67.4,53.0,5.16
4.11,68.2,54.0,4.84
4.2,67.4,54.0,4.84
4.11,66.9,50.0,4.84
4.11,57.3,51.0,4.52
4.11,61.5,50.0,4.84
4.11,55.9,50.0,4.52
4.11,52.4,50.0,4.52
4.11,51.9,50.0,4.19
4.11,45.5,50.0,3.87
4.2,43.7,50.0,3.87
4.2,44.8,50.0,3.87
4.2,45.1,50.0,3.87
31.57,47.7,50.0,3.87
35.09,42.5,50.0,3.87
35.78,42.6,50.0,3.87
36.07,39.9,50.0,3.87
35.97,41.5,50.0,3.55
38.02,42.3,62.0,3.55
39.2,42.6,58.0,3.87
52.49,39.2,50.0,3.23
78.3,40.3,54.0,2.9
84.36,39.5,59.0,3.23
87.2,37.7,60.0,3.55
89.83,39.6,50.0,3.87
90.13,39.6,57.0,4.52
91.89,35.5,51.0,4.19
93.65,39.2,50.0,5.16
93.94,36.9,50.0,5.48
95.11,37.6,83.0,5.81
96.28,41.0,61.0,7.42
97.07,43.1,63.0,10.32
96.97,47.3,56.0,10.65
97.95,47.5,64.0,12.9
97.95,49.1,66.0,13.23
97.85,51.9,72.0,13.87
97.75,55.1,62.0,14.84
97.85,56.5,60.0,14.19
97.85,58.2,61.0,17.1
97.85,60.4,56.0,16.45
97.85,62.3,60.0,16.45
97.85,63.1,65.0,17.42
97.65,64.1,59.0,16.77
97.46,64.9,51.0,16.45
97.07,66.0,57.0,17.42
96.87,66.0,52.0,17.1
96.77,66.4,61.0,18.39
96.68,67.2,50.0,17.42
96.48,67.1,51.0,17.42
96.09,67.7,50.0,17.42
95.99,67.2,50.0,17.42
95.6,67.5,50.0,17.1
95.89,67.5,51.0,14.52
97.26,68.5,63.0,16.13
97.26,69.4,50.0,14.84
91.2,70.1,70.0,12.26
89.05,70.4,50.0,10.65
84.46,70.7,53.0,10.0
71.06,70.4,50.0,9.35
33.92,69.4,58.0,8.39
6.16,69.1,50.0,7.74
3.62,69.9,60.0,7.42
3.52,70.2,57.0,6.77
3.52,70.8,50.0,6.45
3.52,71.2,63.0,6.13
3.72,70.5,51.0,5.81
3.72,70.1,52.0,5.81
3.72,70.7,57.0,6.13
3.62,70.5,51.0,5.81
3.72,70.4,66.0,5.81
3.72,70.8,63.0,5.81
3.72,71.2,61.0,5.48
3.72,71.8,62.0,4.84
3.72,71.2,61.0,5.16
3.72,70.5,65.0,5.16
3.81,70.4,60.0,5.16
3.81,69.6,62.0,4.84
3.81,69.9,62.0,4.52
3.81,69.1,64.0,4.52
3.81,68.0,60.0,4.52
3.81,66.9,68.0,4.19
3.81,67.2,62.0,3.87
3.81,64.9,62.0,3.87
3.81,55.7,65.0,3.87
3.91,55.1,73.0,3.87
34.21,50.0,66.0,3.87
36.27,50.7,62.0,3.55
34.12,51.4,59.0,3.55
36.36,50.0,77.0,3.55
37.34,52.9,66.0,3.23
36.76,47.8,68.0,3.55
42.62,48.3,66.0,3.87
70.67,49.4,62.0,4.52
82.7,48.1,61.0,3.87
86.9,49.4,66.0,3.87
89.64,50.5,71.0,4.19
91.59,47.2,58.0,4.19
93.16,48.5,58.0,3.87
93.26,48.0,62.0,5.48
92.18,47.5,69.0,5.48
94.82,48.8,61.0,5.81
94.43,49.1,55.0,6.45
95.31,49.7,68.0,7.1
95.89,50.8,53.0,7.1
96.19,53.7,76.0,9.03
95.7,53.7,70.0,8.06
95.7,54.9,61.0,7.1
95.89,56.5,60.0,7.74
95.99,58.1,60.0,9.35
96.19,59.2,66.0,8.06
97.07,60.0,50.0,8.71
97.85,61.4,65.0,11.94
97.56,63.0,61.0,12.58
97.75,64.7,61.0,11.94
96.68,65.3,62.0,10.0
96.97,66.6,65.0,10.0
97.07,67.1,75.0,8.71
96.68,68.9,62.0,8.06
96.58,70.8,69.0,9.03
95.02,70.8,50.0,7.74
96.68,71.6,58.0,13.23
96.28,71.9,66.0,12.26
96.09,72.4,56.0,11.94
96.28,72.1,63.0,12.26
94.62,72.4,66.0,10.32
95.5,72.1,55.0,9.68
93.06,72.4,50.0,6.13
91.1,71.9,57.0,5.16
87.1,72.1,56.0,5.16
77.91,72.4,50.0,5.16
51.22,72.4,55.0,4.84
11.54,72.4,58.0,4.84
4.11,72.1,50.0,4.84
3.62,72.3,60.0,4.84
3.62,72.4,50.0,4.52
3.62,72.6,62.0,4.52
3.62,73.0,58.0,4.19
3.52,72.6,62.0,4.19
3.52,72.4,61.0,4.19
3.52,72.4,60.0,4.84
3.52,72.1,62.0,5.16
3.52,72.4,63.0,5.16
3.52,72.6,59.0,4.84
3.52,72.9,65.0,4.52
3.52,72.9,62.0,4.19
3.52,73.2,65.0,3.87
3.72,72.9,63.0,3.55
3.62,72.6,60.0,3.23
3.81,71.2,64.0,2.9
3.91,68.6,62.0,2.58
3.91,67.8,62.0,2.26
4.01,67.5,63.0,2.26
4.5,67.2,61.0,2.26
4.11,66.4,61.0,2.26
4.01,66.6,61.0,2.58
4.01,66.0,60.0,2.9
31.96,62.5,58.0,2.9
35.58,62.5,62.0,3.23
33.33,64.2,54.0,3.23
36.27,62.2,53.0,3.55
35.97,61.7,59.0,3.55
34.99,61.9,57.0,3.55
35.39,63.9,61.0,2.9
30.79,55.7,58.0,3.87
43.89,55.1,63.0,2.9
55.23,56.0,62.0,3.55
65.98,60.4,61.0,3.23
76.25,58.5,64.0,4.19
80.84,60.1,63.0,3.87
82.99,60.4,62.0,3.87
83.97,62.2,52.0,3.87
87.49,60.0,53.0,4.19
87.39,59.6,51.0,4.52
90.42,59.0,54.0,5.16
91.59,60.1,50.0,5.48
89.34,61.5,50.0,5.16
90.81,60.9,50.0,4.84
92.96,63.3,50.0,5.48
92.57,66.9,54.0,5.16
94.14,67.7,56.0,6.45
92.57,69.1,57.0,7.1
91.3,68.9,57.0,6.77
90.22,69.9,58.0,6.13
90.32,70.8,59.0,7.1
91.98,71.2,57.0,7.1
89.74,71.3,58.0,6.45
87.68,71.3,56.0,5.81
91.89,71.6,57.0,7.1
94.43,71.6,60.0,7.74
94.33,71.9,56.0,7.74
94.04,72.1,56.0,7.74
93.16,71.5,57.0,7.74
93.16,66.7,58.0,7.74
90.13,65.8,56.0,7.42
89.83,64.7,56.0,7.1
86.32,64.7,53.0,6.77
85.44,64.7,60.0,6.77
86.02,64.9,61.0,6.77
82.5,65.3,50.0,6.77
82.99,67.5,60.0,6.45
78.1,69.1,61.0,6.13
62.95,68.8,50.0,5.81
30.89,68.2,60.0,5.48
4.99,68.8,60.0,5.16
3.13,68.8,50.0,4.84
0.49,68.8,50.0,4.52
2.93,68.9,50.0,4.52
2.93,68.5,50.0,4.52
3.03,68.5,60.0,4.52
3.03,67.8,54.0,4.84
3.03,67.8,61.0,5.16
3.03,67.8,63.0,5.16
3.03,68.5,62.0,5.16
3.03,68.8,63.0,5.48
3.03,68.5,61.0,5.48
3.03,69.3,66.0,5.48
3.03,69.6,63.0,5.48
3.03,70.1,64.0,5.81
3.03,70.1,62.0,5.81
3.03,70.2,62.0,5.81
3.03,70.8,62.0,5.81
3.03,70.7,60.0,5.81
3.13,70.7,61.0,5.81
3.03,69.9,62.0,5.48
3.03,69.3,69.0,5.48
3.03,68.6,68.0,5.48
3.13,67.7,67.0,5.48
3.13,68.0,64.0,5.81
34.6,69.3,64.0,5.81
36.27,68.8,59.0,6.13
35.58,68.3,54.0,5.81
35.68,66.0,56.0,5.48
32.36,64.4,66.0,5.48
33.43,64.4,65.0,5.16
21.99,63.9,73.0,5.48
39.0,64.2,64.0,5.81
57.58,64.4,68.0,5.48
71.26,64.7,69.0,5.81
72.73,66.9,59.0,5.48
79.18,66.3,63.0,5.48
75.76,62.0,63.0,5.48
81.33,60.1,57.0,5.48
82.7,59.0,69.0,5.48
86.02,58.9,61.0,5.48
83.19,58.9,66.0,5.48
84.65,59.5,63.0,5.81
83.09,60.1,59.0,5.81
88.07,60.3,66.0,6.13
92.47,60.8,55.0,6.45
93.84,60.3,53.0,7.74
90.03,60.6,50.0,7.74
92.77,60.4,52.0,8.06
93.35,61.1,52.0,8.71
91.5,61.4,50.0,9.35
93.06,63.0,51.0,9.68
90.71,63.4,57.0,10.0
90.71,63.7,52.0,10.0
91.3,64.5,56.0,10.32
94.23,65.0,55.0,10.65
91.59,63.6,53.0,10.97
92.77,63.0,50.0,10.65
90.71,61.9,50.0,10.65
89.54,61.5,50.0,10.32
87.88,60.8,51.0,10.65
84.46,59.6,50.0,10.32
91.2,60.1,50.0,10.65
86.8,59.6,50.0,10.65
85.24,59.3,50.0,10.32
82.01,59.8,50.0,10.32
81.62,59.8,50.0,10.32
54.35,60.0,50.0,10.32
31.18,60.3,50.0,10.32
6.16,60.1,50.0,10.0
2.74,60.1,50.0,10.0
2.44,62.0,50.0,10.0
2.54,63.1,50.0,9.68
2.54,63.7,50.0,9.68
2.54,63.1,50.0,9.68
2.54,64.1,50.0,9.35
2.54,65.6,50.0,9.35
2.54,65.6,60.0,9.35
2.44,67.2,61.0,9.35
2.54,67.5,54.0,9.35
2.44,69.7,58.0,9.35
2.44,70.2,62.0,9.03
2.44,71.0,65.0,8.71
2.44,72.1,66.0,8.71
2.44,73.0,62.0,9.03
2.35,73.4,64.0,8.71
2.35,73.7,69.0,8.71
2.35,74.2,63.0,8.39
2.35,74.6,63.0,8.06
2.35,74.6,69.0,8.06
2.35,74.6,63.0,8.06
2.35,74.8,68.0,8.71
2.25,75.1,69.0,8.71
2.35,75.1,66.0,8.39
34.12,75.3,67.0,8.39
35.48,75.3,62.0,8.39
34.51,75.6,62.0,8.39
35.68,75.9,67.0,8.39
36.17,75.1,56.0,8.71
36.27,75.4,67.0,8.71
25.42,75.3,62.0,9.03
54.94,74.6,63.0,9.03
74.1,74.3,63.0,9.03
83.28,73.8,65.0,9.03
87.2,74.3,63.0,9.35
89.74,74.3,59.0,10.32
91.98,73.4,61.0,10.65
92.67,70.2,64.0,10.97
94.53,70.8,65.0,11.61
95.8,70.7,61.0,13.23
95.21,70.7,64.0,10.97
94.92,70.7,61.0,10.32
95.31,70.5,53.0,10.97
95.02,70.1,56.0,10.32
96.19,70.1,57.0,11.94
96.28,70.2,60.0,12.58
96.48,70.2,64.0,12.9
96.87,69.9,50.0,12.9
97.07,70.4,58.0,14.19
97.16,70.7,63.0,13.55
97.26,70.8,61.0,14.19
97.36,70.5,59.0,13.55
3.42,70.5,50.0,14.19
97.26,70.8,59.0,13.87
96.87,70.8,55.0,15.16
96.77,71.0,60.0,18.06
96.48,71.2,71.0,17.1
96.58,71.3,51.0,18.06
96.87,71.8,61.0,13.23
96.09,71.8,59.0,14.84
95.99,71.5,52.0,13.87
95.6,71.2,62.0,15.16
95.11,71.6,68.0,14.52
94.53,71.8,55.0,14.19
95.02,71.6,54.0,14.84
94.53,71.6,54.0,12.9
91.4,71.9,50.0,12.26
90.32,71.8,54.0,11.94
87.2,72.1,50.0,12.26
81.23,72.7,58.0,11.94
61.78,72.1,50.0,11.61
25.12,71.9,50.0,11.29
5.28,69.9,50.0,11.94
3.13,70.2,62.0,11.94
3.13,69.4,52.0,11.61
3.03,68.8,50.0,12.58
3.03,67.4,52.0,11.94
3.03,67.2,55.0,12.9
3.03,66.7,57.0,13.23
3.03,67.2,50.0,12.9
3.03,66.4,58.0,10.65
3.13,66.1,55.0,9.68
3.13,66.1,56.0,11.29
3.03,66.6,61.0,12.26
3.03,66.1,60.0,11.94
3.03,65.8,65.0,11.61
3.03,64.7,59.0,11.61
3.03,63.4,59.0,10.97
2.74,63.1,53.0,10.97
2.25,62.2,55.0,10.97
2.15,59.5,53.0,10.65
2.15,61.2,62.0,10.32
2.15,63.0,65.0,10.0
2.25,62.8,61.0,9.68
2.25,63.7,59.0,9.35
2.25,60.6,53.0,9.03
2.35,60.0,61.0,9.03
2.35,59.3,60.0,8.71
2.35,59.8,57.0,9.03
2.35,58.2,50.0,8.71
2.44,59.5,53.0,8.71
4.11,57.4,57.0,8.39
21.11,59.0,51.0,8.39
57.18,57.3,56.0,8.71
66.67,58.5,51.0,8.71
79.67,56.3,50.0,8.71
81.72,52.9,50.0,8.71
87.88,53.8,50.0,9.03
92.57,52.6,50.0,9.35
91.59,59.3,57.0,9.35
92.96,57.0,56.0,9.35
93.55,58.4,50.0,10.32
95.8,55.4,50.0,11.61
97.16,54.8,55.0,11.61
96.87,55.4,50.0,15.81
97.75,55.5,50.0,16.77
97.75,57.3,50.0,18.71
97.85,59.8,50.0,18.06
97.85,60.6,50.0,17.42
97.75,60.6,56.0,19.03
97.75,60.9,50.0,17.1
97.46,61.7,50.0,17.1
97.16,62.5,50.0,15.81
96.97,61.5,50.0,17.1
97.07,61.9,50.0,17.1
96.97,63.3,50.0,19.03
97.36,62.3,50.0,21.61
97.26,61.9,50.0,20.97
97.16,61.4,50.0,16.77
95.8,61.2,54.0,17.74
97.07,61.4,50.0,16.13
95.11,62.0,50.0,17.1
95.6,66.0,50.0,18.39
96.19,65.3,50.0,16.77
94.92,62.2,63.0,15.48
93.55,62.3,59.0,15.81
94.62,61.5,50.0,15.16
92.86,61.2,73.0,14.84
92.18,62.5,50.0,14.52
88.56,63.9,50.0,14.19
84.16,65.2,50.0,13.55
74.29,65.8,50.0,12.9
53.18,67.5,54.0,12.58
16.52,69.1,50.0,12.58
4.01,70.1,54.0,12.26
3.32,71.2,61.0,11.94
3.32,71.6,57.0,11.94
3.23,71.8,54.0,11.61
3.23,71.9,50.0,11.29
3.23,71.6,62.0,10.97
3.32,71.6,62.0,10.65
3.32,72.6,54.0,10.32
3.32,72.7,51.0,10.0
3.32,73.2,50.0,10.32
3.32,72.6,54.0,10.0
3.32,73.0,57.0,9.68
3.32,72.4,59.0,9.03
3.32,72.6,62.0,9.03
3.32,70.5,71.0,8.71
3.32,69.7,61.0,8.39
3.32,69.3,73.0,8.06
3.32,68.8,57.0,8.39
3.32,67.4,54.0,8.39
3.32,62.8,57.0,8.39
3.32,62.3,76.0,9.03
3.32,54.1,53.0,8.06
3.32,52.6,51.0,9.35
3.23,49.9,55.0,9.03
3.32,48.0,52.0,9.35
3.32,49.6,51.0,9.35
3.32,45.0,63.0,8.71
3.32,48.0,65.0,9.03
3.52,48.0,50.0,9.03
7.14,51.0,63.0,8.71
34.21,47.3,50.0,8.06
67.55,45.6,54.0,7.1
80.06,41.7,53.0,8.39
91.1,37.9,50.0,11.29
97.07,36.9,66.0,10.32
93.45,38.5,64.0,10.0
94.82,39.9,60.0,10.32
95.31,41.7,63.0,13.23
97.95,39.3,50.0,15.16
97.95,39.9,50.0,17.42
98.14,41.4,55.0,15.81
97.36,41.5,51.0,14.84
97.07,42.3,50.0,16.45
98.14,43.4,62.0,19.68
97.95,45.0,62.0,19.68
97.56,46.7,50.0,20.0
97.85,47.7,50.0,20.65
98.04,49.2,50.0,21.29
97.95,50.3,50.0,16.13
95.6,51.6,50.0,14.52
95.7,51.8,50.0,13.87
95.31,51.9,50.0,14.84
96.38,53.5,50.0,17.42
95.99,53.5,50.0,14.84
97.56,54.1,50.0,21.29
97.26,55.1,50.0,17.1
96.87,55.9,50.0,13.87
94.33,56.7,50.0,13.87
93.26,57.4,50.0,12.9
92.18,58.4,50.0,12.9
91.79,58.4,50.0,12.58
92.67,58.4,50.0,12.58
92.28,60.0,50.0,11.94
88.46,61.9,50.0,11.29
90.81,61.7,50.0,11.61
91.01,62.5,50.0,11.29
89.25,62.8,50.0,11.94
91.79,65.5,50.0,11.29
88.76,64.5,50.0,10.0
77.03,64.1,50.0,9.03
50.93,65.3,50.0,9.03
8.31,63.3,50.0,8.71
3.72,66.6,50.0,8.06
3.72,64.2,50.0,8.06
3.72,63.4,50.0,8.06
3.72,63.1,50.0,8.06
3.62,63.1,50.0,7.42
3.72,64.7,50.0,7.42
3.72,64.2,50.0,7.42
3.72,62.2,50.0,7.42
3.72,63.9,50.0,7.42
3.62,66.9,50.0,7.42
3.42,68.9,50.0,7.1
3.42,67.2,50.0,6.45
3.42,55.9,50.0,6.13
3.42,58.2,50.0,5.81
3.42,59.5,50.0,5.48
3.42,60.3,54.0,5.48
3.42,51.9,50.0,4.84
3.42,49.2,50.0,4.84
3.42,46.7,53.0,4.52
3.42,48.5,50.0,4.52
3.42,47.2,51.0,4.19
3.42,46.6,55.0,4.19
3.42,42.5,60.0,3.87
38.22,41.2,61.0,3.87
38.12,37.7,70.0,3.87
37.93,38.2,50.0,3.55
37.83,37.7,62.0,3.23
18.48,43.1,50.0,3.23
60.22,46.6,50.0,3.23
86.41,48.0,50.0,2.9
95.21,47.2,50.0,3.55
96.87,43.6,50.0,4.52
97.46,46.6,73.0,5.48
97.75,35.4,66.0,5.81
96.28,40.3,56.0,6.45
96.68,45.3,72.0,6.45
97.07,47.0,61.0,7.74
97.16,49.7,61.0,9.35
97.75,50.8,57.0,12.58
98.04,51.0,50.0,14.84
97.85,51.0,61.0,15.16
96.28,56.0,50.0,11.94
97.95,57.1,51.0,11.61
97.16,58.1,50.0,17.1
97.36,58.4,50.0,16.45
97.75,57.8,63.0,17.74
96.58,57.4,63.0,15.48
96.97,60.3,63.0,14.19
97.85,62.2,50.0,17.74
97.85,62.0,75.0,15.48
96.28,61.9,64.0,12.58
97.75,62.5,61.0,18.71
97.36,62.8,62.0,18.06
97.16,62.5,65.0,15.81
97.07,61.9,60.0,18.39
96.87,63.1,74.0,17.74
96.77,64.7,63.0,16.13
96.58,64.5,67.0,14.19
96.38,64.7,61.0,13.87
96.19,64.9,61.0,13.23
95.99,64.4,63.0,13.23
96.97,65.2,57.0,13.87
97.36,65.3,50.0,13.87
97.26,65.8,50.0,12.9
93.06,66.6,52.0,9.68
94.72,66.3,50.0,10.97
89.34,66.7,50.0,8.39
84.75,66.0,58.0,7.74
69.5,66.0,50.0,7.42
28.06,65.6,61.0,8.06
5.86,65.3,58.0,8.39
3.91,65.3,56.0,8.06
3.72,65.8,56.0,7.74
3.72,66.0,50.0,7.1
3.72,66.3,51.0,7.1
3.72,66.6,60.0,6.45
3.72,66.7,55.0,6.45
3.72,67.5,60.0,6.13
3.81,67.5,64.0,5.48
3.81,68.3,60.0,5.48
3.81,68.0,62.0,4.84
3.81,63.7,60.0,4.84
3.72,57.4,65.0,4.52
3.81,53.5,64.0,3.87
3.91,54.3,64.0,3.55
3.81,56.8,60.0,3.55
3.72,60.0,61.0,3.55
3.81,55.1,59.0,2.26
3.81,50.5,60.0,1.61
3.81,46.9,61.0,0.97
3.81,43.7,64.0,0.97
3.81,38.4,60.0,0.97
37.05,42.3,64.0,0.97
38.32,45.8,55.0,0.97
41.45,39.5,62.0,0.97
36.95,39.3,61.0,0.97
38.22,35.8,57.0,0.97
46.63,36.3,57.0,0.65
77.13,37.4,55.0,0.65
92.86,31.6,64.0,1.94
96.58,34.1,56.0,4.52
97.26,40.1,67.0,6.13
97.65,33.3,62.0,7.74
97.85,33.9,61.0,8.06
97.95,33.5,60.0,10.97
98.04,35.8,50.0,10.97
97.95,33.5,50.0,11.94
97.46,39.9,63.0,11.94
98.04,42.3,62.0,13.87
98.04,43.3,62.0,13.55
97.95,47.5,54.0,14.52
97.95,46.9,59.0,14.52
98.04,48.0,59.0,15.81
97.85,50.8,56.0,15.81
97.95,52.9,50.0,16.77
97.85,54.9,50.0,13.87
97.95,55.2,50.0,13.55
97.85,56.3,50.0,13.23
97.75,56.7,50.0,14.52
96.38,57.9,50.0,14.19
96.77,50.5,54.0,14.52
97.65,48.3,50.0,17.74
96.38,48.9,50.0,14.52
97.26,50.8,50.0,17.74
95.5,52.2,50.0,13.87
96.97,52.6,50.0,18.39
95.31,54.0,50.0,15.48
96.97,54.9,50.0,17.1
96.58,56.3,53.0,17.1
95.21,58.1,50.0,15.16
94.92,59.5,50.0,14.19
96.68,60.1,50.0,14.19
94.43,61.2,50.0,14.84
95.8,62.3,50.0,14.52
95.11,62.8,50.0,14.52
89.34,63.9,50.0,12.9
83.97,65.2,50.0,11.94
75.46,65.8,50.0,11.61
48.68,67.1,50.0,10.97
11.93,67.8,50.0,10.65
4.2,68.6,54.0,10.32
3.81,68.6,53.0,10.0
3.81,69.4,57.0,9.35
3.81,69.3,59.0,9.03
3.81,68.6,60.0,8.71
3.81,68.3,58.0,8.39
3.81,67.8,61.0,8.39
3.81,67.2,60.0,8.06
3.81,67.2,60.0,7.74
3.81,67.1,62.0,7.74
3.91,66.1,61.0,8.06
4.01,54.4,60.0,7.74
3.81,51.0,58.0,7.42
3.81,49.9,60.0,7.42
3.91,49.1,58.0,7.1
3.81,48.0,57.0,7.1
3.72,47.3,55.0,7.1
3.62,47.7,51.0,6.77
3.62,48.1,54.0,6.77
3.62,41.4,67.0,6.45
3.62,39.5,58.0,6.45
3.62,39.5,63.0,6.45
3.62,36.3,60.0,6.45
3.62,35.7,55.0,6.13
37.15,35.1,51.0,5.81
36.56,37.4,67.0,5.81
38.42,43.4,61.0,5.48
36.76,45.5,73.0,5.48
40.37,45.1,63.0,5.48
45.94,42.1,57.0,5.16
68.23,43.3,63.0,5.48
80.94,41.7,61.0,5.48
85.92,39.0,60.0,5.48
86.22,39.8,55.0,6.13
88.86,36.6,61.0,5.81
91.4,41.7,55.0,5.81
92.28,37.1,50.0,6.13
94.14,38.2,50.0,6.45
96.97,38.5,68.0,7.74
97.65,35.4,61.0,9.68
95.6,38.2,60.0,9.35
97.16,39.0,62.0,12.58
96.09,40.4,67.0,10.32
95.41,40.4,57.0,8.71
97.95,41.5,50.0,10.97
97.85,41.7,63.0,11.94
97.85,41.8,56.0,13.55
95.7,43.4,50.0,10.65
97.85,45.1,50.0,14.52
96.38,47.5,50.0,9.03
95.8,48.5,50.0,13.87
96.19,49.6,50.0,11.61
97.36,51.3,64.0,14.19
95.5,53.5,65.0,10.65
93.84,54.8,65.0,9.03
95.89,55.9,57.0,7.42
93.65,57.3,60.0,8.71
94.23,58.4,60.0,9.35
95.31,59.6,61.0,8.71
91.98,60.3,52.0,8.71
94.82,61.7,59.0,9.03
94.43,61.9,58.0,9.68
92.57,63.3,57.0,8.06
93.65,65.5,61.0,7.74
91.69,67.4,50.0,7.1
94.72,67.2,50.0,6.77
86.02,67.1,50.0,7.1
82.31,65.5,50.0,7.1
77.71,63.0,50.0,6.77
68.23,62.0,50.0,6.45
34.8,63.3,50.0,6.13
6.84,63.7,57.0,5.81
3.91,63.0,53.0,5.48
3.72,62.3,59.0,5.16
3.72,61.7,60.0,4.84
3.72,58.4,55.0,4.84
3.72,57.1,50.0,4.84
3.72,57.8,66.0,4.52
3.72,57.4,56.0,4.52
3.72,58.4,56.0,4.52
3.62,58.4,59.0,4.52
3.72,57.0,54.0,4.52
3.72,55.4,50.0,4.19
3.72,55.2,63.0,4.19
3.72,55.7,59.0,4.19
3.72,57.9,57.0,3.87
3.81,60.6,60.0,3.87
3.72,61.1,56.0,3.87
3.72,61.1,61.0,3.87
3.72,58.5,50.0,3.55
3.72,53.3,62.0,3.55
3.72,51.3,75.0,3.55
3.72,42.8,68.0,3.23
3.81,44.2,56.0,3.23
35.19,50.8,66.0,3.23
36.46,49.9,58.0,2.9
38.42,43.3,66.0,2.9
36.56,38.2,63.0,2.58
19.55,37.1,67.0,2.26
60.12,38.7,68.0,2.26
82.11,45.1,67.0,1.94
94.53,34.3,61.0,1.94
96.68,36.2,92.0,1.94
97.26,36.0,64.0,3.87
97.75,40.9,59.0,6.13
97.85,43.9,62.0,8.06
98.04,57.6,66.0,9.35
96.68,48.8,79.0,7.74
95.41,45.9,65.0,6.45
95.02,47.3,63.0,6.13
95.21,45.8,70.0,6.45
96.09,44.2,67.0,7.1
96.68,46.9,64.0,9.03
97.85,49.2,72.0,12.26
98.04,49.9,88.0,13.23
96.48,52.4,63.0,9.35
96.58,57.3,73.0,10.65
97.16,53.2,62.0,10.65
95.8,52.9,63.0,9.03
94.72,52.2,59.0,8.71
96.09,52.4,64.0,10.32
97.07,53.3,73.0,12.58
97.07,54.0,63.0,10.97
96.19,55.9,65.0,10.0
95.41,57.0,62.0,9.35
95.02,57.8,63.0,9.35
94.92,57.3,53.0,9.03
94.43,57.0,69.0,9.03
94.04,56.0,57.0,9.03
91.4,56.0,50.0,8.71
92.96,55.2,54.0,9.03
92.57,56.0,72.0,8.71
93.16,55.5,60.0,8.39
92.38,55.2,50.0,8.06
87.78,54.6,53.0,7.42
87.1,53.5,80.0,6.77
81.04,53.0,50.0,6.13
71.55,53.7,80.0,6.13
62.85,53.7,63.0,6.13
54.54,54.1,50.0,6.77
25.81,55.7,62.0,6.77
7.14,56.0,62.0,6.77
4.01,55.5,50.0,6.77
3.91,56.0,71.0,6.77
3.81,56.0,50.0,7.1
3.81,56.2,63.0,7.1
3.81,56.8,56.0,7.1
3.72,57.4,56.0,7.1
3.72,59.0,50.0,7.1
3.62,60.0,51.0,7.1
3.62,60.4,53.0,7.1
3.72,61.1,61.0,7.1
3.72,60.3,58.0,7.1
3.72,54.4,58.0,7.1
3.81,48.9,63.0,7.1
3.72,44.2,58.0,7.1
3.72,42.1,54.0,7.42
4.2,41.2,60.0,7.42
3.81,44.2,51.0,7.1
3.81,51.1,55.0,7.1
3.81,50.8,60.0,7.1
3.81,52.1,63.0,7.1
3.81,49.7,66.0,7.1
3.81,47.7,64.0,7.1
3.81,41.4,67.0,7.1
26.3,39.8,68.0,7.1
36.46,42.1,62.0,7.42
36.27,44.0,57.0,7.42
36.07,43.4,50.0,7.42
36.46,45.9,56.0,7.42
37.24,46.6,63.0,7.1
35.68,44.2,63.0,7.1
58.65,41.7,66.0,7.1
72.63,43.6,65.0,7.1
79.76,46.4,51.0,7.1
84.36,46.9,63.0,7.1
87.0,47.8,60.0,7.42
88.56,50.0,65.0,7.42
90.52,51.6,60.0,7.74
92.28,52.1,69.0,8.06
94.33,52.4,76.0,8.71
94.53,53.2,71.0,9.03
96.19,54.6,67.0,10.0
96.38,55.4,65.0,10.65
96.97,56.2,66.0,12.9
97.85,58.7,70.0,13.87
97.46,64.5,50.0,14.52
98.04,69.9,69.0,15.81
97.95,69.9,65.0,15.81
97.95,71.5,63.0,16.77
97.75,70.2,55.0,16.45
97.65,68.5,66.0,17.42
97.07,68.0,63.0,16.45
97.85,67.4,67.0,17.42
97.65,66.4,70.0,18.71
97.46,66.3,62.0,18.39
97.16,66.1,64.0,18.71
97.07,66.0,74.0,18.71
96.97,66.3,73.0,18.71
96.97,66.0,60.0,19.03
96.58,66.6,67.0,19.68
95.99,66.9,64.0,17.74
96.48,42.8,53.0,18.39
96.38,43.3,66.0,17.1
97.26,43.1,69.0,17.1
97.07,48.0,72.0,17.42
94.04,50.8,70.0,13.55
93.26,54.3,51.0,12.26
94.62,53.8,68.0,13.55
90.62,56.0,64.0,10.97
87.1,57.4,65.0,10.32
75.66,59.5,74.0,9.35
39.2,62.2,64.0,8.71
7.62,64.2,72.0,8.06
3.91,64.7,67.0,8.06
3.72,64.4,68.0,8.06
3.72,64.7,66.0,8.06
3.81,65.5,73.0,8.06
3.81,65.8,64.0,8.06
3.81,65.8,61.0,8.06
3.81,65.5,60.0,7.74
3.81,65.8,57.0,7.74
3.81,66.1,64.0,7.74
3.81,66.7,50.0,7.74
3.72,66.9,64.0,7.42
3.72,67.7,50.0,7.42
3.62,68.3,50.0,7.1
3.32,69.1,78.0,7.1
3.32,69.6,50.0,7.1
3.52,69.3,71.0,6.77
3.52,69.3,58.0,6.77
3.42,70.1,62.0,6.77
3.52,69.4,50.0,6.77
3.52,69.4,50.0,6.77
3.52,70.2,60.0,6.77
3.23,70.1,54.0,6.45
3.32,69.6,59.0,6.45
3.03,70.1,50.0,6.77
2.64,70.7,67.0,6.77
2.64,69.7,72.0,6.77
2.84,70.4,51.0,6.77
6.65,70.1,62.0,6.77
27.76,70.1,66.0,6.77
56.99,70.1,60.0,6.77
72.43,69.4,65.0,6.77
80.55,68.3,55.0,6.77
85.44,69.4,50.0,7.1
88.95,70.5,57.0,6.77
90.81,69.3,59.0,7.1
91.4,67.5,69.0,7.42
92.38,66.4,57.0,7.74
92.57,66.1,78.0,7.74
93.16,65.6,67.0,7.74
93.94,63.4,71.0,8.39
94.62,61.4,61.0,9.03
95.7,57.9,61.0,10.0
96.77,54.8,61.0,10.97
96.09,53.5,53.0,11.29
95.99,53.8,57.0,10.97
95.7,52.9,57.0,11.29
95.6,55.2,50.0,10.65
95.6,53.5,65.0,10.97
96.19,52.2,59.0,11.61
95.21,52.6,74.0,10.97
95.5,51.4,64.0,10.97
95.99,49.2,65.0,12.26
95.6,50.3,64.0,11.61
94.92,48.6,60.0,11.61
94.53,48.3,65.0,11.29
95.02,48.6,69.0,10.97
94.82,47.0,65.0,11.29
93.94,46.9,55.0,10.65
92.77,48.6,67.0,10.65
93.35,48.5,69.0,10.65
92.77,47.0,56.0,10.65
91.3,45.5,72.0,10.0
89.44,46.2,59.0,9.68
86.51,47.3,67.0,9.68
85.04,45.8,66.0,9.35
80.84,46.2,62.0,9.35
71.85,46.1,50.0,9.03
48.29,46.9,50.0,8.71
18.08,47.3,55.0,8.71
4.99,47.7,50.0,7.74
3.72,49.2,50.0,7.42
3.62,49.2,50.0,7.1
3.62,51.1,60.0,6.77
3.62,52.9,50.0,6.13
3.72,53.3,50.0,5.81
3.72,53.8,54.0,5.48
3.72,54.0,50.0,5.48
3.72,54.8,50.0,5.16
3.72,56.0,50.0,4.84
3.72,58.2,50.0,4.52
3.72,60.4,71.0,4.19
3.72,61.7,50.0,4.19
3.62,62.8,50.0,3.87
3.62,63.9,50.0,3.87
3.62,64.2,50.0,4.19
3.62,63.4,56.0,4.19
3.62,63.0,50.0,4.19
3.62,63.0,50.0,4.52
3.62,63.3,57.0,3.87
3.62,63.9,52.0,4.19
3.62,64.1,50.0,3.87
3.62,64.2,50.0,3.87
3.62,64.7,50.0,4.19
3.62,64.9,50.0,4.19
3.62,65.5,50.0,4.52
3.81,65.3,66.0,4.84
5.67,65.5,50.0,4.84
24.14,65.2,61.0,5.48
53.67,64.9,61.0,5.48
69.5,64.9,76.0,5.81
77.52,64.9,53.0,6.13
84.65,64.2,50.0,6.13
86.51,64.4,50.0,6.45
89.25,63.7,50.0,6.45
91.89,63.3,64.0,6.77
91.79,63.0,55.0,7.1
93.74,61.9,60.0,7.42
95.89,58.7,65.0,8.06
97.26,54.8,56.0,10.0
98.04,46.1,69.0,14.19
97.95,48.3,60.0,13.23
97.85,47.0,70.0,13.55
97.95,44.4,60.0,14.84
97.95,43.7,60.0,16.77
97.95,44.5,50.0,15.48
97.95,42.5,63.0,17.1
97.85,43.3,70.0,16.45
97.75,43.1,61.0,16.77
97.75,42.9,63.0,17.42
97.75,43.3,74.0,17.74
97.75,42.0,61.0,18.06
97.65,41.5,65.0,18.39
97.46,40.7,57.0,18.71
97.16,39.2,60.0,18.06
97.07,38.4,68.0,18.71
96.97,38.0,61.0,18.39
96.87,37.4,72.0,18.71
96.68,38.4,74.0,19.35
96.38,38.8,61.0,19.35
96.19,38.5,63.0,19.03
96.58,40.3,50.0,19.03
97.26,40.1,52.0,19.35
97.36,39.3,60.0,18.06
97.16,39.6,65.0,17.1
96.19,39.2,57.0,16.45
93.45,39.3,52.0,15.48
90.32,43.3,61.0,13.23
86.8,44.0,64.0,12.58
77.22,45.8,57.0,11.94
45.55,48.5,51.0,11.29
10.36,49.6,65.0,10.97
4.11,51.1,54.0,10.32
3.72,52.6,50.0,10.0
3.72,53.5,50.0,10.0
3.72,54.1,62.0,9.68
3.72,53.8,51.0,9.35
3.72,55.4,50.0,9.03
3.72,56.0,50.0,8.71
3.72,56.0,50.0,8.39
3.72,57.8,50.0,8.39
3.72,57.6,50.0,8.39
3.72,57.8,50.0,8.39
3.72,62.2,50.0,7.42
3.72,63.7,50.0,6.77
3.62,61.1,50.0,8.06
3.62,59.8,50.0,8.06
3.62,59.8,50.0,8.06
3.62,60.6,50.0,7.74
3.52,60.3,50.0,8.06
3.52,60.1,50.0,8.06
3.52,59.6,50.0,8.06
3.52,57.9,50.0,9.03
3.42,57.3,50.0,9.35
3.42,55.7,50.0,9.68
36.17,54.3,50.0,10.32
36.56,55.2,50.0,10.0
36.36,55.9,61.0,10.0
37.73,57.3,51.0,9.35
25.02,59.5,66.0,9.35
56.21,61.1,68.0,9.35
71.75,62.6,61.0,9.03
65.69,63.4,73.0,8.39
68.92,63.4,62.0,8.71
90.91,64.5,88.0,8.06
88.66,59.2,78.0,8.39
98.04,45.6,72.0,11.29
96.19,48.8,73.0,10.65
98.14,46.4,54.0,10.65
96.77,41.4,70.0,12.58
97.16,42.5,69.0,11.94
96.68,45.1,69.0,11.94
97.85,43.9,70.0,12.58
97.16,42.6,82.0,12.9
97.65,44.8,71.0,12.26
96.38,47.0,67.0,10.65
96.09,44.5,60.0,10.65
96.58,47.5,67.0,10.65
96.09,46.4,58.0,10.65
95.7,46.6,60.0,10.0
96.09,45.8,74.0,10.32
95.8,45.0,72.0,10.97
95.41,46.4,64.0,10.32
96.38,44.4,67.0,10.97
95.99,44.0,64.0,10.97
95.6,45.0,66.0,10.65
96.68,47.0,66.0,13.87
94.92,55.1,64.0,9.68
95.7,49.1,64.0,9.35
94.43,44.8,70.0,10.32
94.53,43.7,60.0,9.68
96.38,45.8,71.0,11.29
94.62,45.9,80.0,9.35
93.35,46.9,68.0,9.03
97.56,44.5,71.0,11.61
95.7,44.7,85.0,10.0
90.91,46.1,70.0,8.39
92.08,49.4,71.0,8.71
90.03,47.5,64.0,7.74
86.71,47.7,64.0,7.1
82.31,47.8,69.0,6.77
67.45,48.3,64.0,6.45
30.01,48.9,50.0,6.13
6.16,50.3,72.0,5.48
3.91,50.3,71.0,5.48
3.81,51.4,72.0,5.16
3.81,51.0,61.0,5.16
3.81,51.1,72.0,5.16
3.81,51.8,65.0,4.84
3.81,51.4,68.0,5.16
3.81,51.1,50.0,4.84
3.81,47.8,65.0,4.52
3.81,46.1,63.0,4.19
3.72,44.7,67.0,4.19
3.81,43.4,71.0,4.52
3.72,43.3,66.0,4.52
3.72,41.5,59.0,4.19
3.72,41.8,63.0,4.19
3.81,42.8,50.0,3.55
3.81,41.0,50.0,3.55
3.81,42.1,61.0,3.55
3.72,42.9,57.0,3.55
3.72,44.2,67.0,3.23
3.72,41.8,62.0,3.23
3.72,42.6,74.0,3.23
3.72,43.6,59.0,3.23
33.63,44.7,61.0,2.9
36.66,44.2,69.0,3.23
35.48,44.2,71.0,2.9
37.05,45.0,50.0,2.9
28.15,45.3,60.0,2.9
67.25,46.2,62.0,2.9
86.9,46.6,71.0,2.9
94.53,47.2,70.0,3.23
96.38,43.7,65.0,3.55
97.16,40.4,57.0,5.81
97.56,38.7,61.0,4.19
97.75,37.1,64.0,8.06
97.95,35.1,76.0,8.39
97.95,34.4,63.0,9.03
98.04,33.5,73.0,10.32
97.07,35.1,61.0,9.35
98.14,36.2,61.0,10.32
96.38,37.9,92.0,8.71
97.85,32.1,63.0,13.23
97.07,34.4,66.0,10.97
97.46,35.8,57.0,9.68
97.95,34.7,63.0,12.26
97.95,33.6,65.0,12.9
97.85,32.7,66.0,11.61
97.85,30.6,63.0,13.87
97.85,34.1,69.0,10.97
97.85,33.9,78.0,10.32
97.85,30.8,66.0,12.9
95.6,30.8,67.0,11.61
97.65,32.5,65.0,13.23
97.46,30.3,70.0,12.9
97.07,31.3,68.0,13.23
95.41,30.0,62.0,12.58
97.26,27.5,67.0,15.16
97.07,27.3,64.0,14.52
95.8,31.7,71.0,10.32
95.11,36.2,72.0,10.0
92.47,41.4,67.0,8.71
93.06,44.5,62.0,8.06
88.56,46.1,52.0,7.74
87.59,49.7,70.0,7.1
87.98,52.6,50.0,6.77
87.88,55.2,70.0,6.13
80.74,56.8,66.0,5.81
71.36,60.1,51.0,5.16
57.58,65.3,69.0,4.84
42.42,68.2,61.0,4.84
19.26,69.1,60.0,4.84
5.28,69.9,61.0,4.84
2.74,70.4,64.0,4.84
2.64,71.3,70.0,4.84
2.74,71.5,54.0,4.84
2.64,71.8,54.0,5.16
2.54,72.1,54.0,5.16
2.54,72.7,63.0,5.16
2.54,72.7,64.0,5.48
2.44,72.1,50.0,5.81
2.35,72.3,54.0,5.81
2.35,72.9,65.0,5.81
2.35,72.9,59.0,5.81
2.35,73.0,57.0,5.81
2.35,73.0,61.0,5.81
2.35,72.9,55.0,6.13
2.35,73.2,68.0,6.13
2.35,73.0,55.0,6.13
2.25,73.4,54.0,6.13
2.25,73.4,67.0,6.13
2.35,72.9,61.0,6.13
2.35,73.5,61.0,6.13
2.25,74.0,51.0,5.81
2.25,73.5,57.0,6.13
2.25,71.8,66.0,6.13
35.39,71.3,51.0,6.13
34.51,71.6,67.0,6.13
36.66,71.5,51.0,6.13
35.58,73.2,55.0,6.13
40.86,74.0,63.0,6.13
51.71,73.4,61.0,6.45
73.22,73.4,62.0,6.77
83.48,73.2,54.0,6.45
85.92,73.4,65.0,6.45
81.82,74.0,72.0,6.45
85.63,73.4,63.0,6.77
91.79,74.3,63.0,6.77
91.01,74.5,66.0,6.77
88.95,74.3,66.0,7.1
91.5,74.2,60.0,7.1
90.71,73.5,61.0,7.1
93.06,73.8,61.0,7.42
91.4,73.7,61.0,6.77
92.47,74.2,66.0,7.1
95.02,73.8,62.0,7.74
95.31,68.0,60.0,8.71
95.31,65.8,71.0,9.03
94.82,66.4,61.0,8.39
97.26,64.9,62.0,10.65
97.07,58.1,67.0,10.65
97.46,54.8,67.0,12.26
96.28,55.9,68.0,10.97
95.89,55.1,67.0,10.0
97.16,51.6,72.0,11.61
96.58,49.9,68.0,12.26
95.99,49.6,64.0,11.61
95.41,48.3,62.0,11.29
95.31,50.5,72.0,10.65
95.6,58.1,62.0,9.03
96.87,49.7,70.0,11.29
96.38,48.3,58.0,11.94
95.8,46.9,69.0,11.29
94.04,48.1,79.0,9.68
93.84,49.9,62.0,9.35
94.23,49.7,63.0,10.65
92.77,50.3,58.0,9.03
89.34,59.0,66.0,7.1
89.83,56.7,65.0,7.74
74.88,57.3,65.0,6.77
59.73,62.0,74.0,6.45
25.32,63.6,60.0,6.13
3.81,63.6,64.0,6.13
2.54,63.3,63.0,6.45
2.54,62.2,70.0,6.45
2.54,64.5,50.0,6.13
2.64,63.9,76.0,6.13
2.64,64.4,65.0,5.81
2.64,64.5,67.0,5.81
2.74,64.5,63.0,5.81
2.84,63.9,53.0,6.13
2.64,63.7,57.0,6.13
2.74,63.7,62.0,6.13
2.35,64.9,61.0,5.81
2.54,66.1,50.0,5.81
2.64,67.5,71.0,5.48
2.64,66.1,67.0,5.81
2.25,66.3,59.0,5.48
2.25,65.6,50.0,5.48
2.25,66.3,50.0,5.48
2.25,65.2,63.0,5.81
2.35,63.3,52.0,5.81
2.44,62.8,50.0,5.48
2.25,65.5,50.0,4.84
2.35,66.4,52.0,4.52
33.24,63.4,58.0,5.48
33.63,63.6,64.0,5.16
34.99,62.6,50.0,5.16
35.09,63.0,53.0,5.16
36.36,64.2,62.0,4.84
68.72,64.2,51.0,4.52
81.92,64.2,50.0,4.84
82.89,63.7,63.0,5.16
92.96,63.7,63.0,5.48
90.81,67.2,57.0,4.84
95.41,65.2,62.0,6.45
91.2,63.0,57.0,6.13
93.35,64.1,69.0,6.13
94.43,59.2,65.0,7.42
97.56,53.2,71.0,9.68
95.31,57.1,61.0,7.1
93.84,58.5,75.0,6.77
93.16,57.3,67.0,7.74
94.92,56.3,64.0,7.74
93.45,54.8,60.0,8.06
94.14,55.7,62.0,7.74
93.26,55.5,62.0,7.74
95.8,53.0,66.0,8.71
95.7,52.1,74.0,9.03
95.11,52.4,73.0,8.71
96.58,53.5,62.0,9.03
96.87,52.2,78.0,9.68
96.28,47.2,66.0,10.65
96.38,48.8,76.0,9.68
94.62,51.1,62.0,9.03
95.11,51.4,61.0,9.35
94.92,53.7,69.0,8.71
94.43,51.9,61.0,9.35
96.48,45.9,50.0,12.26
96.48,44.5,66.0,11.29
95.5,41.8,72.0,11.61
93.45,46.7,58.0,9.35
96.48,48.9,63.0,11.94
96.77,48.3,64.0,11.29
93.06,51.1,69.0,8.39
92.28,57.9,52.0,7.42
92.77,62.5,50.0,5.81
88.07,61.5,50.0,6.77
87.68,63.3,64.0,6.13
87.88,64.2,62.0,5.81
82.89,63.1,65.0,6.13
66.28,63.3,56.0,6.13
37.24,61.5,62.0,6.13
11.54,61.9,50.0,5.81
3.03,62.5,51.0,5.48
2.44,61.7,50.0,5.48
2.44,62.6,62.0,5.16
2.25,62.8,54.0,4.84
2.25,61.2,68.0,4.52
2.35,63.0,66.0,4.52
2.25,61.5,62.0,5.16
2.25,61.4,61.0,4.84
2.25,62.2,66.0,4.84
2.25,63.0,69.0,4.84
2.25,61.9,75.0,5.16
2.25,63.0,50.0,4.84
2.25,63.0,66.0,4.84
2.35,63.1,50.0,4.52
2.25,63.1,55.0,4.52
2.35,62.3,57.0,4.19
2.35,62.3,50.0,4.19
2.35,62.8,50.0,4.19
2.35,62.6,68.0,4.19
2.35,62.2,50.0,4.19
2.35,61.9,50.0,3.87
2.44,61.9,72.0,4.19
2.44,61.7,81.0,4.19
35.09,60.9,50.0,3.87
36.76,61.4,68.0,3.87
35.78,62.2,65.0,3.87
24.34,63.3,63.0,3.55
65.98,63.9,61.0,3.55
89.44,63.4,50.0,3.23
95.41,58.7,56.0,3.55
96.77,67.5,54.0,4.19
97.36,54.0,66.0,5.16
97.65,51.4,50.0,6.45
97.85,48.5,62.0,8.06
97.95,45.3,60.0,9.35
98.04,44.8,60.0,10.0
98.04,44.7,63.0,10.97
96.77,45.1,67.0,9.68
98.14,46.2,60.0,11.29
96.19,44.5,65.0,9.68
96.77,45.1,50.0,10.65
95.8,44.2,50.0,9.03
96.09,47.7,71.0,9.03
95.8,48.1,67.0,9.03
96.48,49.1,50.0,9.68
97.46,47.7,76.0,11.29
97.07,44.4,50.0,10.32
97.85,46.1,63.0,12.26
96.28,45.6,50.0,10.97
96.77,45.1,70.0,10.32
96.19,49.2,60.0,11.61
96.48,45.8,63.0,7.42
95.11,61.1,54.0,9.03
93.35,54.1,50.0,7.1
95.02,59.5,58.0,7.42
93.06,59.0,71.0,7.42
94.72,58.5,62.0,7.74
94.53,59.2,58.0,8.06
95.7,57.4,58.0,9.35
95.99,55.5,60.0,13.23
94.33,49.6,56.0,10.65
96.58,52.6,53.0,10.32
89.54,52.2,50.0,10.65
87.59,52.2,52.0,7.1
93.74,56.2,54.0,9.03
90.81,56.0,53.0,8.06
85.14,57.0,50.0,7.42
83.38,57.3,50.0,7.42
62.76,56.2,50.0,7.1
38.51,57.3,55.0,6.77
22.68,57.4,53.0,6.45
4.59,59.3,50.0,6.13
2.54,60.9,50.0,5.81
2.44,63.3,50.0,5.48
2.35,65.3,50.0,5.81
2.35,65.5,62.0,5.16
2.35,67.7,50.0,5.48
2.35,68.0,54.0,5.48
2.35,67.2,59.0,5.16
2.35,65.6,54.0,5.16
2.44,65.3,50.0,4.52
2.44,67.2,56.0,4.52
2.35,67.8,54.0,4.52
2.35,66.9,55.0,4.84
2.25,65.3,57.0,4.84
2.25,67.1,51.0,4.84
2.25,67.7,56.0,4.84
2.25,67.5,50.0,4.84
2.35,67.7,51.0,4.84
2.25,67.5,53.0,5.16
2.25,66.9,50.0,5.16
2.35,68.2,52.0,5.48
2.35,68.5,52.0,5.16
2.44,69.9,54.0,5.16
2.35,69.9,56.0,5.16
2.25,70.2,56.0,5.16
2.35,70.4,50.0,5.16
3.52,70.7,56.0,4.84
10.85,71.2,53.0,4.84
30.69,71.0,58.0,4.84
58.75,70.7,50.0,4.52
68.82,68.5,53.0,3.87
79.18,67.7,57.0,3.87
81.72,67.4,54.0,3.87
87.1,68.2,50.0,4.19
87.29,66.1,62.0,4.19
89.64,66.0,79.0,4.19
90.32,67.4,86.0,4.19
91.3,67.5,74.0,4.19
88.07,67.8,86.0,4.19
91.01,68.2,87.0,4.19
94.72,68.2,73.0,4.52
92.57,68.6,86.0,4.52
91.01,68.5,63.0,4.52
89.25,67.8,60.0,4.52
90.71,68.0,61.0,4.84
91.69,67.8,54.0,4.84
88.95,68.0,60.0,4.52
88.66,67.2,72.0,4.19
92.77,70.1,56.0,3.87
93.65,67.5,64.0,4.19
94.23,66.1,58.0,4.19
94.04,65.0,59.0,4.52
91.98,66.0,59.0,3.55
93.26,66.0,56.0,3.87
93.65,66.0,58.0,4.19
93.84,65.3,60.0,4.52
93.94,64.9,62.0,4.52
93.84,65.5,56.0,4.19
93.84,65.0,58.0,4.19
94.14,65.0,63.0,4.52
92.86,65.2,56.0,4.19
93.35,64.1,58.0,4.19
90.91,64.1,54.0,3.87
89.54,65.5,61.0,3.23
88.17,63.0,67.0,3.23
84.26,65.5,70.0,2.9
82.99,66.0,62.0,2.26
74.98,67.5,62.0,1.94
69.11,67.8,61.0,1.94
51.22,68.6,61.0,1.94
25.61,68.8,60.0,1.61
7.14,68.9,56.0,1.61
2.93,69.1,61.0,1.61
2.44,70.1,63.0,1.94
2.64,69.9,70.0,1.61
2.44,69.7,76.0,1.61
2.54,70.4,66.0,1.61
2.54,70.7,69.0,1.61
2.54,70.8,70.0,1.61
2.54,70.7,70.0,1.94
2.44,70.4,67.0,1.94
2.44,70.5,74.0,2.26
2.35,69.9,76.0,1.94
2.44,69.9,75.0,1.94
2.35,70.1,78.0,1.94
2.35,69.4,84.0,1.94
2.35,68.8,69.0,1.94
2.35,68.9,69.0,1.94
2.35,69.1,74.0,2.26
2.25,67.4,71.0,2.26
2.25,69.4,72.0,1.61
2.25,69.4,63.0,1.94
2.25,69.4,70.0,1.94
2.25,68.5,72.0,1.94
2.25,68.0,72.0,2.26
2.25,67.8,67.0,2.26
2.35,69.1,74.0,1.94
3.81,70.1,55.0,1.94
17.6,68.3,61.0,2.26
58.46,67.2,59.0,2.58
75.86,66.4,50.0,2.26
84.26,66.0,50.0,2.58
87.78,65.6,50.0,2.58
89.34,66.1,50.0,3.23
91.2,67.2,50.0,2.9
90.91,67.4,50.0,3.23
91.69,66.9,53.0,3.23
91.59,66.6,50.0,2.9
92.67,65.5,50.0,3.23
92.86,61.7,56.0,3.87
93.26,59.5,50.0,3.87
92.96,58.9,54.0,3.87
93.06,58.2,54.0,3.87
92.77,57.4,53.0,4.19
94.23,55.9,54.0,4.52
94.43,56.0,50.0,4.84
95.5,55.9,52.0,5.16
95.7,54.6,67.0,5.16
95.21,56.2,63.0,4.52
96.38,51.8,70.0,6.13
96.09,52.4,60.0,5.48
94.14,55.2,62.0,4.52
95.31,55.7,71.0,4.84
97.07,49.9,64.0,6.77
96.77,39.3,60.0,7.42
96.68,43.3,61.0,7.1
96.09,50.2,69.0,5.81
95.99,55.1,74.0,5.48
96.28,53.7,68.0,6.45
94.92,56.0,58.0,5.16
94.23,55.1,53.0,5.16
92.77,55.9,70.0,4.84
93.45,55.1,52.0,4.84
94.62,54.3,64.0,5.16
93.55,53.2,63.0,5.48
92.47,56.0,72.0,5.16
91.59,57.3,71.0,4.84
90.52,56.2,69.0,4.84
81.04,58.1,55.0,5.16
72.24,58.9,56.0,4.84
43.6,60.9,50.0,4.19
29.23,66.1,64.0,3.23
7.72,67.2,62.0,2.26
3.81,67.5,59.0,1.94
2.54,68.6,57.0,1.94
2.35,68.9,52.0,2.58
2.35,68.8,57.0,3.23
2.35,68.6,50.0,3.23
2.35,68.6,58.0,2.9
2.25,69.7,60.0,2.58
2.35,70.1,57.0,2.58
2.25,69.9,60.0,2.58
2.35,69.7,59.0,2.58
2.25,69.3,56.0,2.58
2.15,69.7,53.0,2.9
2.15,69.9,56.0,3.23
2.15,70.2,50.0,3.23
2.15,70.1,50.0,3.23
2.15,69.9,58.0,3.23
2.15,69.1,58.0,2.9
2.15,68.8,57.0,2.9
2.15,69.3,51.0,2.58
2.25,69.6,54.0,2.58
2.25,69.1,59.0,2.58
2.25,68.9,66.0,2.58
33.63,67.4,50.0,2.58
33.43,68.0,57.0,2.58
35.78,68.6,53.0,2.26
35.39,68.6,55.0,2.26
36.85,66.9,50.0,2.26
59.14,65.2,57.0,2.26
75.95,65.2,63.0,2.26
83.58,64.7,50.0,2.58
88.07,63.7,56.0,2.58
87.49,63.1,57.0,2.58
90.22,62.2,60.0,2.9
89.15,62.6,59.0,3.23
92.28,61.5,52.0,3.23
95.5,60.4,71.0,4.52
94.14,59.2,55.0,4.52
94.72,57.1,61.0,5.48
94.14,56.7,61.0,4.84
92.67,58.5,53.0,4.52
92.96,58.2,51.0,4.52
92.96,57.4,53.0,4.84
91.89,58.1,50.0,4.52
94.14,57.3,51.0,5.16
93.16,55.1,53.0,5.16
93.65,58.1,54.0,4.19
94.23,60.0,58.0,4.52
95.21,59.0,56.0,4.52
93.26,60.4,57.0,3.87
92.96,63.6,50.0,3.55
95.21,64.2,57.0,4.19
95.31,60.6,68.0,5.16
95.99,57.4,63.0,5.48
96.68,51.9,71.0,9.35
95.8,53.2,77.0,7.1
93.65,60.1,77.0,4.84
94.62,60.0,68.0,5.16
93.35,59.0,81.0,4.84
94.82,58.9,100.0,5.16
94.43,58.1,79.0,4.84
95.41,57.3,90.0,5.48
96.58,55.7,73.0,6.45
93.06,55.2,79.0,5.16
91.4,52.6,86.0,4.84
92.18,50.5,73.0,5.48
88.37,52.6,83.0,5.16
82.01,54.0,72.0,4.52
75.27,54.0,79.0,4.52
51.81,53.2,83.0,4.52
35.68,53.7,88.0,4.52
8.99,61.7,69.0,2.58
3.13,55.9,90.0,3.87
2.44,54.8,88.0,4.19
2.35,55.7,82.0,4.19
2.35,55.7,92.0,3.87
2.35,52.4,80.0,3.87
2.35,51.6,78.0,3.87
2.44,51.6,70.0,3.87
2.35,54.0,73.0,2.9
2.54,54.3,64.0,3.55
2.54,53.8,82.0,3.55
2.64,53.7,93.0,3.23
2.64,47.3,81.0,3.23
2.74,49.2,81.0,2.9
2.74,49.9,73.0,2.9
2.84,50.8,84.0,2.58
2.84,51.6,81.0,2.58
2.93,51.3,80.0,2.58
2.93,51.9,81.0,2.58
3.03,52.4,94.0,2.58
3.03,49.9,81.0,2.58
3.03,48.5,83.0,2.26
3.13,52.6,76.0,2.26
3.13,51.1,79.0,2.26
34.9,53.0,77.0,2.58
35.97,52.1,78.0,2.58
37.93,48.9,98.0,2.26
36.76,50.2,84.0,2.26
62.56,49.2,100.0,2.26
85.24,48.5,80.0,2.26
88.46,48.1,74.0,2.26
92.28,47.2,77.0,2.26
96.68,45.9,100.0,2.9
95.02,45.9,60.0,2.9
97.56,43.4,67.0,3.55
97.65,43.1,100.0,3.87
95.89,49.1,66.0,2.9
96.58,45.3,90.0,3.55
97.85,41.4,57.0,4.52
98.14,41.2,66.0,4.84
98.04,36.0,63.0,7.42
97.95,33.9,100.0,6.45
95.89,36.2,61.0,5.16
97.95,32.1,83.0,7.74
97.85,35.1,98.0,5.81
95.7,34.4,66.0,5.48
96.28,36.9,61.0,7.1
97.75,33.0,80.0,8.39
97.56,31.7,81.0,6.13
97.85,30.6,66.0,7.42
97.85,33.6,93.0,7.74
95.89,33.8,95.0,4.84
96.28,31.6,84.0,5.48
95.8,33.6,68.0,4.84
97.36,28.0,62.0,9.68
97.46,25.3,58.0,10.0
96.97,26.4,63.0,9.35
97.07,23.5,61.0,6.13
96.87,25.6,62.0,8.39
95.41,30.8,57.0,5.48
96.48,30.8,62.0,7.42
94.33,27.5,50.0,10.65
97.65,27.0,50.0,10.0
93.84,30.0,55.0,5.48
97.26,30.6,57.0,9.35
94.04,30.8,70.0,7.74
94.14,29.5,66.0,8.71
91.89,30.2,50.0,7.42
89.05,33.0,51.0,3.55
86.12,34.4,50.0,2.9
78.69,34.4,62.0,2.58
55.42,34.7,50.0,1.94
15.64,35.8,50.0,1.94
4.79,36.2,50.0,1.61
3.91,40.7,50.0,1.61
3.81,43.3,58.0,1.29
3.81,45.1,50.0,1.29
3.81,45.8,57.0,0.97
3.81,46.4,50.0,0.97
3.81,45.5,50.0,0.97
3.81,45.5,50.0,0.97
3.81,45.3,61.0,0.97
3.81,45.9,61.0,0.32
3.81,47.2,54.0,-0.65
3.81,48.5,50.0,-0.32
3.81,48.5,61.0,-0.32
3.81,47.7,50.0,0.0
3.81,46.6,50.0,0.32
3.81,45.8,56.0,0.32
3.91,46.6,50.0,0.65
3.81,47.3,50.0,0.32
3.81,47.5,50.0,0.0
3.81,47.7,50.0,0.32
3.81,46.7,50.0,0.97
3.81,48.6,50.0,1.29
35.97,46.7,50.0,1.29
37.73,46.2,55.0,1.61
37.34,44.8,50.0,1.61
28.15,42.6,50.0,1.61
62.56,41.7,50.0,1.29
79.28,41.4,57.0,1.29
95.02,42.5,56.0,1.61
96.97,37.7,58.0,2.9
97.46,31.3,57.0,4.52
97.65,31.0,55.0,4.84
97.95,28.4,63.0,7.1
97.65,26.5,60.0,10.0
96.48,26.1,59.0,10.0
96.68,29.4,53.0,6.77
96.87,26.9,50.0,9.68
96.58,28.4,53.0,8.39
95.5,28.6,60.0,6.77
97.95,23.1,54.0,11.94
97.85,26.2,62.0,9.68
97.85,28.3,62.0,8.71
97.85,28.9,61.0,8.71
97.85,28.9,63.0,9.68
97.85,27.3,63.0,10.32
97.65,24.8,64.0,10.32
97.75,26.5,66.0,9.03
97.56,29.4,65.0,6.77
97.56,30.2,66.0,9.35
97.65,28.4,63.0,9.35
97.65,32.2,67.0,9.35
97.56,28.9,63.0,9.68
97.07,31.0,68.0,10.0
95.8,32.7,58.0,7.1
96.09,35.7,54.0,6.45
97.16,34.1,55.0,9.35
94.82,35.4,58.0,6.45
95.21,37.7,51.0,6.13
96.58,39.0,66.0,6.77
96.77,35.2,59.0,12.9
95.99,36.0,53.0,10.97
93.16,39.0,50.0,8.06
93.84,42.0,62.0,7.74
94.33,37.6,61.0,10.97
90.52,40.3,65.0,7.42
88.95,42.5,50.0,7.1
85.83,43.7,60.0,6.77
77.91,44.7,52.0,6.45
65.98,43.3,71.0,6.13
51.91,42.6,53.0,5.81
24.83,42.9,62.0,5.48
6.45,43.1,56.0,5.16
3.91,44.7,59.0,4.52
3.81,46.2,50.0,3.87
3.72,47.5,50.0,3.55
3.72,48.1,56.0,3.23
3.81,48.9,50.0,3.23
3.72,50.2,50.0,2.9
3.72,50.8,50.0,2.58
3.72,51.3,58.0,2.58
3.81,51.8,50.0,2.26
3.81,52.4,50.0,1.94
3.81,52.9,50.0,1.61
3.81,52.7,50.0,1.94
3.81,52.9,50.0,1.61
3.81,52.9,50.0,1.94
3.81,53.2,61.0,1.61
3.81,53.2,50.0,1.61
3.81,53.2,50.0,1.61
3.81,53.7,55.0,1.61
3.81,54.8,50.0,1.29
3.81,55.2,55.0,1.29
3.81,56.5,50.0,0.97
15.44,56.2,50.0,0.97
38.51,55.4,50.0,0.97
37.15,55.9,50.0,0.97
25.02,57.1,50.0,0.65
64.12,58.1,57.0,0.32
89.05,57.4,51.0,0.32
94.82,54.0,61.0,0.97
96.48,49.6,59.0,1.61
94.23,52.9,64.0,1.94
95.8,51.3,67.0,2.9
95.11,50.2,62.0,3.55
94.23,49.1,59.0,3.87
93.55,47.8,67.0,3.87
93.94,48.0,68.0,3.87
93.94,47.8,61.0,4.19
94.53,46.1,60.0,4.84
93.94,44.4,65.0,4.84
94.33,43.1,72.0,5.16
94.23,44.4,69.0,5.16
95.11,44.7,70.0,5.16
94.82,44.4,71.0,5.48
95.6,42.9,65.0,6.13
95.6,42.8,67.0,6.45
94.72,44.0,64.0,6.13
96.87,41.8,83.0,7.42
96.58,41.2,63.0,7.74
95.41,41.8,66.0,7.42
95.89,39.5,76.0,7.74
96.77,38.0,76.0,8.39
96.68,39.9,72.0,8.71
96.28,41.8,61.0,9.03
96.48,42.0,78.0,9.35
96.77,42.5,80.0,9.35
96.87,42.0,64.0,10.97
96.38,42.1,74.0,10.65
96.09,46.6,79.0,9.03
96.09,47.0,71.0,10.0
96.58,47.3,59.0,10.97
95.8,47.8,70.0,10.65
96.19,48.6,77.0,10.0
93.74,48.9,64.0,10.32
93.06,51.8,66.0,8.71
91.59,52.9,63.0,8.71
91.69,54.0,71.0,8.39
89.25,53.7,64.0,9.68
87.1,54.8,62.0,8.06
78.98,56.0,66.0,8.06
61.88,58.1,55.0,7.74
41.15,60.1,68.0,7.42
9.97,61.2,51.0,7.42
4.2,63.0,74.0,7.1
3.81,64.2,50.0,7.1
3.81,65.2,70.0,7.1
3.81,66.6,58.0,7.1
3.81,66.9,56.0,7.1
3.81,67.2,61.0,7.1
3.72,67.2,66.0,7.1
3.72,67.5,56.0,7.42
3.62,67.5,66.0,7.42
3.72,67.7,63.0,7.42
3.62,68.2,62.0,7.42
3.52,68.6,62.0,7.74
3.62,68.8,67.0,7.74
3.72,68.9,50.0,7.74
3.62,69.9,50.0,7.42
3.52,71.3,50.0,7.1
3.62,71.2,61.0,7.42
3.72,70.4,71.0,7.74
3.72,70.1,58.0,7.74
3.62,69.7,53.0,7.42
3.72,69.7,50.0,7.74
3.42,71.0,66.0,7.42
35.19,68.9,61.0,8.06
35.78,66.9,60.0,8.06
36.95,65.8,52.0,8.06
27.76,66.7,58.0,8.06
45.55,67.4,64.0,8.06
71.06,68.2,59.0,8.06
79.67,70.4,66.0,7.74
89.74,71.5,62.0,7.74
94.04,69.6,66.0,8.39
92.47,67.8,66.0,8.39
95.41,67.7,64.0,8.39
90.42,68.0,61.0,8.71
90.71,67.4,67.0,8.71
93.45,65.0,63.0,9.35
94.14,65.0,67.0,9.35
93.45,63.3,64.0,9.68
93.94,63.4,59.0,9.68
95.31,60.4,66.0,10.32
94.53,57.6,63.0,10.65
95.11,59.2,74.0,10.32
96.19,58.4,63.0,10.65
95.5,56.8,66.0,11.61
95.31,58.2,59.0,10.65
95.89,58.4,70.0,10.97
95.7,58.7,65.0,10.65
95.41,59.5,63.0,10.65
93.65,66.0,76.0,8.71
94.82,66.4,68.0,9.03
94.04,63.9,61.0,9.35
93.45,62.0,66.0,9.68
93.35,59.8,64.0,9.68
94.43,60.0,73.0,9.35
93.84,61.7,61.0,8.71
90.22,65.0,71.0,7.74
90.52,64.7,69.0,7.1
94.53,65.6,62.0,7.1
88.17,63.7,61.0,7.1
92.08,64.2,70.0,7.1
92.38,59.8,61.0,7.42
91.89,57.9,79.0,7.42
91.4,56.8,62.0,7.42
88.27,55.2,64.0,7.42
90.62,54.6,66.0,8.06
87.29,53.3,68.0,6.13
82.01,55.2,66.0,5.16
69.8,54.8,70.0,5.48
37.34,50.0,70.0,5.48
7.72,51.1,66.0,5.16
3.23,50.2,65.0,4.52
2.93,48.3,79.0,4.19
3.03,47.8,72.0,4.19
3.13,47.7,71.0,3.87
3.13,49.9,75.0,3.87
3.23,50.5,72.0,3.55
3.32,51.1,61.0,3.55
3.32,51.3,72.0,3.55
3.32,52.6,64.0,3.23
3.32,52.6,90.0,3.23
3.42,53.5,61.0,2.9
3.42,54.0,63.0,2.9
3.42,53.2,57.0,2.9
3.42,53.3,59.0,2.9
3.52,55.2,68.0,2.58
3.52,54.9,65.0,2.58
3.52,56.0,67.0,2.58
3.52,54.3,56.0,2.9
3.52,54.3,66.0,2.9
3.52,53.7,57.0,2.9
3.52,52.4,60.0,2.9
3.52,52.6,68.0,2.9
3.72,52.1,55.0,3.55
5.67,52.1,67.0,3.55
31.28,53.8,79.0,3.23
66.28,54.8,64.0,3.23
83.28,54.6,63.0,3.55
93.94,52.1,61.0,3.87
96.97,47.5,56.0,4.84
96.68,48.6,60.0,4.84
97.85,45.1,63.0,5.81
96.48,44.4,62.0,6.45
97.65,47.0,64.0,6.45
97.65,43.3,59.0,8.39
98.14,39.8,71.0,10.0
96.58,42.6,67.0,9.03
96.68,40.7,76.0,9.68
97.95,39.3,66.0,11.61
97.46,39.3,66.0,11.29
96.97,43.7,69.0,9.03
97.26,41.2,67.0,10.65
96.87,38.7,69.0,12.26
96.58,40.4,67.0,10.65
95.89,40.4,67.0,10.65
96.28,45.0,64.0,9.03
96.19,43.7,76.0,10.0
96.68,39.6,50.0,11.29
97.75,40.7,63.0,13.23
96.09,42.6,54.0,11.94
98.04,39.0,67.0,13.23
97.56,35.4,65.0,13.87
97.26,34.1,65.0,13.55
97.26,31.0,74.0,13.87
97.36,29.5,67.0,16.13
97.26,28.7,74.0,16.77
95.21,30.2,67.0,14.84
97.07,28.4,64.0,17.1
96.77,26.2,50.0,16.77
96.87,26.4,65.0,15.81
97.46,25.4,65.0,15.16
97.65,25.7,54.0,15.16
97.65,30.5,63.0,14.84
97.16,29.2,64.0,13.55
91.1,31.1,63.0,9.35
93.45,34.3,50.0,11.29
92.28,35.5,54.0,11.94
90.32,39.5,64.0,8.71
89.25,42.3,66.0,8.39
81.82,47.0,53.0,7.1
63.05,48.8,60.0,6.45
22.97,50.2,64.0,5.81
5.86,51.9,60.0,5.48
4.3,54.3,66.0,4.84
4.11,54.9,52.0,4.52
4.11,55.4,50.0,4.52
4.11,55.9,60.0,4.19
4.11,57.4,62.0,3.87
4.11,58.2,61.0,3.87
4.11,59.8,50.0,3.55
4.11,60.3,50.0,3.55
4.01,61.5,63.0,3.23
4.01,62.0,65.0,3.23
4.01,62.5,53.0,3.23
4.01,62.3,60.0,2.9
4.01,62.8,50.0,2.9
4.01,63.1,53.0,2.9
4.01,63.3,61.0,2.9
4.01,63.4,60.0,2.58
4.01,63.6,57.0,2.9
3.91,63.1,61.0,2.9
3.91,63.6,50.0,2.9
3.91,62.6,64.0,2.9
3.91,62.5,50.0,2.58
4.2,62.8,64.0,2.58
5.96,60.0,60.0,3.23
26.1,59.2,62.0,3.55
63.83,59.8,57.0,3.23
87.0,59.5,50.0,3.23
94.82,56.2,67.0,3.55
95.8,50.7,61.0,3.87
97.26,46.2,62.0,3.87
97.75,41.8,50.0,4.84
97.85,39.6,64.0,6.13
97.95,37.3,64.0,6.77
98.04,36.8,78.0,8.06
98.04,34.9,66.0,8.39
98.14,33.3,68.0,9.35
98.04,31.9,100.0,9.35
98.14,33.3,64.0,9.35
98.14,30.5,61.0,12.26
98.14,31.6,65.0,10.97
95.99,34.4,53.0,7.1
97.95,30.8,67.0,10.65
97.56,28.1,69.0,10.0
97.85,28.7,67.0,12.58
97.95,28.0,61.0,10.97
96.97,26.7,61.0,10.97
97.26,27.0,65.0,11.94
96.28,26.1,67.0,10.65
97.65,29.2,62.0,9.68
97.75,26.2,80.0,11.94
97.65,22.9,67.0,12.9
97.75,25.4,65.0,12.26
95.6,26.1,76.0,10.97
97.36,30.5,63.0,10.65
95.21,30.3,63.0,9.68
97.26,29.4,50.0,10.0
95.6,28.9,61.0,9.35
96.77,26.4,72.0,10.32
96.87,27.8,64.0,9.68
97.46,29.1,64.0,11.94
93.65,29.8,64.0,8.06
94.14,33.8,72.0,7.74
96.77,33.0,68.0,9.68
95.41,34.7,57.0,8.71
94.23,36.3,50.0,7.74
93.26,38.4,57.0,7.1
91.5,39.6,67.0,6.13
88.46,42.5,63.0,5.48
84.65,44.2,60.0,5.48
71.06,45.6,58.0,4.84
41.84,46.4,63.0,4.52
10.95,47.5,50.0,4.19
4.69,47.7,50.0,3.87
4.3,49.2,53.0,3.87
4.2,49.7,57.0,3.87
4.3,50.3,50.0,3.87
4.2,51.3,56.0,3.87
4.2,51.6,50.0,3.87
4.2,54.8,62.0,3.55
4.01,57.1,50.0,3.55
2.84,61.1,60.0,2.9
2.74,65.2,69.0,2.9
2.84,66.6,61.0,3.23
2.84,67.5,63.0,3.23
2.84,68.2,50.0,3.23
2.84,69.7,50.0,3.23
2.84,70.2,50.0,3.55
2.74,69.9,50.0,3.55
2.74,69.9,63.0,3.55
2.74,68.9,50.0,3.55
2.74,69.4,50.0,3.55
2.64,68.9,50.0,3.87
2.64,66.3,62.0,3.87
31.96,66.0,50.0,3.87
35.19,65.5,59.0,3.87
37.63,66.1,50.0,3.87
41.45,66.4,63.0,3.87
44.38,67.5,59.0,3.87
56.3,69.3,62.0,3.87
68.92,69.9,62.0,3.87
75.56,69.9,64.0,4.19
79.86,70.8,63.0,4.19
83.77,71.2,62.0,4.84
84.36,71.0,63.0,5.16
88.17,69.4,69.0,5.81
88.86,69.1,71.0,6.45
94.92,67.8,70.0,7.1
91.3,69.3,64.0,6.45
94.14,71.0,73.0,6.77
92.47,68.5,70.0,7.1
92.77,67.4,74.0,7.1
93.26,66.7,68.0,6.77
93.84,68.2,69.0,6.77
95.7,69.6,64.0,6.77
93.45,68.9,68.0,6.77
96.19,69.3,70.0,6.13
95.11,65.6,66.0,7.1
97.56,59.0,71.0,11.29
93.94,56.8,68.0,7.42
95.31,49.6,75.0,9.68
97.85,46.6,64.0,12.58
95.89,46.2,69.0,9.35
95.99,45.9,67.0,8.71
96.19,39.5,69.0,9.03
96.38,37.7,70.0,8.71
96.97,39.9,66.0,9.03
96.97,30.6,72.0,11.29
96.77,28.4,76.0,10.65
96.58,26.1,72.0,10.65
95.99,29.5,62.0,10.32
96.68,29.5,69.0,9.68
97.36,31.1,76.0,9.03
97.56,32.5,73.0,9.03
97.46,33.0,61.0,8.71
96.97,33.2,69.0,8.71
95.31,31.6,60.0,9.03
93.55,34.7,91.0,7.1
92.18,35.5,70.0,7.1
90.32,35.5,85.0,5.48
89.93,36.9,63.0,4.84
82.5,39.3,53.0,3.87
65.98,39.3,69.0,3.55
28.94,38.8,64.0,3.23
7.04,40.7,66.0,2.58
4.2,42.1,62.0,2.58
4.11,44.0,50.0,2.26
4.11,45.1,55.0,2.26
4.11,45.3,50.0,1.94
4.01,45.3,50.0,1.94
4.11,45.8,58.0,1.94
4.11,45.9,53.0,1.61
4.01,46.6,50.0,1.61
4.11,47.0,50.0,1.29
4.11,48.0,64.0,1.29
4.11,48.6,65.0,0.97
4.11,49.2,61.0,0.97
4.11,49.6,59.0,0.97
4.11,50.0,59.0,0.97
4.11,50.8,53.0,0.65
4.11,51.3,56.0,0.65
4.11,52.6,50.0,0.32
4.11,52.6,51.0,0.32
4.11,52.7,62.0,0.32
4.11,52.9,50.0,0.32
4.2,52.7,52.0,0.32
36.17,53.2,56.0,0.32
38.12,53.0,50.0,0.32
40.47,54.0,57.0,0.0
72.34,54.3,55.0,0.0
92.38,52.4,64.0,0.32
95.5,48.0,61.0,0.97
96.87,43.9,59.0,1.29
97.56,40.9,61.0,1.94
97.75,39.5,63.0,2.58
97.85,37.3,62.0,4.19
97.95,34.4,63.0,5.48
97.95,32.8,70.0,7.1
98.04,31.9,60.0,8.39
97.95,31.0,66.0,8.06
98.04,29.7,64.0,9.35
98.04,31.1,64.0,10.0
96.28,31.3,66.0,9.35
97.95,33.3,69.0,9.68
97.85,31.0,68.0,10.32
96.48,32.7,62.0,8.06
95.11,35.5,66.0,7.1
93.45,57.4,77.0,2.58
97.56,48.0,61.0,7.74
97.26,54.6,66.0,4.84
95.99,43.3,63.0,8.39
97.85,38.4,71.0,9.35
93.06,41.4,70.0,6.13
95.21,52.6,69.0,3.55
91.98,50.5,66.0,4.84
94.62,56.0,64.0,3.55
88.56,58.5,64.0,2.58
91.1,63.9,71.0,2.9
93.94,64.2,70.0,2.26
95.7,61.9,71.0,5.16
95.5,61.7,51.0,5.81
96.68,58.4,61.0,7.74
92.96,54.6,68.0,5.48
82.7,61.7,62.0,2.58
93.84,64.9,72.0,3.23
92.57,62.2,60.0,3.55
93.65,60.3,51.0,5.81
92.08,60.9,59.0,4.52
89.34,60.9,50.0,4.52
88.17,62.0,54.0,3.23
83.68,62.2,63.0,3.23
67.35,63.7,56.0,2.58
42.82,63.4,51.0,2.58
12.22,64.1,53.0,1.94
3.52,63.7,53.0,1.94
2.74,63.4,53.0,1.61
2.64,62.6,58.0,1.29
2.64,63.7,53.0,1.29
2.64,63.0,50.0,0.97
2.74,63.6,62.0,0.97
2.74,62.8,52.0,0.65
2.74,62.6,50.0,0.97
2.74,63.0,50.0,0.65
2.74,63.9,50.0,0.65
2.74,64.4,51.0,0.65
2.74,64.9,53.0,0.32
2.84,65.0,50.0,0.32
2.84,65.5,50.0,-0.32
2.84,65.6,50.0,-0.32
2.84,66.4,55.0,0.0
2.84,66.6,66.0,-0.32
2.84,66.7,58.0,-0.65
2.84,67.1,50.0,-0.32
2.84,66.6,55.0,0.32
2.84,65.8,50.0,0.0
34.21,65.2,59.0,0.0
35.68,66.1,53.0,-0.65
24.63,66.4,50.0,-0.65
61.88,66.6,58.0,-0.65
81.62,66.9,61.0,-0.32
94.92,60.8,61.0,0.97
96.58,53.5,69.0,1.61
97.26,48.5,61.0,2.26
97.65,46.1,61.0,2.58
97.95,45.3,57.0,4.19
98.14,39.8,62.0,6.45
97.85,39.6,55.0,8.39
97.85,37.9,60.0,10.0
97.95,36.0,57.0,12.58
97.95,33.8,50.0,14.19
96.58,34.1,50.0,14.52
96.19,36.3,61.0,10.0
97.95,36.3,53.0,11.29
97.95,33.9,53.0,16.13
95.31,37.1,60.0,9.03
95.5,39.2,53.0,8.71
97.16,37.1,61.0,11.29
93.16,48.0,50.0,5.48
94.14,46.7,56.0,5.81
95.21,42.8,50.0,7.42
95.8,46.6,64.0,7.42
95.8,48.0,62.0,7.1
95.8,46.6,61.0,7.42
96.19,42.5,69.0,9.03
97.07,42.0,58.0,8.71
97.36,42.9,67.0,10.0
95.21,45.9,56.0,6.77
97.07,45.5,65.0,10.97
96.19,48.6,83.0,8.39
96.28,49.7,63.0,8.06
93.45,48.8,50.0,6.13
83.48,58.7,57.0,3.23
86.8,63.0,60.0,2.26
90.62,60.3,60.0,3.23
95.8,61.4,66.0,4.52
95.11,57.0,55.0,6.13
92.77,58.1,55.0,4.19
91.4,57.6,52.0,3.87
90.81,59.6,56.0,3.55
89.05,59.5,50.0,3.87
81.33,60.3,50.0,3.55
59.04,60.4,60.0,3.55
74.0,61.7,51.0,2.26
62.56,64.2,50.0,2.58
26.2,64.1,53.0,2.26
6.16,63.4,53.0,2.26
2.84,63.6,54.0,2.26
2.54,62.5,54.0,2.26
2.44,60.9,50.0,2.26
2.44,61.1,50.0,1.61
2.44,63.4,54.0,1.61
2.44,64.4,53.0,1.29
2.44,64.9,50.0,0.97
2.44,65.5,51.0,0.97
2.44,65.0,50.0,0.97
2.44,65.6,51.0,0.32
2.44,66.0,50.0,0.65
2.44,65.3,50.0,0.65
2.44,64.7,54.0,0.32
2.44,64.9,57.0,0.32
2.44,64.9,50.0,0.0
2.44,65.8,51.0,0.0
2.54,66.0,53.0,0.0
2.44,65.8,51.0,0.0
2.54,66.0,51.0,0.0
2.54,66.0,57.0,-0.65
2.74,66.7,56.0,-0.32
34.9,65.8,59.0,-0.65
14.27,65.3,60.0,-0.65
49.17,65.0,58.0,-0.65
77.81,65.2,61.0,-0.65
92.57,62.2,61.0,0.0
95.89,57.0,62.0,0.32
97.07,52.1,58.0,0.97
97.46,47.8,62.0,1.29
97.65,44.8,53.0,2.58
97.85,42.8,65.0,3.55
97.95,43.1,63.0,4.84
97.85,41.7,62.0,6.45
97.95,42.6,61.0,6.77
97.95,39.3,59.0,9.68
97.85,39.9,53.0,10.32
96.38,42.0,57.0,7.42
96.68,44.2,53.0,8.06
96.77,41.7,61.0,8.39
97.95,40.9,57.0,10.65
95.31,37.3,67.0,9.35
96.87,31.7,60.0,12.9
95.99,39.2,66.0,8.06
97.16,39.3,50.0,10.0
97.46,40.3,53.0,10.32
96.28,39.8,59.0,9.03
94.82,44.7,63.0,7.42
97.85,44.5,67.0,10.32
97.56,43.3,61.0,9.35
97.36,44.2,61.0,10.0
96.48,37.7,62.0,12.58
96.48,40.1,66.0,10.0
95.21,46.9,68.0,7.42
97.36,45.3,55.0,10.97
92.77,55.9,65.0,6.13
92.57,53.8,62.0,6.13
88.07,58.1,55.0,5.81
93.84,57.8,62.0,6.13
92.96,56.3,53.0,7.1
87.39,58.7,63.0,5.48
89.34,62.5,54.0,5.48
92.28,61.5,55.0,6.45
92.18,59.6,57.0,7.1
88.95,57.8,58.0,6.13
92.38,56.0,50.0,7.42
87.29,57.4,50.0,6.13
76.05,59.6,53.0,6.13
77.71,59.6,50.0,6.13
57.38,57.8,50.0,5.81
28.15,58.5,50.0,5.81
7.62,62.5,62.0,4.84
3.13,66.0,61.0,4.52
2.64,66.6,60.0,4.52
2.64,68.0,51.0,4.52
2.64,68.8,50.0,4.52
2.64,69.9,54.0,4.84
2.64,68.9,69.0,5.16
2.54,69.3,62.0,5.16
2.64,68.9,50.0,5.16
2.64,68.6,58.0,5.16
2.64,68.8,55.0,5.16
2.64,69.4,50.0,5.16
2.64,69.3,59.0,5.16
2.64,69.1,50.0,5.48
2.44,69.4,50.0,5.16
2.54,69.1,50.0,5.16
2.54,69.3,52.0,5.16
2.44,68.9,50.0,4.84
2.44,69.6,50.0,4.84
2.44,70.4,50.0,5.16
2.54,69.6,50.0,5.16
2.54,69.3,50.0,4.84
33.82,69.9,51.0,5.16
34.9,69.9,56.0,5.16
40.66,69.4,63.0,5.16
43.5,69.7,61.0,4.84
62.07,69.7,59.0,5.16
78.2,69.6,60.0,5.16
87.29,69.3,62.0,5.48
87.78,68.3,59.0,5.16
87.88,69.7,61.0,5.16
90.52,69.7,63.0,4.84
95.89,67.4,60.0,5.81
97.85,56.3,60.0,8.06
95.99,57.3,63.0,8.39
95.89,59.2,59.0,7.74
95.02,57.9,60.0,7.74
97.46,50.3,62.0,9.03
97.65,49.4,64.0,10.0
95.21,47.2,64.0,8.71
97.85,41.8,72.0,12.58
97.95,42.6,66.0,12.58
97.16,42.9,51.0,11.61
95.41,45.9,64.0,9.35
93.94,49.6,50.0,8.71
95.31,48.5,60.0,9.03
96.77,46.1,61.0,10.97
97.65,42.0,57.0,13.23
93.16,46.2,56.0,8.06
92.38,50.2,61.0,7.42
95.89,54.8,56.0,7.1
92.77,50.7,55.0,7.74
94.14,54.0,70.0,7.74
96.38,52.1,50.0,9.03
95.99,49.2,54.0,9.35
95.11,50.3,66.0,8.39
95.21,57.4,67.0,7.42
95.11,57.4,64.0,7.74
95.99,54.4,63.0,8.39
92.18,56.7,60.0,7.74
91.01,56.3,69.0,7.42
92.18,57.9,63.0,5.81
92.18,56.5,62.0,7.1
86.8,56.0,50.0,6.77
83.48,61.1,50.0,6.45
70.67,63.0,50.0,6.13
63.64,63.9,66.0,5.48
84.56,63.9,54.0,5.16
73.22,65.0,50.0,4.84
64.32,64.1,51.0,4.84
56.7,62.6,51.0,4.52
21.41,61.5,50.0,4.52
3.72,60.6,50.0,4.84
2.74,62.8,50.0,4.19
2.54,63.6,54.0,4.19
2.54,63.1,53.0,4.52
2.54,63.6,60.0,4.52
2.54,66.4,54.0,4.19
2.54,66.9,53.0,3.87
2.44,66.9,55.0,4.19
2.44,67.5,50.0,4.19
2.44,66.4,78.0,4.52
2.44,63.0,50.0,4.52
2.44,62.6,51.0,4.52
2.35,61.7,50.0,4.52
2.44,62.5,51.0,4.52
2.44,60.9,54.0,4.19
2.44,66.4,53.0,3.23
2.64,67.8,56.0,2.9
2.64,69.3,56.0,3.23
2.64,68.8,59.0,3.23
2.64,69.1,58.0,3.23
2.54,69.1,57.0,3.23
2.64,68.9,55.0,3.55
2.74,69.1,55.0,3.55
4.79,68.0,58.0,3.55
20.43,68.6,52.0,3.55
42.52,68.9,63.0,3.55
65.4,69.1,60.0,2.9
70.28,70.1,61.0,3.23
71.65,69.7,73.0,2.9
81.13,71.2,66.0,3.55
88.27,70.5,76.0,3.23
83.38,69.4,78.0,3.23
84.65,70.4,62.0,3.23
86.22,70.7,60.0,3.55
84.56,68.8,83.0,3.87
89.05,68.9,92.0,3.87
87.29,66.9,95.0,3.87
91.2,66.0,82.0,4.19
93.45,66.6,91.0,4.19
94.62,63.4,99.0,4.84
95.31,62.6,88.0,4.84
93.74,60.8,75.0,5.16
96.28,58.7,91.0,6.13
94.04,60.8,72.0,5.16
94.92,60.0,82.0,5.48
95.89,58.2,97.0,5.81
96.38,55.2,74.0,6.77
96.48,55.5,65.0,7.42
95.6,54.8,70.0,8.06
96.87,56.0,65.0,8.06
95.8,57.1,72.0,6.77
95.6,57.6,81.0,6.77
95.7,56.7,70.0,6.77
96.19,54.1,66.0,7.42
96.77,50.3,50.0,10.65
97.07,53.3,50.0,10.65
96.97,51.6,63.0,10.97
97.07,52.1,58.0,11.94
97.07,53.2,56.0,11.61
97.36,54.3,53.0,12.26
97.56,54.6,50.0,12.9
97.46,54.8,50.0,11.94
97.16,53.8,50.0,11.94
95.5,54.3,50.0,10.97
93.06,53.8,50.0,10.32
92.96,56.3,50.0,9.68
91.69,54.0,50.0,10.65
89.25,57.1,50.0,7.1
87.1,57.0,50.0,6.77
79.76,57.6,50.0,6.45
60.7,54.9,50.0,6.45
23.66,57.6,50.0,6.13
5.96,58.7,50.0,4.84
3.81,59.6,50.0,5.81
3.62,59.2,50.0,5.48
3.62,59.8,50.0,5.16
3.62,60.0,50.0,4.19
3.52,61.7,50.0,4.52
3.52,62.5,50.0,4.19
3.52,64.7,59.0,4.52
3.52,65.6,50.0,4.19
3.52,68.3,58.0,4.84
3.42,68.0,64.0,5.16
3.42,66.3,71.0,5.48
3.42,63.7,68.0,5.16
3.42,65.3,50.0,5.16
3.52,64.9,61.0,5.16
3.52,65.3,59.0,4.84
3.52,65.8,50.0,4.84
3.52,66.0,50.0,4.84
3.62,65.3,50.0,5.16
3.91,64.9,51.0,4.84
9.68,64.4,50.0,4.52
43.79,65.2,50.0,4.52
71.06,65.6,53.0,4.19
85.73,65.6,53.0,4.19
91.01,65.3,51.0,4.19
96.48,60.3,50.0,4.84
96.97,62.6,50.0,4.52
97.65,51.0,50.0,6.13
97.75,51.6,56.0,6.77
97.85,51.8,50.0,7.42
97.95,50.2,53.0,8.06
97.95,48.3,60.0,9.03
97.85,48.3,85.0,8.71
98.04,48.0,64.0,9.35
98.14,51.6,74.0,8.71
97.95,54.0,74.0,8.06
97.75,51.1,61.0,9.35
97.95,48.3,70.0,10.0
97.85,48.8,74.0,10.0
97.85,48.8,72.0,10.65
97.75,47.8,76.0,10.65
97.75,47.0,78.0,10.32
97.75,49.6,70.0,10.0
97.75,45.3,73.0,10.32
97.75,51.1,75.0,10.0
97.65,44.0,72.0,10.65
97.65,51.0,73.0,10.32
97.56,52.4,87.0,10.32
97.46,49.6,71.0,11.61
97.16,49.6,69.0,11.29
97.07,46.9,71.0,11.61
97.07,47.0,75.0,11.94
97.07,45.9,64.0,11.61
96.87,44.0,67.0,12.26
96.68,44.7,64.0,12.26
96.48,46.9,75.0,12.26
97.26,48.5,76.0,11.94
97.65,50.2,60.0,12.26
97.65,52.1,69.0,12.26
97.46,52.7,66.0,11.61
96.58,52.6,80.0,11.61
94.92,47.0,72.0,11.29
93.74,45.8,99.0,10.65
92.38,46.9,88.0,10.0
90.91,48.8,76.0,9.68
92.38,49.2,84.0,8.71
85.83,49.2,76.0,7.74
75.17,46.9,89.0,7.42
48.88,51.6,81.0,6.77
13.39,46.1,94.0,6.77
4.69,46.6,90.0,6.77
3.91,47.2,94.0,6.45
3.81,50.5,94.0,6.45
3.81,51.4,89.0,6.45
3.81,49.1,84.0,6.45
3.72,49.7,88.0,6.45
3.72,50.5,98.0,6.45
3.72,50.7,90.0,6.45
3.72,49.6,93.0,6.45
3.72,50.3,92.0,6.45
3.72,50.0,92.0,6.45
3.72,49.7,90.0,6.13
3.72,50.7,93.0,6.13
3.72,51.6,89.0,6.13
3.72,52.6,91.0,6.13
3.72,52.7,100.0,6.13
3.72,54.3,100.0,6.13
3.72,55.2,93.0,5.81
3.72,56.0,86.0,5.81
3.81,57.3,92.0,5.81
4.5,58.2,93.0,5.81
38.61,58.4,88.0,5.81
38.22,59.0,92.0,5.81
71.26,59.3,88.0,5.81
90.52,58.4,95.0,5.81
95.11,56.3,90.0,6.13
96.58,54.8,97.0,6.45
97.26,53.8,93.0,6.45
97.26,53.2,94.0,6.45
97.26,51.1,94.0,6.77
97.65,48.3,77.0,7.1
97.65,47.0,100.0,7.42
97.85,47.2,96.0,7.74
97.95,46.7,96.0,8.06
97.85,47.5,100.0,7.74
97.95,49.2,91.0,8.39
97.95,48.9,98.0,8.06
97.85,48.8,98.0,8.71
97.85,49.9,98.0,8.71
97.85,50.5,92.0,8.71
97.85,50.5,84.0,9.03
97.85,50.8,91.0,9.68
97.75,51.1,74.0,10.0
97.75,45.8,92.0,10.65
97.75,45.8,98.0,10.97
97.75,45.5,94.0,10.97
97.65,44.0,79.0,11.29
97.65,42.9,88.0,11.29
97.65,43.1,94.0,11.61
97.36,41.2,100.0,11.61
97.36,43.1,88.0,11.61
97.07,46.1,80.0,11.61
96.97,44.0,96.0,11.61
96.97,43.6,97.0,11.61
96.97,43.3,93.0,11.94
96.87,43.9,99.0,11.61
96.77,43.7,91.0,11.94
96.87,41.2,100.0,11.61
97.26,42.8,90.0,11.29
97.36,39.8,100.0,11.29
97.56,41.2,96.0,11.29
96.87,41.5,85.0,11.29
95.8,42.6,93.0,11.29
94.53,42.0,100.0,10.97
92.86,42.8,94.0,10.0
91.3,43.6,94.0,9.35
89.44,43.3,80.0,9.03
86.22,44.8,99.0,8.39
78.1,44.0,95.0,8.39
57.09,44.4,91.0,8.06
24.14,42.3,88.0,8.06
6.45,41.5,88.0,7.74
4.2,42.6,80.0,7.74
4.01,41.8,74.0,7.42
3.91,42.0,92.0,7.42
3.91,49.1,79.0,7.1
3.91,43.3,88.0,6.77
3.91,47.0,75.0,6.77
4.01,48.6,67.0,6.45
4.01,50.0,80.0,6.13
4.01,50.0,82.0,6.13
4.01,51.3,74.0,6.13
4.01,48.6,94.0,6.13
4.01,51.1,94.0,5.81
4.01,49.7,87.0,5.81
4.01,51.3,91.0,5.48
4.01,51.1,82.0,5.48
4.01,53.2,79.0,5.48
4.01,53.2,83.0,5.48
4.01,51.9,100.0,5.48
4.01,52.6,77.0,5.48
4.4,52.6,88.0,5.48
37.54,53.2,86.0,5.48
27.18,55.2,76.0,5.16
66.37,56.0,66.0,4.84
86.61,55.2,77.0,5.16
94.23,55.4,89.0,5.16
97.07,52.6,76.0,5.48
97.46,51.4,68.0,5.81
97.65,49.2,78.0,6.45
97.75,49.9,100.0,7.1
97.85,48.6,84.0,7.42
97.85,48.8,92.0,7.74
97.85,47.2,97.0,8.71
97.85,46.9,90.0,9.35
97.85,45.6,100.0,9.68
97.95,46.7,75.0,10.0
97.95,45.8,77.0,10.65
97.85,43.9,83.0,10.97
97.85,43.1,93.0,10.97
97.85,42.8,90.0,10.97
97.85,43.3,100.0,11.61
97.75,41.2,100.0,11.61
97.65,40.6,79.0,11.94
97.75,38.4,98.0,11.94
97.65,38.0,87.0,11.94
97.65,41.8,99.0,11.61
97.65,40.6,79.0,11.94
97.65,37.7,100.0,11.94
97.56,38.4,95.0,12.58
97.36,38.0,85.0,12.9
97.16,38.0,78.0,12.58
97.07,36.9,90.0,13.23
97.16,34.4,91.0,13.55
96.97,34.3,86.0,13.23
96.87,33.5,92.0,13.87
96.77,34.7,85.0,14.19
96.68,31.4,91.0,14.52
97.26,31.6,79.0,14.52
97.65,34.7,91.0,14.84
97.65,32.1,86.0,14.84
97.26,31.9,94.0,14.19
96.48,37.1,75.0,14.84
95.41,37.3,87.0,14.19
94.72,39.6,78.0,13.55
93.84,41.4,75.0,13.55
92.77,39.3,63.0,13.55
92.77,37.3,63.0,12.58
87.39,37.4,53.0,10.97
77.42,41.4,61.0,10.32
53.08,44.0,50.0,10.0
16.03,51.3,50.0,9.35
5.47,48.8,50.0,8.71
4.2,48.8,50.0,9.03
4.01,49.2,50.0,9.03
4.11,53.0,50.0,8.06
4.01,59.2,62.0,8.06
4.01,60.3,50.0,7.74
4.01,55.4,75.0,7.74
4.01,55.5,71.0,8.06
3.91,44.0,83.0,8.39
4.01,45.5,64.0,8.06
4.01,52.4,71.0,7.74
4.01,49.4,58.0,7.74
4.01,48.3,61.0,7.42
4.01,45.9,67.0,7.42
4.01,46.9,100.0,7.74
3.91,49.1,61.0,7.42
4.01,51.0,50.0,7.1
4.01,52.7,53.0,6.77
4.01,50.5,69.0,6.77
4.11,48.6,50.0,6.77
6.06,51.6,59.0,6.77
37.83,52.1,50.0,6.77
39.88,51.3,63.0,6.77
64.22,52.2,58.0,6.77
77.81,52.2,63.0,6.77
85.73,51.3,61.0,7.1
89.05,50.0,65.0,7.1
90.42,51.1,63.0,7.42
91.98,52.6,63.0,7.42
92.96,54.1,57.0,7.42
93.84,52.6,65.0,7.74
94.53,51.0,62.0,8.06
95.02,51.3,65.0,8.39
95.99,49.1,62.0,9.03
95.8,47.2,96.0,9.03
96.28,46.7,89.0,9.68
96.58,47.0,69.0,10.65
96.68,45.0,69.0,10.65
97.16,44.4,67.0,11.61
97.65,41.4,62.0,12.9
97.75,38.5,56.0,13.87
98.04,34.9,60.0,16.77
97.95,38.8,65.0,15.48
97.85,40.6,87.0,13.23
97.75,39.6,78.0,14.52
97.75,39.5,74.0,13.23
97.65,39.2,88.0,13.23
97.65,37.3,91.0,13.55
97.65,39.0,77.0,13.87
97.56,37.6,100.0,14.52
97.46,39.3,73.0,14.19
97.26,36.6,89.0,14.19
97.36,37.7,91.0,14.52
97.16,40.7,73.0,15.81
96.97,36.3,69.0,17.1
96.77,35.4,63.0,16.45
96.68,31.4,69.0,19.03
96.97,31.6,64.0,18.71
97.65,32.1,64.0,18.71
97.75,32.2,66.0,18.06
97.56,31.4,70.0,18.39
97.07,31.3,52.0,18.06
95.7,31.7,64.0,17.74
94.62,31.7,58.0,17.1
93.16,31.9,63.0,16.45
92.08,32.8,62.0,15.81
90.71,35.2,66.0,14.52
91.2,34.7,62.0,12.58
81.53,36.8,51.0,11.61
64.81,38.4,59.0,10.97
33.14,40.9,50.0,10.32
9.09,45.1,50.0,9.68
4.79,48.9,64.0,9.35
4.4,51.3,50.0,8.71
4.4,52.9,54.0,8.71
4.3,55.4,50.0,8.06
4.3,55.7,50.0,7.74
4.4,55.7,50.0,7.42
4.3,57.0,50.0,7.42
4.3,63.4,57.0,7.74
4.3,60.3,73.0,8.39
4.2,62.8,55.0,8.06
4.3,58.5,50.0,7.42
4.3,61.2,50.0,7.1
4.3,60.3,55.0,7.1
4.2,57.3,50.0,7.42
4.2,54.4,75.0,7.74
4.2,51.0,79.0,7.74
4.2,51.0,50.0,7.1
4.3,52.4,96.0,7.42
4.3,52.2,75.0,6.77
5.08,52.1,81.0,7.1
39.39,55.5,91.0,7.1
39.1,52.1,88.0,6.77
73.31,50.8,65.0,6.77
92.18,47.8,100.0,6.77
95.6,46.7,100.0,6.77
96.48,46.4,100.0,7.1
97.16,46.1,100.0,7.1
97.56,45.8,78.0,7.42
97.75,41.5,93.0,8.06
96.68,43.1,61.0,8.06
96.68,43.1,61.0,8.39
97.16,40.7,65.0,9.03
97.07,41.0,67.0,9.35
97.07,40.7,69.0,10.0
96.77,40.3,63.0,10.0
97.16,39.3,62.0,10.65
97.07,40.4,66.0,10.0
97.75,38.2,71.0,11.94
97.56,37.1,70.0,12.58
97.85,36.2,67.0,13.87
97.85,36.2,69.0,13.23
97.65,36.9,65.0,13.55
97.65,38.8,59.0,12.26
97.75,34.6,64.0,13.55
97.75,34.1,65.0,14.52
97.85,30.8,64.0,16.13
97.75,32.4,64.0,16.13
97.65,30.6,66.0,16.77
96.77,33.0,67.0,14.19
96.77,32.7,62.0,15.16
96.28,33.5,65.0,13.87
97.07,30.0,64.0,16.77
96.97,29.1,63.0,16.45
96.68,30.2,72.0,16.13
96.28,32.4,52.0,16.13
96.97,32.1,64.0,15.81
97.65,32.8,64.0,17.1
97.56,33.3,63.0,17.74
97.26,34.7,62.0,19.03
96.28,37.3,61.0,17.1
95.41,37.6,63.0,16.77
94.23,39.6,61.0,14.52
93.26,39.5,86.0,14.84
91.2,42.8,58.0,12.58
92.57,44.4,63.0,11.61
87.59,45.6,56.0,10.65
78.89,47.7,54.0,9.68
58.94,48.8,62.0,9.35
20.72,50.2,50.0,9.03
6.16,51.0,50.0,8.71
4.5,51.8,50.0,8.71
4.3,52.1,53.0,8.71
4.3,52.1,54.0,8.39
4.2,51.8,56.0,8.39
4.2,50.5,50.0,8.39
4.2,48.5,63.0,8.39
4.2,46.2,93.0,9.03
4.11,45.3,100.0,9.03
4.11,43.3,100.0,9.03
4.2,47.5,55.0,8.39
4.2,47.5,62.0,8.06
4.2,48.0,60.0,7.74
4.2,46.7,63.0,7.74
4.2,47.8,65.0,7.42
4.2,47.7,52.0,7.42
4.2,48.9,60.0,6.77
4.3,49.2,56.0,6.45
4.5,46.7,50.0,6.13
27.76,46.6,50.0,6.13
17.11,46.6,50.0,5.81
52.79,46.2,50.0,5.81
74.58,46.6,50.0,5.81
87.29,46.2,50.0,5.81
88.95,46.4,62.0,5.81
92.96,45.1,63.0,6.45
94.04,45.1,62.0,6.45
94.92,44.7,62.0,6.77
97.85,35.7,65.0,9.03
97.95,36.0,56.0,10.0
97.56,35.7,57.0,10.32
94.92,39.6,68.0,9.03
96.68,39.2,62.0,9.68
96.87,37.4,60.0,10.65
96.58,39.2,65.0,10.32
97.95,37.4,77.0,11.94
97.65,34.9,68.0,12.9
97.36,36.8,60.0,12.58
97.36,39.6,66.0,12.58
97.85,36.2,63.0,14.52
97.75,34.9,67.0,14.52
97.85,36.9,65.0,14.19
97.85,36.5,83.0,14.84
97.85,38.2,55.0,14.84
97.56,37.3,75.0,15.16
97.75,33.8,66.0,16.77
97.75,33.8,63.0,16.13
97.26,35.8,65.0,14.84
97.07,40.6,62.0,13.23
97.36,42.9,78.0,14.19
96.19,35.7,63.0,14.19
94.82,36.3,63.0,13.23
94.82,35.7,60.0,12.9
95.31,33.9,55.0,13.23
95.8,32.7,73.0,14.84
94.72,35.1,53.0,13.55
92.47,33.9,60.0,12.58
91.69,33.5,61.0,12.58
89.93,33.2,51.0,12.26
87.68,32.7,50.0,11.94
90.52,33.0,50.0,11.94
91.5,34.6,50.0,11.94
91.4,36.5,50.0,11.94
88.46,37.9,64.0,11.94
88.27,39.3,50.0,11.61
86.22,39.9,50.0,11.61
79.28,40.3,50.0,11.29
64.52,39.2,50.0,11.29
49.46,38.8,50.0,11.29
26.0,41.5,50.0,10.97
7.82,41.0,50.0,10.97
4.5,41.2,50.0,10.32
4.2,41.7,50.0,10.65
4.11,41.7,50.0,10.65
4.11,41.8,50.0,10.65
4.11,41.7,50.0,10.65
4.11,42.0,50.0,10.65
4.11,41.8,50.0,10.65
4.11,41.8,50.0,10.32
4.11,42.1,50.0,10.65
4.11,42.8,50.0,10.32
4.11,43.1,50.0,10.32
4.01,44.2,50.0,10.32
4.01,44.7,50.0,10.32
4.01,45.0,50.0,10.32
4.01,45.9,50.0,10.0
4.01,46.6,50.0,10.0
4.01,47.0,50.0,10.0
4.01,45.8,50.0,10.0
4.11,46.7,50.0,10.0
4.4,46.7,50.0,9.68
7.14,48.6,50.0,9.68
26.78,48.0,50.0,9.68
72.82,45.9,50.0,9.68
91.69,43.4,50.0,10.65
90.42,44.4,50.0,10.65
96.87,37.3,50.0,11.94
97.46,31.4,50.0,13.87
97.56,31.9,50.0,12.58
97.46,30.0,50.0,14.19
97.85,30.2,50.0,15.16
97.85,33.8,50.0,14.52
97.85,36.8,50.0,14.84
97.26,38.4,60.0,14.52
96.38,39.9,50.0,12.9
97.95,34.7,50.0,18.71
97.95,34.4,62.0,18.06
97.85,33.9,54.0,17.42
97.85,35.1,57.0,16.45
97.95,32.8,55.0,17.74
97.85,31.9,56.0,17.74
97.95,30.8,50.0,18.06
97.46,32.8,55.0,17.74
97.85,30.0,50.0,18.39
97.75,29.4,57.0,18.06
97.75,30.0,58.0,17.1
97.46,33.2,65.0,17.1
97.65,32.2,65.0,16.77
97.65,32.4,58.0,17.1
97.56,29.1,61.0,18.39
97.26,27.3,62.0,18.71
97.16,27.5,50.0,20.0
97.26,27.8,57.0,19.03
97.26,27.3,69.0,18.71
97.16,27.5,62.0,18.39
96.97,26.1,61.0,18.39
96.38,28.7,61.0,17.42
96.09,29.8,50.0,16.77
96.87,25.4,51.0,18.06
97.65,26.2,51.0,19.35
97.65,24.2,54.0,20.32
97.26,24.3,52.0,20.65
96.19,28.0,50.0,19.03
94.92,28.0,50.0,18.39
94.33,28.4,50.0,18.39
93.06,29.7,50.0,18.06
92.08,31.1,50.0,18.71
92.77,31.6,50.0,16.45
92.08,29.7,50.0,14.84
81.13,31.0,50.0,14.19
63.05,31.7,50.0,13.87
26.3,37.9,50.0,12.26
7.62,38.7,50.0,11.94
4.69,42.1,50.0,10.97
4.4,51.3,50.0,10.0
4.3,49.1,50.0,10.97
4.3,39.6,50.0,11.61
4.3,40.9,50.0,11.61
4.2,37.1,50.0,11.94
4.2,41.2,50.0,11.29
4.3,46.2,50.0,10.32
4.3,47.2,50.0,10.0
4.3,46.4,50.0,10.0
4.2,47.0,50.0,9.68
4.3,47.7,50.0,9.35
4.2,48.3,50.0,9.68
4.3,51.8,50.0,9.03
4.3,52.6,50.0,8.39
4.3,55.5,50.0,8.06
4.3,55.5,50.0,7.74
4.4,56.2,50.0,7.1
5.08,55.9,50.0,7.74
9.87,57.3,50.0,7.1
34.41,59.0,50.0,6.77
67.35,58.2,50.0,6.45
87.98,58.7,50.0,6.45
94.62,52.4,50.0,7.74
96.77,44.8,50.0,9.68
97.36,41.8,50.0,10.0
97.65,39.5,50.0,10.0
97.85,39.8,50.0,10.32
97.85,39.6,50.0,14.19
97.85,40.4,50.0,15.48
97.95,38.7,50.0,16.45
97.95,35.7,50.0,17.74
97.85,34.7,50.0,18.06
97.85,33.6,50.0,19.35
97.95,32.7,50.0,20.65
97.95,37.1,56.0,18.06
97.85,38.7,61.0,17.1
97.85,41.4,51.0,16.45
97.75,43.1,64.0,17.1
97.75,45.8,63.0,16.45
97.75,45.8,61.0,16.45
97.75,48.1,62.0,15.81
97.75,49.2,62.0,15.81
97.75,48.9,56.0,16.13
97.75,45.1,50.0,20.0
97.75,42.6,58.0,19.35
97.65,43.7,67.0,19.03
96.19,46.2,77.0,16.13
96.38,48.5,71.0,15.16
95.8,46.6,60.0,16.45
96.77,44.7,55.0,19.03
95.7,47.2,67.0,15.48
95.02,47.2,69.0,14.84
95.11,46.7,69.0,14.84
94.72,48.9,61.0,14.84
95.21,47.8,50.0,15.48
95.11,47.8,50.0,15.48
93.94,47.0,64.0,16.77
91.79,48.6,50.0,16.13
90.22,48.6,50.0,15.16
89.83,51.9,50.0,14.84
89.44,54.1,50.0,14.52
86.61,55.4,50.0,14.19
83.97,57.4,61.0,13.23
84.56,58.2,54.0,13.23
79.86,58.9,51.0,12.9
76.15,60.1,50.0,12.58
62.56,62.0,50.0,11.94
30.5,63.0,60.0,11.61
10.26,62.6,60.0,10.97
4.79,62.8,63.0,10.65
4.01,63.6,50.0,10.32
4.01,64.1,53.0,10.32
3.91,65.0,50.0,10.32
4.01,65.6,50.0,9.68
3.91,65.6,51.0,9.68
3.91,65.6,59.0,9.35
3.91,66.0,51.0,9.35
3.91,61.2,61.0,9.68
3.91,61.7,64.0,9.68
3.91,62.6,50.0,9.03
3.91,63.4,60.0,8.71
3.91,62.6,67.0,8.71
3.91,61.7,67.0,8.71
4.01,60.8,66.0,8.39
4.01,59.6,50.0,8.06
4.01,59.2,66.0,7.74
4.01,58.5,63.0,7.74
4.2,57.1,75.0,7.1
6.26,55.7,60.0,6.45
16.23,55.5,63.0,6.13
55.42,52.4,66.0,6.13
81.62,51.8,63.0,5.81
92.28,49.1,65.0,6.13
96.19,46.2,54.0,6.77
97.07,44.4,89.0,7.1
95.31,44.4,65.0,7.1
96.58,42.1,67.0,7.42
96.77,44.5,71.0,6.77
96.48,44.4,62.0,7.1
97.56,39.6,66.0,8.39
97.56,38.5,75.0,8.71
97.65,37.6,67.0,10.0
96.19,38.5,65.0,7.42
97.07,31.4,68.0,11.29
97.75,34.7,70.0,9.03
98.04,27.3,62.0,12.26
98.04,30.0,67.0,13.23
97.85,30.5,72.0,8.71
97.85,28.4,68.0,12.26
97.95,26.7,68.0,13.55
96.77,28.6,61.0,11.94
97.95,28.4,63.0,10.97
97.07,28.1,56.0,10.97
95.21,29.1,63.0,10.65
97.75,28.1,65.0,10.0
97.75,26.2,73.0,12.26
97.95,27.5,62.0,11.29
96.58,27.6,69.0,10.0
96.38,28.7,66.0,9.68
96.97,27.6,63.0,10.32
96.48,25.1,63.0,12.9
96.38,26.9,63.0,12.26
96.68,24.8,63.0,12.9
95.6,26.1,60.0,9.68
95.8,27.6,62.0,9.68
97.36,30.3,71.0,10.0
97.56,27.8,62.0,13.23
97.85,25.9,62.0,12.26
97.75,27.2,63.0,13.23
97.16,25.4,60.0,13.23
95.89,25.9,57.0,12.26
92.57,27.5,60.0,11.94
91.5,29.2,50.0,9.03
92.47,30.2,50.0,7.1
94.23,32.4,50.0,6.45
82.31,32.7,50.0,5.81
64.91,34.1,54.0,5.16
31.18,35.2,50.0,4.52
8.7,35.5,50.0,4.52
5.08,35.7,50.0,4.52
4.69,36.3,50.0,4.19
4.69,37.4,50.0,4.19
4.59,38.2,50.0,3.87
4.69,39.0,50.0,3.55
4.69,41.5,50.0,3.23
4.59,43.4,53.0,2.9
4.69,43.9,50.0,2.9
4.59,43.9,58.0,3.23
4.59,43.7,50.0,3.23
4.59,44.7,50.0,3.23
4.59,45.5,50.0,2.9
4.59,46.6,50.0,3.23
4.69,48.3,50.0,2.9
4.59,50.0,50.0,2.58
4.59,51.0,50.0,2.26
4.59,51.3,50.0,2.26
4.79,51.8,50.0,2.58
5.77,51.6,50.0,1.61
12.51,51.1,50.0,1.61
41.35,51.6,50.0,1.61
72.82,52.4,57.0,1.61
89.15,50.8,50.0,2.26
87.59,50.8,61.0,2.26
91.79,51.4,58.0,2.26
94.04,50.7,63.0,3.23
93.94,47.8,64.0,4.52
94.82,48.3,66.0,4.52
94.53,48.3,62.0,4.84
95.41,47.8,64.0,5.48
96.58,46.4,66.0,6.77
95.7,45.6,62.0,7.74
95.99,46.2,61.0,8.06
96.77,38.4,62.0,10.65
97.07,39.5,53.0,10.32
96.87,38.8,50.0,10.65
96.48,38.8,70.0,10.32
97.26,33.8,59.0,10.97
97.46,37.7,60.0,10.97
96.58,38.8,68.0,9.03
96.58,42.9,66.0,8.06
93.74,44.8,66.0,7.42
90.62,49.1,63.0,6.13
90.71,56.5,63.0,5.16
93.16,54.4,62.0,5.81
95.7,51.4,57.0,7.74
94.62,51.3,77.0,7.74
91.4,54.0,64.0,7.1
92.47,54.3,65.0,7.1
92.77,53.5,58.0,7.74
91.98,54.1,71.0,7.1
92.28,55.7,59.0,7.1
92.77,55.4,64.0,7.42
90.13,57.1,66.0,6.77
88.66,61.9,65.0,5.81
86.8,62.3,51.0,6.45
87.98,60.1,50.0,6.77
88.95,60.3,50.0,7.1
94.62,59.2,52.0,8.06
96.48,57.9,56.0,10.32
95.21,58.4,50.0,9.68
93.35,57.0,50.0,9.03
90.42,54.1,50.0,8.71
87.39,52.6,50.0,8.71
80.64,50.3,50.0,8.71
85.83,48.8,50.0,8.39
82.11,44.0,62.0,8.06
76.83,48.6,50.0,7.74
56.99,53.0,50.0,7.42
28.84,55.7,62.0,7.1
6.26,58.4,65.0,6.45
2.93,60.1,52.0,5.81
2.54,62.5,51.0,5.48
2.54,63.3,50.0,5.48
2.54,63.4,57.0,5.16
2.44,64.5,50.0,4.84
2.44,65.0,50.0,4.84
2.44,65.0,61.0,4.52
2.44,65.2,62.0,4.52
2.44,65.2,50.0,4.52
2.44,65.5,58.0,4.52
2.44,64.7,50.0,4.19
2.44,64.5,50.0,4.19
2.44,64.4,50.0,3.87
2.44,63.6,50.0,3.87
2.44,64.9,50.0,3.87
2.44,65.3,50.0,3.87
2.44,66.4,50.0,3.87
2.44,66.4,50.0,3.87
2.64,66.1,50.0,3.87
4.5,66.1,50.0,3.87
10.85,66.4,50.0,3.87
41.35,66.7,50.0,3.87
56.99,66.9,57.0,4.19
72.53,67.7,50.0,4.19
79.57,67.5,61.0,4.19
86.41,67.4,67.0,4.84
88.86,66.6,62.0,3.23
89.44,66.6,70.0,5.16
91.3,64.9,66.0,5.16
93.26,64.7,70.0,5.48
93.74,60.9,62.0,6.45
94.53,60.4,64.0,6.77
94.04,59.6,63.0,6.45
96.38,60.4,67.0,7.74
97.07,52.2,63.0,8.71
95.6,51.8,61.0,8.39
96.38,52.7,63.0,8.71
95.21,56.3,61.0,7.1
96.38,49.7,62.0,10.65
93.26,52.9,62.0,8.06
91.4,58.1,66.0,7.42
92.08,67.2,69.0,5.48
95.02,69.6,70.0,5.81
92.38,69.9,65.0,5.48
92.38,70.8,69.0,5.48
92.67,70.8,66.0,5.48
93.55,70.8,67.0,5.81
94.62,70.8,65.0,5.81
94.92,70.2,69.0,5.81
95.5,70.5,61.0,6.45
95.11,69.3,65.0,6.77
95.5,68.3,58.0,7.42
93.26,67.4,63.0,6.45
93.65,69.3,66.0,6.45
95.41,68.2,60.0,6.77
95.11,63.6,61.0,9.03
91.98,64.5,54.0,8.06
94.04,65.5,54.0,8.39
94.23,63.0,50.0,8.71
88.46,65.5,55.0,6.77
91.01,67.4,53.0,7.1
90.22,65.5,60.0,7.42
72.34,65.2,58.0,7.1
84.85,64.7,56.0,6.13
90.03,63.6,56.0,6.77
90.13,62.8,52.0,7.42
84.95,63.4,53.0,6.77
76.64,63.9,51.0,6.77
55.42,64.7,60.0,6.45
42.33,64.1,53.0,6.13
19.75,64.2,56.0,6.13
5.57,65.3,56.0,6.13
2.74,66.1,50.0,6.13
2.44,67.1,51.0,6.13
2.44,67.2,50.0,6.13
2.35,67.4,61.0,6.13
2.35,68.2,62.0,5.81
2.35,68.2,51.0,5.81
2.35,68.6,51.0,5.48
2.35,68.9,50.0,5.48
2.35,68.5,53.0,5.16
2.35,67.4,50.0,5.48
2.25,67.8,50.0,5.48
2.35,68.5,50.0,5.48
2.35,68.6,56.0,5.48
2.35,68.6,53.0,5.48
2.35,68.9,54.0,5.48
2.35,69.4,54.0,5.48
2.35,69.6,50.0,5.48
2.44,70.2,50.0,5.48
2.84,70.2,55.0,5.48
6.06,70.4,50.0,5.48
19.55,70.8,56.0,5.48
45.26,70.7,61.0,5.16
63.64,71.2,58.0,5.48
81.62,70.8,58.0,5.48
85.34,70.2,63.0,5.48
91.79,70.1,66.0,6.13
94.23,68.2,65.0,6.77
96.87,63.0,64.0,7.42
95.21,57.8,64.0,7.74
94.82,61.5,63.0,7.74
94.72,61.1,61.0,7.74
96.58,57.1,60.0,9.03
97.16,51.4,56.0,10.32
96.58,57.1,56.0,9.68
96.68,56.5,57.0,10.0
96.19,57.8,63.0,9.35
96.87,57.6,58.0,9.68
97.26,55.1,67.0,11.29
97.07,56.3,62.0,10.65
96.77,60.1,61.0,9.68
95.6,61.7,69.0,9.03
95.5,61.9,71.0,8.71
95.5,63.0,68.0,8.71
93.55,65.2,65.0,8.06
94.23,62.5,61.0,8.71
94.92,70.2,66.0,7.74
95.8,67.4,68.0,10.0
96.09,62.8,71.0,10.32
94.92,64.7,68.0,9.03
93.55,65.2,68.0,8.71
93.74,63.7,63.0,8.71
94.14,64.2,76.0,8.71
94.14,64.1,60.0,9.03
93.45,62.0,62.0,9.03
81.04,61.4,50.0,10.97
2.44,54.1,62.0,10.65
7.53,58.7,50.0,10.97
4.59,58.9,50.0,11.29
9.19,59.2,50.0,11.61
74.19,57.8,50.0,16.13
79.86,49.7,50.0,19.35
83.19,48.8,50.0,20.0
83.09,47.8,50.0,20.32
83.68,46.2,59.0,20.32
86.41,44.7,53.0,20.32
85.24,44.8,50.0,20.32
86.12,43.6,50.0,20.32
82.11,43.9,50.0,20.32
80.74,43.3,50.0,21.61
81.23,42.5,50.0,21.94
86.8,41.2,50.0,22.26
81.23,40.3,50.0,22.26
88.46,40.3,50.0,22.9
88.86,38.4,50.0,22.9
85.44,37.3,50.0,23.23
88.95,36.6,57.0,23.23
88.76,36.3,54.0,23.55
82.21,34.6,50.0,23.23
88.27,34.4,50.0,23.55
76.83,33.3,50.0,23.55
82.31,33.3,50.0,24.19
79.18,33.5,50.0,24.19
78.4,34.4,50.0,24.84
82.8,35.4,50.0,24.84
72.34,35.4,50.0,25.16
72.53,35.4,50.0,25.16
72.82,34.9,50.0,25.48
68.43,35.2,50.0,25.48
68.92,35.1,50.0,25.48
64.03,34.9,50.0,25.48
51.81,35.2,50.0,25.48
43.5,34.9,50.0,25.16
36.36,34.7,50.0,25.16
29.52,34.9,50.0,24.84
21.11,35.2,50.0,24.84
11.05,35.4,50.0,24.52
5.08,35.4,50.0,24.52
1.56,35.4,50.0,24.19
0.1,35.4,50.0,23.87
0.0,35.4,50.0,23.87
0.0,35.7,50.0,23.55
0.0,36.0,50.0,23.55
0.0,36.3,50.0,23.23
0.0,36.2,50.0,23.23
0.0,36.6,50.0,22.9
0.0,36.5,50.0,22.9
0.0,36.9,50.0,22.58
0.0,37.1,50.0,22.58
0.0,37.3,50.0,22.26
0.0,37.7,50.0,22.26
0.0,37.6,50.0,21.94
0.0,38.0,50.0,21.94
0.0,38.0,50.0,21.94
0.0,37.7,50.0,21.61
0.0,38.2,50.0,21.61
0.0,38.2,50.0,21.29
0.0,38.0,50.0,21.29
0.0,38.2,50.0,20.97
0.0,38.5,50.0,20.97
0.29,38.5,50.0,20.97
1.96,38.8,50.0,20.65
4.79,39.2,50.0,20.65
10.46,39.2,50.0,20.32
73.8,40.3,53.0,20.32
73.51,42.0,50.0,20.65
73.41,42.1,50.0,20.32
73.61,42.1,50.0,20.32
73.51,42.1,50.0,20.32
74.1,43.1,50.0,20.32
74.0,43.6,50.0,20.32
73.8,44.4,50.0,20.65
73.7,47.0,50.0,20.32
73.7,48.3,60.0,20.32
73.22,49.1,50.0,20.65
73.51,49.6,50.0,20.65
73.31,49.4,57.0,20.97
74.0,49.1,50.0,21.29
73.31,48.3,50.0,21.61
73.41,49.2,50.0,21.94
73.31,48.5,50.0,22.26
73.9,47.7,50.0,21.94
73.41,48.8,50.0,22.26
73.12,48.8,50.0,22.58
73.02,48.5,50.0,23.55
72.43,49.7,51.0,23.55
73.41,49.7,52.0,24.19
72.63,49.4,50.0,24.52
74.0,49.2,50.0,24.84
74.1,48.0,50.0,24.84
73.7,47.5,50.0,24.52
74.0,47.3,50.0,24.19
73.9,48.5,50.0,23.55
73.51,49.1,63.0,23.87
73.9,49.2,50.0,24.19
73.31,49.4,50.0,24.19
73.8,49.1,50.0,24.19
73.8,48.9,50.0,23.87
73.61,49.4,50.0,23.87
73.7,49.2,50.0,23.87
72.82,49.9,50.0,23.55
25.32,49.1,50.0,23.55
19.94,48.9,50.0,23.23
14.47,48.6,50.0,22.9
13.98,48.6,50.0,22.58
7.23,48.0,50.0,22.26
4.69,48.3,50.0,22.26
2.35,48.3,50.0,21.94
1.96,48.1,50.0,21.94
0.68,48.0,50.0,21.94
0.2,47.7,50.0,21.94
0.0,48.1,50.0,21.94
0.0,47.7,50.0,21.61
0.0,47.5,50.0,21.61
0.0,48.0,50.0,21.61
0.0,47.8,50.0,21.61
0.0,47.8,50.0,21.61
0.0,47.3,50.0,21.61
0.0,47.5,50.0,21.61
0.0,47.3,50.0,21.61
0.0,47.7,50.0,21.61
0.0,47.0,50.0,21.61
0.0,47.5,50.0,21.61
0.0,47.2,50.0,21.61
0.0,47.0,50.0,21.61
0.0,47.2,50.0,21.61
0.0,46.7,50.0,21.61
0.0,46.9,50.0,21.61
0.0,46.6,50.0,21.61
0.0,46.2,50.0,21.61
0.0,46.2,50.0,21.61
0.1,46.4,50.0,21.61
1.08,46.2,50.0,21.61
4.2,46.1,50.0,21.61
9.19,45.9,50.0,21.61
73.9,46.7,50.0,21.94
73.31,47.2,50.0,21.94
73.22,47.7,50.0,21.94
73.31,48.5,50.0,22.26
73.8,48.6,50.0,22.26
74.1,49.1,50.0,22.26
74.19,49.1,50.0,22.58
74.78,49.2,50.0,22.58
76.25,48.8,50.0,22.58
74.88,49.2,54.0,22.9
75.27,49.1,50.0,22.9
75.37,48.9,50.0,22.9
74.98,49.6,50.0,22.9
74.68,50.0,50.0,22.9
74.19,49.4,50.0,22.9
74.1,49.9,50.0,22.58
74.88,49.7,50.0,22.9
74.68,50.5,50.0,22.9
43.5,45.6,50.0,23.55
0.0,45.8,50.0,23.55
0.0,45.0,50.0,23.55
0.0,45.0,50.0,23.55
0.0,44.4,50.0,23.55
0.0,45.0,50.0,23.55
0.0,44.5,50.0,23.55
0.0,44.2,50.0,23.55
0.0,43.9,50.0,23.55
0.0,43.4,50.0,23.23
0.0,43.3,50.0,23.23
0.0,42.6,50.0,23.23
0.0,42.6,50.0,23.23
0.0,41.7,50.0,23.55
0.0,41.5,50.0,23.55
0.0,41.4,50.0,23.55
0.0,41.2,50.0,23.87
0.0,41.5,50.0,23.87
0.0,41.2,50.0,23.87
0.0,41.2,50.0,23.87
0.0,41.2,50.0,23.87
0.0,41.0,50.0,23.87
0.0,41.2,50.0,23.87
0.0,40.4,50.0,23.87
0.0,40.6,50.0,23.87
0.0,40.1,50.0,23.87
0.0,40.3,50.0,23.87
0.0,40.3,50.0,23.55
0.0,39.6,50.0,23.55
0.0,39.9,50.0,23.55
0.0,39.6,50.0,23.55
0.0,39.6,50.0,23.55
0.0,39.2,50.0,23.55
0.0,39.3,50.0,23.55
0.0,39.6,50.0,23.23
0.0,39.5,50.0,23.55
0.0,39.0,50.0,23.55
0.0,39.3,50.0,23.55
0.0,39.3,50.0,23.55
45.06,39.2,50.0,23.55
0.0,39.5,50.0,23.55
43.21,40.9,50.0,23.55
45.94,42.0,50.0,23.87
77.52,42.0,50.0,24.19
75.46,42.0,50.0,24.19
73.31,41.8,50.0,24.19
0.2,41.8,50.0,24.19
76.54,42.0,50.0,24.19
74.39,42.8,50.0,24.19
78.01,43.1,50.0,24.19
74.0,42.8,50.0,24.19
73.8,42.8,50.0,24.19
0.88,42.6,50.0,24.19
0.88,43.4,50.0,24.19
0.88,44.0,50.0,24.19
0.88,44.2,50.0,24.19
0.88,44.4,50.0,24.19
0.88,44.0,50.0,24.19
0.88,43.6,50.0,24.19
0.88,43.7,50.0,24.19
0.88,43.4,50.0,24.19
0.88,43.1,50.0,24.19
0.88,42.9,50.0,23.87
0.88,42.6,50.0,24.19
0.88,42.1,50.0,23.87
0.88,42.0,50.0,24.19
0.88,42.3,50.0,24.19
0.88,42.1,50.0,24.19
0.88,41.8,50.0,24.52
0.88,41.7,50.0,24.52
0.88,41.5,50.0,24.52
0.88,41.5,50.0,24.52
0.88,41.0,50.0,24.84
0.98,41.4,50.0,24.52
0.88,41.2,50.0,24.84
0.88,41.4,50.0,24.84
0.88,41.2,50.0,24.84
0.29,40.6,50.0,24.84
0.29,40.7,50.0,25.16
0.29,40.4,50.0,25.16
0.29,40.4,50.0,24.84
0.29,40.3,50.0,25.16
0.29,39.5,50.0,24.84
0.29,37.7,50.0,24.84
0.29,36.8,50.0,24.52
0.29,36.0,50.0,24.52
0.29,35.5,50.0,24.52
0.29,35.2,50.0,24.52
0.29,35.1,50.0,24.52
0.29,34.6,50.0,24.52
0.29,34.7,50.0,24.52
0.29,34.6,50.0,24.52
0.39,34.9,50.0,24.19
0.29,34.9,50.0,24.19
0.29,35.2,50.0,24.19
0.39,35.2,50.0,24.19
0.29,35.2,50.0,24.19
0.39,35.5,50.0,24.19
77.03,34.9,50.0,24.19
0.88,35.2,50.0,24.19
75.27,35.7,50.0,24.19
75.86,35.8,50.0,24.19
78.2,35.8,50.0,24.52
0.39,36.2,50.0,24.19
0.39,36.2,50.0,24.19
0.49,36.6,50.0,24.19
0.49,37.1,50.0,24.19
78.4,37.6,50.0,24.19
75.86,38.0,50.0,24.19
75.27,37.7,50.0,24.52
0.78,37.7,50.0,24.19
74.88,38.0,50.0,24.19
76.25,38.4,50.0,24.19
78.01,38.0,50.0,24.52
0.88,38.4,51.0,24.52
0.88,38.7,50.0,24.52
0.88,38.4,50.0,24.19
0.88,38.4,50.0,24.19
0.88,38.5,50.0,24.19
0.88,38.4,50.0,24.19
0.88,38.5,50.0,24.19
0.88,38.5,50.0,24.19
0.88,38.5,50.0,24.19
0.98,38.7,50.0,24.19
0.98,38.7,50.0,24.19
0.98,38.7,50.0,24.19
0.98,39.0,50.0,24.19
0.98,38.4,50.0,24.19
0.98,38.2,50.0,24.19
0.98,38.5,50.0,24.52
0.98,38.2,50.0,24.52
0.88,38.4,50.0,24.52
0.98,38.0,50.0,24.52
0.88,38.4,50.0,24.52
0.98,38.0,50.0,24.52
0.88,37.9,50.0,24.84
0.98,38.0,50.0,24.52
0.98,38.2,50.0,24.84
0.98,38.2,50.0,24.84
0.0,37.3,50.0,24.52
0.0,36.6,50.0,24.52
0.0,35.7,50.0,24.52
0.0,35.4,50.0,24.52
0.0,35.1,50.0,24.52
0.0,34.9,50.0,24.19
0.0,35.2,50.0,24.52
0.0,35.2,50.0,24.52
0.0,35.7,50.0,24.52
0.0,35.8,50.0,24.52
0.0,35.5,50.0,24.19
0.0,35.1,50.0,24.19
0.0,34.6,50.0,24.19
0.0,34.6,50.0,24.19
0.0,34.3,50.0,24.19
0.0,33.8,50.0,24.19
0.0,34.4,50.0,24.19
0.0,34.6,50.0,24.19
0.0,34.4,50.0,24.19
0.0,34.6,50.0,23.87
0.0,34.4,50.0,23.87
0.0,34.1,50.0,23.87
0.0,33.6,50.0,23.87
0.0,33.8,50.0,23.87
0.0,33.3,50.0,23.87
0.0,33.3,50.0,23.87
0.0,33.0,50.0,23.87
0.0,32.8,50.0,23.87
0.0,32.7,50.0,23.87
0.0,32.2,50.0,23.87
0.0,31.9,50.0,23.87
0.0,31.7,50.0,23.87
0.0,31.7,50.0,23.87
0.0,31.9,50.0,23.87
0.0,31.9,50.0,23.87
0.0,31.4,50.0,23.87
0.0,31.4,50.0,23.55
0.0,31.7,50.0,24.19
0.0,31.1,50.0,23.87
0.0,31.0,50.0,23.55
0.0,30.8,50.0,23.55
0.0,30.6,50.0,23.55
0.0,30.8,50.0,23.55
0.0,31.0,50.0,23.87
0.0,31.1,50.0,23.87
0.0,31.1,50.0,23.87
0.0,31.6,50.0,23.87
0.0,31.6,50.0,24.19
0.0,31.7,50.0,24.19
0.0,31.6,50.0,24.19
0.0,31.6,50.0,24.19
0.0,31.6,50.0,24.19
0.0,31.9,50.0,24.19
0.0,32.1,50.0,24.19
0.0,31.9,50.0,24.19
0.0,32.2,50.0,24.52
0.0,31.9,50.0,24.52
0.0,32.2,50.0,24.52
0.0,32.5,50.0,24.52
0.0,32.2,50.0,24.52
0.0,32.4,50.0,24.52
0.0,32.4,50.0,24.52
0.0,32.4,50.0,24.52
0.0,32.2,50.0,24.52
0.0,32.5,50.0,24.52
0.0,32.2,50.0,24.52
0.0,32.5,50.0,24.52
0.0,32.4,50.0,24.52
0.0,32.5,50.0,24.84
0.0,32.7,50.0,24.84
0.0,32.4,50.0,24.84
0.0,32.1,50.0,24.84
0.0,30.3,50.0,24.52
0.0,29.5,50.0,24.52
0.0,28.6,50.0,24.52
0.0,28.3,50.0,24.19
0.0,28.0,50.0,24.19
0.0,27.8,50.0,24.19
0.0,27.6,50.0,24.19
0.0,27.5,50.0,24.19
0.0,27.3,50.0,24.19
0.0,28.0,50.0,24.19
0.0,28.7,50.0,23.87
0.0,29.7,50.0,23.87
0.0,30.0,50.0,23.87
0.0,29.7,50.0,23.87
0.0,30.0,50.0,23.87
0.0,29.5,50.0,23.87
0.0,29.4,50.0,23.87
0.0,29.8,50.0,23.87
0.0,29.4,50.0,23.87
0.0,29.7,50.0,23.87
0.0,29.5,50.0,23.87
0.0,29.4,50.0,23.87
0.0,29.4,50.0,23.87
0.0,29.4,50.0,23.87
0.0,29.2,50.0,23.87
0.0,29.2,50.0,23.87
0.0,28.9,50.0,23.87
0.0,28.9,50.0,23.87
0.0,29.1,50.0,23.87
0.0,29.2,50.0,23.87
0.0,28.7,50.0,23.87
0.0,29.1,50.0,23.87
0.0,29.4,50.0,24.19
0.0,29.2,50.0,24.19
0.0,29.7,50.0,24.19
0.0,29.5,50.0,24.19
0.0,29.5,50.0,24.19
0.0,29.7,50.0,24.52
0.0,29.5,50.0,24.19
0.0,30.2,50.0,24.52
0.0,30.0,50.0,24.52
0.0,30.2,50.0,24.52
0.0,30.3,50.0,24.52
0.0,30.5,50.0,24.52
0.0,30.3,50.0,24.84
0.0,30.5,50.0,24.84
0.0,30.6,50.0,24.84
0.0,30.5,50.0,24.84
0.0,29.5,50.0,24.52
0.0,28.6,50.0,24.52
0.0,27.5,50.0,24.52
0.0,26.5,50.0,24.19
0.0,26.4,50.0,24.19
0.0,26.2,50.0,24.19
0.0,26.4,50.0,24.19
0.0,27.3,50.0,24.19
77.52,28.1,50.0,23.87
76.83,28.0,50.0,24.19
74.68,28.3,50.0,24.19
76.34,28.6,50.0,24.19
74.29,28.6,50.0,24.19
76.83,28.4,50.0,24.19
78.01,28.4,50.0,24.19
0.98,28.3,50.0,24.19
75.46,28.6,50.0,24.52
0.39,29.4,50.0,24.19
0.39,29.5,50.0,24.19
73.8,31.1,50.0,24.19
0.29,31.1,50.0,24.19
74.68,31.1,50.0,24.19
78.3,31.0,50.0,24.19
0.59,29.1,50.0,24.52
0.59,28.7,50.0,23.87
0.59,28.7,50.0,24.19
0.59,29.2,50.0,24.19
0.59,29.1,50.0,23.87
0.59,29.7,50.0,23.87
0.59,30.2,50.0,23.87
0.59,30.2,50.0,23.87
0.59,30.0,50.0,23.87
0.59,29.8,50.0,23.87
0.59,30.2,50.0,24.19
0.59,30.0,50.0,24.19
0.59,29.8,50.0,24.19
0.59,30.0,50.0,24.52
0.59,30.0,50.0,24.52
0.59,30.2,50.0,24.52
0.59,30.0,50.0,24.52
0.59,30.2,50.0,24.52
0.59,30.0,50.0,24.52
0.0,30.6,50.0,24.52
0.0,30.6,50.0,24.52
0.0,30.5,50.0,24.52
0.0,30.5,50.0,24.52
0.0,30.8,50.0,24.52
0.0,30.5,50.0,24.84
0.0,30.5,50.0,24.52
0.0,30.5,50.0,24.84
0.0,29.7,50.0,24.84
0.0,28.4,50.0,24.52
0.0,28.1,50.0,24.52
0.0,27.3,50.0,24.52
0.0,27.3,50.0,24.19
0.0,26.7,50.0,24.19
0.0,26.4,50.0,24.19
0.0,26.9,50.0,24.19
0.0,27.3,50.0,24.19
0.0,27.2,50.0,24.19
0.0,27.5,50.0,24.19
78.89,28.1,50.0,23.87
73.61,29.1,50.0,24.19
75.27,30.2,50.0,24.19
75.76,30.2,50.0,24.19
77.81,30.2,50.0,24.52
75.66,29.7,50.0,24.52
73.7,30.5,50.0,24.19
0.2,31.0,50.0,24.52
78.4,31.3,50.0,24.19
0.2,31.3,50.0,24.19
0.2,31.0,50.0,24.19
76.93,30.8,50.0,24.19
0.2,30.6,50.0,24.19
78.59,30.8,50.0,24.19
0.2,33.0,50.0,24.19
0.2,33.3,50.0,24.19
0.2,33.5,50.0,24.19
0.2,33.8,50.0,24.19
0.2,33.6,50.0,24.19
0.2,33.2,50.0,24.19
0.2,33.5,50.0,24.52
0.2,33.2,50.0,24.52
0.2,32.8,50.0,24.52
0.2,32.8,50.0,24.52
0.0,33.2,50.0,24.52
0.1,33.0,50.0,24.84
0.1,32.8,50.0,24.84
0.1,33.5,50.0,24.84
0.1,33.5,50.0,24.84
0.1,33.3,50.0,24.84
0.1,33.6,50.0,24.84
0.1,33.3,50.0,24.84
0.1,33.3,50.0,24.84
0.1,31.6,50.0,24.84
0.0,30.8,50.0,24.52
0.0,30.2,50.0,24.52
0.0,29.2,50.0,24.52
0.0,29.2,50.0,24.52
0.0,28.7,50.0,24.52
0.0,28.6,50.0,24.19
0.0,28.3,50.0,24.19
0.0,27.8,50.0,24.19
0.0,28.4,50.0,24.19
77.91,28.0,50.0,24.19
78.3,28.9,50.0,24.52
0.0,28.4,50.0,24.19
0.0,28.1,50.0,24.19
0.0,27.8,50.0,24.19
78.59,27.3,50.0,24.19
0.0,27.3,50.0,24.19
0.0,27.0,50.0,24.19
75.17,27.2,50.0,24.19
0.0,27.3,50.0,24.19
0.0,26.9,50.0,24.19
74.49,26.9,50.0,24.19
0.2,26.4,50.0,24.19
0.2,26.4,50.0,24.19
0.2,25.7,50.0,23.87
0.2,25.3,50.0,23.87
0.2,25.1,50.0,23.87
0.2,25.6,50.0,23.87
0.2,25.3,50.0,23.87
0.2,25.7,50.0,23.87
0.2,25.4,50.0,23.87
0.2,25.9,50.0,23.87
0.2,25.9,50.0,23.87
0.2,26.2,50.0,23.87
0.2,26.2,50.0,24.19
0.2,26.4,50.0,24.19
0.2,26.9,50.0,24.19
0.2,27.0,50.0,24.19
0.2,26.9,50.0,24.19
0.2,27.2,50.0,24.19
0.2,27.2,50.0,24.19
0.2,27.2,50.0,24.19
0.0,27.0,50.0,24.19
0.0,27.2,50.0,24.19
0.0,27.5,50.0,24.19
0.0,27.5,50.0,24.52
0.0,27.5,50.0,24.52
0.0,27.6,50.0,24.52
0.0,27.6,50.0,24.52
0.0,27.8,50.0,24.52
0.0,27.2,50.0,24.52
0.0,26.7,50.0,24.19
0.0,26.4,50.0,24.19
0.0,25.9,50.0,24.19
0.0,25.7,50.0,24.19
0.0,25.4,50.0,24.19
0.0,25.3,50.0,24.19
0.0,25.4,50.0,23.87
0.0,25.0,50.0,23.87
0.0,25.3,50.0,23.87
0.0,25.9,50.0,23.87
0.0,26.4,50.0,23.87
0.0,26.5,50.0,23.87
0.0,26.5,50.0,23.87
0.0,26.7,50.0,23.87
0.0,26.7,50.0,23.55
0.0,26.5,50.0,23.87
0.0,26.9,50.0,23.55
0.0,26.9,50.0,23.55
0.0,27.0,50.0,23.55
0.0,27.2,50.0,23.55
0.0,27.6,50.0,23.55
0.0,33.8,50.0,23.55
0.0,34.3,50.0,23.55
0.0,33.8,50.0,23.55
0.0,33.6,50.0,23.87
0.0,33.5,50.0,23.87
0.0,33.3,50.0,24.19
0.0,33.3,50.0,24.19
0.0,33.3,50.0,24.19
0.0,33.3,50.0,24.19
0.0,33.5,50.0,24.19
0.0,33.3,50.0,24.19
0.0,33.3,50.0,24.19
0.0,33.2,50.0,24.19
0.0,33.0,50.0,24.19
0.0,33.0,50.0,24.19
0.0,33.3,50.0,24.19
0.0,33.3,50.0,24.52
0.0,33.2,50.0,24.52
0.0,33.5,50.0,24.52
0.0,33.3,50.0,24.52
0.0,33.0,50.0,24.52
0.0,32.2,50.0,24.52
0.0,31.7,50.0,24.19
0.0,31.3,50.0,24.19
0.0,30.8,50.0,24.19
0.0,30.6,50.0,24.19
0.0,30.8,50.0,24.19
0.0,30.3,50.0,24.19
0.0,30.6,50.0,24.19
0.0,30.5,50.0,23.87
0.0,31.1,50.0,23.87
0.0,31.3,50.0,23.87
0.0,31.9,50.0,23.87
0.0,31.7,50.0,23.87
0.0,32.1,50.0,23.87
0.0,32.2,50.0,23.87
0.0,32.8,50.0,23.87
0.0,33.0,50.0,23.87
0.0,32.5,50.0,23.87
0.0,32.8,50.0,23.87
0.0,33.2,50.0,23.87
0.0,33.5,50.0,23.87
0.0,33.8,50.0,23.87
78.79,34.3,50.0,23.87
0.0,34.3,50.0,23.87
0.0,34.4,50.0,23.87
78.89,35.2,50.0,23.87
0.0,36.0,50.0,23.87
0.0,36.2,50.0,23.87
0.0,36.3,50.0,23.87
0.0,36.0,50.0,23.87
0.0,36.3,50.0,23.87
0.0,36.6,50.0,23.87
0.0,36.8,50.0,23.87
0.0,37.7,50.0,23.87
0.0,37.7,50.0,23.87
0.0,37.7,50.0,23.87
0.0,37.9,50.0,23.87
0.0,38.0,50.0,23.87
0.0,37.7,50.0,23.87
0.0,37.4,50.0,23.87
0.0,37.4,50.0,23.87
0.0,37.3,50.0,24.19
0.0,36.8,50.0,24.19
0.0,36.9,50.0,24.19
0.0,36.9,50.0,24.19
0.0,36.8,50.0,24.19
0.0,36.5,50.0,24.19
0.0,36.6,50.0,24.52
0.0,36.6,50.0,24.52
0.0,36.5,50.0,24.52
0.0,36.9,50.0,24.52
0.0,36.9,50.0,24.52
0.0,36.9,50.0,24.52
0.0,36.6,50.0,24.52
0.0,36.3,50.0,24.19
0.0,36.0,50.0,24.19
0.0,36.0,50.0,24.19
0.0,36.0,50.0,24.19
0.0,35.8,50.0,24.19
0.0,35.5,50.0,24.19
0.0,35.4,50.0,24.19
0.0,34.7,50.0,24.19
0.0,34.6,50.0,24.19
0.0,34.6,50.0,24.19
0.0,34.1,50.0,24.19
0.0,34.3,50.0,24.19
0.0,34.1,50.0,24.19
0.0,34.3,50.0,24.19
0.0,34.6,50.0,24.19
0.0,35.1,50.0,23.87
0.0,35.5,50.0,23.87
0.0,36.6,50.0,23.87
0.0,36.9,50.0,24.19
0.0,37.3,50.0,23.87
0.0,37.4,50.0,23.87
0.0,38.2,50.0,23.87
0.0,38.8,50.0,23.87
0.0,39.3,50.0,24.19
0.0,39.9,50.0,23.87
0.0,40.1,50.0,23.87
0.0,40.7,50.0,24.19
0.0,41.8,50.0,24.19
0.0,41.7,50.0,23.87
0.0,41.4,50.0,24.19
0.0,41.4,50.0,24.19
0.0,41.0,50.0,23.87
0.0,40.3,50.0,23.87
0.0,39.6,50.0,23.87
0.0,39.2,50.0,23.87
0.0,39.0,50.0,23.87
0.0,39.2,50.0,24.19
0.0,38.8,50.0,24.19
0.0,39.0,50.0,24.19
0.0,38.4,50.0,24.19
0.0,38.7,50.0,24.19
0.0,38.5,50.0,24.52
0.0,38.2,50.0,24.52
0.0,38.2,50.0,24.52
0.0,38.2,50.0,24.52
0.0,38.0,50.0,24.52
0.0,38.2,50.0,24.52
0.0,38.4,50.0,24.52
0.0,38.0,50.0,24.52
0.0,38.4,50.0,24.52
0.0,38.4,50.0,24.52
0.0,38.4,50.0,24.84
0.0,37.9,50.0,24.84
0.0,37.9,50.0,24.84
0.0,38.0,50.0,24.84
0.0,38.2,50.0,24.84
0.0,37.9,50.0,24.84
0.0,38.4,50.0,24.84
0.0,38.0,50.0,24.84
0.0,37.7,50.0,24.52
0.0,37.6,50.0,24.52
0.0,37.6,50.0,24.84
0.0,37.6,50.0,24.52
0.0,37.1,50.0,24.52
0.0,37.1,50.0,24.52
0.0,37.3,50.0,24.52
0.0,37.3,50.0,24.52
0.0,37.1,50.0,24.19
0.0,36.9,50.0,24.19
0.0,37.1,50.0,24.19
0.0,37.4,50.0,24.19
0.0,37.9,50.0,24.19
0.0,37.9,50.0,24.19
0.0,38.2,50.0,24.19
0.0,38.2,50.0,24.19
0.0,38.2,50.0,24.19
0.0,38.2,50.0,24.19
0.0,38.5,50.0,24.19
0.0,38.4,50.0,24.19
0.0,38.7,50.0,24.19
0.0,39.0,50.0,24.19
0.0,39.8,50.0,24.19
0.0,39.8,50.0,24.19
0.0,40.6,50.0,24.19
0.0,41.2,50.0,24.19
0.0,41.7,50.0,24.19
0.0,41.0,50.0,24.19
0.0,40.1,50.0,24.19
0.0,39.3,50.0,24.19
0.0,39.0,50.0,24.19
0.0,38.2,50.0,24.19
0.0,37.9,50.0,24.19
0.0,37.9,50.0,24.19
0.0,37.7,50.0,24.19
0.0,38.2,50.0,24.19
0.0,38.2,50.0,24.19
0.0,38.0,50.0,24.19
0.0,37.9,50.0,24.52
0.0,37.7,50.0,24.52
0.0,37.4,50.0,24.52
0.0,37.9,50.0,24.52
0.0,37.6,50.0,24.52
0.0,37.6,50.0,24.52
0.0,37.9,50.0,24.84
0.0,37.6,50.0,24.52
0.0,37.6,50.0,25.16
0.0,37.9,50.0,25.16
0.0,37.1,50.0,24.84
0.0,36.8,50.0,24.84
0.0,35.7,50.0,24.84
0.0,36.0,50.0,24.84
0.0,35.8,50.0,24.84
0.0,36.3,50.0,24.84
0.0,36.0,50.0,24.84
0.0,36.5,50.0,24.84
0.0,36.2,50.0,24.84
0.0,35.7,50.0,24.84
0.0,34.6,50.0,24.84
0.0,34.3,50.0,24.84
0.0,33.9,50.0,24.84
0.0,33.6,50.0,24.52
0.0,33.3,50.0,24.52
0.0,33.2,50.0,24.52
0.0,32.8,50.0,24.52
0.0,32.8,50.0,24.52
0.0,33.0,50.0,24.52
0.0,33.6,50.0,24.52
0.0,33.3,50.0,24.52
0.0,33.3,50.0,24.52
77.42,33.2,50.0,24.19
74.88,33.5,50.0,24.19
75.66,34.9,50.0,24.19
0.0,35.2,50.0,24.19
0.0,35.2,50.0,24.19
0.0,35.8,50.0,24.19
0.0,35.7,50.0,23.87
0.0,36.2,50.0,23.87
0.0,36.2,50.0,23.87
0.0,36.3,50.0,23.87
0.0,36.3,50.0,23.87
0.0,36.2,50.0,23.87
0.0,36.2,50.0,23.87
0.0,36.5,50.0,23.87
0.0,36.2,50.0,23.87
0.0,36.5,50.0,23.87
0.0,36.2,50.0,24.19
0.0,35.8,50.0,24.19
0.0,36.2,50.0,24.19
0.0,36.2,50.0,24.19
0.0,36.2,50.0,24.19
0.0,36.5,50.0,24.19
0.0,36.2,50.0,24.52
0.0,36.6,50.0,24.52
0.0,36.3,50.0,24.52
0.0,36.3,50.0,24.52
0.0,35.7,50.0,24.52
0.0,35.1,50.0,24.19
0.0,34.9,50.0,24.19
0.0,34.6,50.0,24.19
0.0,35.1,50.0,24.19
0.0,34.7,50.0,24.19
0.0,35.1,50.0,24.52
0.0,35.1,50.0,24.52
0.0,34.7,50.0,24.52
0.0,34.7,50.0,24.19
0.0,34.1,50.0,24.19
0.0,34.1,50.0,24.19
0.0,33.8,50.0,24.19
0.0,33.6,50.0,24.19
0.0,33.9,50.0,24.19
0.0,34.1,50.0,24.19
0.0,34.1,50.0,24.19
0.0,34.7,50.0,23.87
0.0,35.1,50.0,23.87
0.0,35.4,50.0,23.87
0.0,35.8,50.0,23.87
0.0,36.5,50.0,23.87
79.08,37.3,50.0,23.87
0.0,37.6,50.0,23.87
0.0,38.2,50.0,23.87
0.0,38.0,50.0,23.87
0.0,38.8,50.0,23.87
0.0,40.3,50.0,23.87
0.0,40.3,50.0,23.87
0.0,40.6,50.0,23.55
0.0,41.2,50.0,23.87
77.42,41.4,50.0,23.87
0.0,40.7,50.0,23.87
0.0,38.7,50.0,23.87
0.0,38.5,50.0,23.55
0.0,38.4,50.0,23.55
0.0,37.4,50.0,23.55
0.0,37.1,50.0,23.55
0.0,37.1,50.0,23.55
0.0,37.4,50.0,23.55
0.0,37.3,50.0,23.87
0.0,37.3,50.0,23.87
0.0,37.4,50.0,23.87
0.0,36.9,50.0,24.19
0.0,37.1,50.0,24.19
0.0,37.4,50.0,24.19
0.0,37.1,50.0,24.19
0.0,37.1,50.0,24.19
0.0,37.4,50.0,24.19
0.0,37.4,50.0,24.19
0.0,36.8,50.0,24.19
0.0,36.3,50.0,24.19
0.0,35.2,50.0,23.87
0.0,35.5,50.0,23.87
0.0,35.2,50.0,23.87
0.0,34.7,50.0,23.87
0.0,34.6,50.0,23.87
0.0,33.9,50.0,23.55
0.0,33.5,50.0,23.55
0.0,33.3,50.0,23.55
74.98,33.0,50.0,23.55
0.0,32.7,50.0,23.55
0.0,32.5,50.0,23.23
0.0,31.9,50.0,23.23
78.69,31.3,50.0,23.23
78.01,31.0,50.0,23.55
78.5,31.4,50.0,23.55
0.0,31.6,50.0,23.23
0.0,31.4,50.0,23.23
0.0,31.3,50.0,23.23
0.0,31.3,50.0,23.23
73.8,30.0,50.0,23.23
0.0,29.5,50.0,23.23
0.0,29.1,50.0,23.23
0.0,29.2,50.0,22.9
0.0,29.1,50.0,22.9
0.0,28.4,50.0,23.23
0.0,28.4,50.0,23.23
0.0,29.2,50.0,23.55
0.0,29.8,50.0,23.55
0.0,30.2,50.0,23.55
0.0,30.6,50.0,23.55
0.0,30.3,50.0,23.55
0.0,30.8,50.0,23.87
0.0,30.8,50.0,23.87
0.0,31.0,50.0,23.87
0.0,30.6,50.0,23.87
0.0,30.8,50.0,23.87
0.0,31.1,50.0,23.55
0.0,30.6,50.0,23.55
0.0,29.1,50.0,23.55
0.0,27.6,50.0,23.55
0.0,27.2,50.0,23.23
0.0,26.9,50.0,23.23
0.0,26.9,50.0,23.23
0.0,26.4,50.0,23.23
0.0,26.2,50.0,23.23
0.0,26.2,50.0,23.23
0.0,25.7,50.0,23.23
77.03,25.7,50.0,23.23
0.0,25.4,50.0,23.23
0.0,25.7,50.0,23.23
75.86,26.2,50.0,22.9
0.0,25.7,50.0,22.9
78.69,25.7,50.0,23.23
0.0,25.7,50.0,22.9
0.0,25.7,50.0,22.58
0.0,25.0,50.0,22.9
0.0,24.8,50.0,22.9
0.0,25.6,50.0,23.23
0.0,26.9,50.0,23.23
0.0,26.9,50.0,23.23
0.0,27.0,50.0,23.23
0.0,27.0,50.0,23.55
0.0,27.0,50.0,23.55
0.0,27.5,50.0,23.23
0.0,26.5,50.0,23.23
0.0,26.5,50.0,22.9
0.0,26.4,50.0,22.9
0.0,25.4,50.0,22.9
77.81,25.7,50.0,22.9
0.0,27.0,50.0,22.58
0.0,29.2,50.0,22.58
0.0,30.3,50.0,22.58
0.0,33.2,50.0,22.58
0.0,35.5,50.0,22.9
0.0,34.1,50.0,22.9
0.0,33.9,50.0,23.23
0.0,33.5,50.0,23.23
0.0,33.2,50.0,23.23
0.0,33.3,50.0,23.55
0.0,33.2,50.0,23.55
0.0,33.6,50.0,23.55
0.0,33.5,50.0,23.55
0.0,33.8,50.0,23.23
0.0,33.6,50.0,23.23
0.0,33.5,50.0,23.55
0.0,33.0,50.0,23.23
0.0,33.3,50.0,23.23
0.0,33.3,50.0,23.23
0.0,33.5,50.0,23.23
0.0,33.9,50.0,23.23
0.0,34.7,50.0,23.23
0.0,35.1,50.0,23.23
0.0,35.4,50.0,23.23
0.0,35.4,50.0,23.23
0.0,35.7,50.0,23.23
0.0,36.2,50.0,22.9
0.0,36.2,50.0,22.9
0.0,36.5,50.0,22.9
0.0,36.0,50.0,22.9
0.0,35.8,50.0,22.9
0.0,36.0,50.0,22.9
0.0,35.8,50.0,22.9
0.0,35.5,50.0,22.9
0.0,35.8,50.0,22.9
0.0,35.7,50.0,22.9
0.0,35.5,50.0,22.9
0.0,36.9,50.0,22.9
0.0,36.5,50.0,22.9
0.0,36.3,50.0,23.23
0.0,36.3,50.0,23.23
0.0,35.8,50.0,23.23
0.0,35.5,50.0,23.23
0.0,35.8,50.0,23.23
0.0,35.5,50.0,23.23
0.0,35.7,50.0,23.23
0.0,35.8,50.0,23.23
0.0,35.7,50.0,23.23
0.0,35.7,50.0,23.55
0.0,35.7,50.0,23.55
0.0,35.4,50.0,23.55
0.0,35.7,50.0,23.55
0.0,35.8,50.0,23.55
0.0,35.5,50.0,23.55
0.0,35.8,50.0,23.55
0.0,35.5,50.0,23.87
0.0,36.3,50.0,23.55
0.0,36.2,50.0,23.55
0.0,35.8,50.0,23.55
0.0,35.7,50.0,23.55
0.0,36.0,50.0,23.55
0.0,35.7,50.0,23.55
0.0,35.8,50.0,23.55
0.0,35.5,50.0,23.55
0.0,36.0,50.0,23.55
0.0,35.7,50.0,23.55
0.0,35.4,50.0,23.55
0.0,35.2,50.0,23.23
0.0,35.7,50.0,23.23
0.0,35.4,50.0,23.23
0.0,35.5,50.0,23.23
0.0,35.2,50.0,23.23
0.0,35.1,50.0,23.23
0.0,35.1,50.0,23.23
0.0,35.2,50.0,23.23
0.0,35.5,50.0,23.23
0.0,36.0,50.0,23.23
0.0,35.8,50.0,23.23
0.0,36.3,50.0,23.23
0.0,36.8,50.0,23.23
0.0,36.9,50.0,23.23
0.0,37.3,50.0,22.9
0.0,37.3,50.0,23.23
0.0,37.4,50.0,23.23
0.0,37.6,50.0,22.9
0.0,38.7,50.0,22.9
0.0,39.0,50.0,22.9
0.0,38.7,50.0,22.9
0.0,38.2,50.0,22.9
0.0,38.2,50.0,22.9
0.0,37.6,50.0,22.9
0.0,37.4,50.0,22.9
0.0,37.3,50.0,22.9
0.0,37.3,50.0,23.23
0.0,36.9,50.0,23.23
0.0,36.8,50.0,23.23
0.0,37.3,50.0,23.23
0.0,36.8,50.0,23.23
0.0,37.1,50.0,23.23
0.0,36.8,50.0,23.23
0.0,36.9,50.0,23.23
0.0,36.9,50.0,23.55
0.0,36.9,50.0,23.55
0.0,36.6,50.0,23.55
0.0,36.6,50.0,23.55
0.0,36.5,50.0,23.55
0.0,36.8,50.0,23.87
0.0,36.6,50.0,23.87
0.0,36.3,50.0,23.87
0.0,36.3,50.0,23.87
0.0,36.5,50.0,23.87
0.0,36.3,50.0,23.87
0.0,36.2,50.0,23.87
0.0,36.3,50.0,23.87
0.0,35.2,50.0,23.55
0.0,33.3,50.0,23.55
0.0,32.2,50.0,23.55
0.0,31.9,50.0,23.23
0.0,31.6,50.0,23.23
0.0,30.8,50.0,23.23
0.0,30.3,50.0,23.23
0.0,30.2,50.0,23.23
0.0,30.0,50.0,23.23
0.0,30.5,50.0,23.23
0.0,30.5,50.0,22.9
0.0,31.1,50.0,22.9
0.0,31.1,50.0,22.9
0.0,31.6,50.0,22.9
0.0,31.6,50.0,22.9
0.0,32.1,50.0,22.9
0.0,31.7,50.0,22.9
0.0,31.7,50.0,22.9
0.0,31.4,50.0,22.9
0.0,31.6,50.0,22.9
0.0,31.1,50.0,22.9
0.0,32.8,50.0,22.58
0.0,33.5,50.0,22.58
0.0,34.1,50.0,22.58
0.0,34.1,50.0,22.9
0.0,33.3,50.0,22.9
0.0,33.6,50.0,23.23
0.0,33.6,50.0,23.23
0.0,33.6,50.0,23.23
0.0,33.9,50.0,23.23
0.0,33.8,50.0,23.23
0.0,34.3,50.0,23.23
0.0,34.7,50.0,23.23
0.0,34.7,50.0,23.23
0.0,34.7,50.0,23.23
0.0,34.4,50.0,23.55
0.0,34.7,50.0,23.23
0.0,34.3,50.0,23.23
0.0,33.9,50.0,23.23
0.0,34.1,50.0,23.23
0.0,33.9,50.0,22.9
0.0,36.3,50.0,22.9
0.0,36.5,50.0,22.9
0.0,37.7,50.0,22.9
77.71,38.4,50.0,22.9
78.69,39.3,50.0,22.9
0.0,40.3,50.0,22.9
0.0,40.9,50.0,22.9
0.0,41.5,50.0,23.55
0.0,40.4,50.0,23.55
0.0,39.5,50.0,23.55
0.0,39.5,50.0,23.55
0.0,36.3,50.0,23.23
0.0,34.7,50.0,23.23
0.0,34.7,50.0,23.23
0.0,34.1,50.0,23.23
0.0,33.9,50.0,23.23
0.0,33.9,50.0,22.9
0.0,33.9,50.0,22.9
76.93,33.9,50.0,23.23
76.64,34.1,50.0,23.23
0.0,33.9,50.0,22.9
0.0,34.1,50.0,22.9
78.69,34.1,50.0,22.9
0.0,34.3,50.0,22.9
0.0,34.9,50.0,22.9
0.0,34.7,50.0,22.9
0.0,35.1,50.0,22.9
0.0,35.4,50.0,22.9
0.0,36.0,50.0,22.58
0.0,35.7,50.0,22.58
0.0,35.8,50.0,22.58
0.0,36.2,50.0,22.58
0.0,35.8,50.0,22.58
0.0,35.5,50.0,22.58
0.0,35.8,50.0,22.9
0.0,35.5,50.0,22.9
0.0,35.7,50.0,22.9
0.0,36.0,50.0,22.9
0.0,35.8,50.0,23.23
0.0,35.7,50.0,23.23
0.0,35.7,50.0,23.23
0.0,35.7,50.0,23.23
0.0,35.5,50.0,23.23
0.0,35.8,50.0,23.23
0.0,35.7,50.0,23.23
0.0,35.8,50.0,23.23
0.0,35.7,50.0,23.23
0.0,35.7,50.0,23.23
0.0,35.5,50.0,23.55
0.0,35.8,50.0,23.55
0.0,36.3,50.0,23.55
0.0,36.2,50.0,23.55
0.0,36.5,50.0,23.55
0.0,36.5,50.0,23.55
0.0,36.2,50.0,23.23
0.0,35.4,50.0,23.23
0.0,35.1,50.0,23.23
0.0,34.6,50.0,23.23
0.0,34.7,50.0,23.23
0.0,34.1,50.0,22.9
0.0,34.3,50.0,22.9
0.0,34.3,50.0,22.9
0.0,33.8,50.0,22.9
0.0,33.6,50.0,22.9
0.0,34.1,50.0,22.58
0.0,33.9,50.0,22.9
0.0,33.3,50.0,22.58
0.0,33.6,51.0,22.58
75.17,33.5,50.0,22.9
75.07,33.5,50.0,22.9
0.0,33.5,50.0,22.58
0.0,32.1,50.0,22.58
0.0,35.4,50.0,22.58
0.0,35.7,50.0,22.58
0.0,36.6,50.0,22.58
0.0,36.9,50.0,22.58
0.0,37.1,50.0,22.58
0.0,36.8,50.0,22.9
0.0,36.6,50.0,22.9
0.0,36.2,50.0,22.9
0.0,36.3,50.0,23.23
0.0,36.3,50.0,23.23
0.0,36.2,50.0,23.23
0.0,35.8,50.0,23.23
0.0,35.8,50.0,23.23
0.0,36.2,50.0,23.23
0.0,35.8,50.0,23.23
0.0,36.0,50.0,23.23
0.0,36.2,50.0,23.23
0.0,36.3,50.0,23.23
0.0,36.3,50.0,23.55
0.0,36.3,50.0,23.55
0.0,36.8,50.0,23.23
0.0,36.8,50.0,23.23
0.0,36.8,50.0,23.23
0.0,37.3,50.0,22.9
0.0,36.9,50.0,22.9
0.0,37.4,50.0,22.9
0.0,37.6,50.0,22.9
0.0,37.3,50.0,22.9
0.0,37.6,50.0,22.9
0.0,37.4,50.0,22.9
0.0,38.2,50.0,22.9
0.0,38.8,50.0,22.9
0.0,39.2,50.0,22.9
76.05,39.2,50.0,22.9
76.93,39.8,50.0,23.23
0.0,40.1,50.0,23.23
76.83,40.9,50.0,23.23
78.2,41.2,50.0,23.23
0.0,41.4,50.0,22.9
0.0,42.1,50.0,23.23
76.93,42.5,50.0,23.23
0.0,42.3,50.0,23.23
0.0,42.6,50.0,23.23
0.0,43.1,50.0,23.23
0.0,44.5,50.0,22.9
0.0,44.7,50.0,22.9
0.0,45.1,50.0,22.9
0.0,45.5,50.0,22.9
0.0,44.2,50.0,22.9
0.0,43.6,50.0,22.9
0.0,42.9,50.0,22.9
77.32,42.8,50.0,23.23
0.0,42.8,50.0,22.26
0.0,42.9,50.0,23.23
0.0,42.8,50.0,23.23
0.0,42.3,50.0,23.23
0.0,42.5,50.0,23.55
0.0,42.3,50.0,23.23
0.0,42.1,50.0,23.55
0.0,42.8,50.0,23.55
0.0,42.6,50.0,23.55
0.0,42.3,50.0,23.55
0.0,42.1,50.0,23.55
0.0,41.4,50.0,23.55
0.0,40.1,50.0,23.23
0.0,40.4,50.0,23.55
0.0,40.4,50.0,23.55
0.0,40.6,50.0,23.55
0.0,40.4,50.0,23.55
0.0,40.6,50.0,23.55
0.0,40.9,50.0,23.55
0.0,37.3,50.0,23.55
0.0,37.1,50.0,23.23
0.0,36.6,50.0,23.23
0.0,36.6,50.0,23.23
0.0,36.3,50.0,22.9
0.0,36.2,50.0,22.9
0.0,36.3,50.0,22.9
0.0,36.0,50.0,22.9
0.0,36.0,50.0,22.9
0.0,35.7,50.0,22.9
0.0,35.8,50.0,22.9
0.0,35.8,50.0,22.9
0.0,36.2,50.0,22.9
0.0,35.7,50.0,22.9
0.0,35.8,50.0,22.9
0.0,36.0,50.0,22.9
0.0,36.0,50.0,23.23
0.0,36.2,50.0,23.23
0.0,35.8,50.0,23.23
0.29,47.0,50.0,23.23
0.29,46.9,50.0,23.23
0.29,46.7,50.0,23.23
0.29,46.6,50.0,23.23
0.29,46.6,50.0,23.23
0.29,46.1,50.0,23.23
0.29,46.1,50.0,23.23
0.29,46.4,50.0,22.9
0.29,46.1,50.0,22.9
0.29,46.2,50.0,22.58
0.29,46.1,50.0,22.58
0.29,46.2,50.0,22.58
0.39,46.7,50.0,22.58
0.29,46.7,50.0,22.58
0.29,47.2,50.0,22.26
0.29,47.0,50.0,22.58
0.39,47.2,50.0,22.26
0.29,47.2,50.0,22.26
0.29,47.2,50.0,22.26
0.39,47.3,50.0,22.26
0.29,47.0,50.0,22.26
0.29,47.2,50.0,22.26
0.29,47.0,50.0,22.26
0.29,47.0,50.0,22.26
0.39,47.3,50.0,22.26
0.39,47.5,50.0,22.26
0.39,47.2,50.0,22.26
0.29,47.8,50.0,22.26
0.29,47.7,50.0,22.26
0.39,47.8,50.0,22.26
0.39,48.3,50.0,22.26
78.2,47.5,50.0,22.26
77.03,47.3,50.0,22.26
76.64,47.5,50.0,22.26
76.05,48.3,50.0,22.58
74.0,48.6,50.0,22.9
73.8,49.7,56.0,22.9
78.2,48.8,57.0,22.9
75.95,48.8,50.0,22.9
0.29,48.6,50.0,22.9
0.2,48.8,50.0,22.9
0.29,48.9,50.0,22.58
0.29,48.8,50.0,22.58
0.29,49.4,50.0,22.58
0.29,49.2,50.0,22.9
0.29,49.2,50.0,22.9
0.29,48.8,50.0,22.9
0.29,48.1,50.0,23.23
0.29,47.5,50.0,23.23
0.29,49.2,50.0,23.23
0.29,49.1,50.0,23.23
0.29,48.6,50.0,23.23
0.29,48.6,50.0,23.23
0.29,49.1,50.0,23.23
0.29,49.1,50.0,23.23
0.29,48.6,50.0,23.55
0.29,48.3,50.0,23.55
0.29,48.3,50.0,23.55
0.29,48.1,50.0,23.55
0.29,48.1,50.0,23.55
0.29,47.8,50.0,23.55
0.29,48.0,50.0,23.87
0.29,47.7,50.0,23.87
0.29,48.0,50.0,23.87
0.29,48.3,50.0,23.55
0.29,48.9,50.0,23.55
0.29,48.5,50.0,23.23
0.29,46.1,50.0,22.9
0.29,45.3,50.0,22.9
0.29,45.0,50.0,22.58
0.29,44.0,50.0,22.58
0.29,43.4,50.0,22.58
0.29,40.7,50.0,22.58
76.64,40.3,50.0,22.58
74.58,40.9,56.0,22.58
0.29,39.2,50.0,22.58
0.29,38.8,50.0,22.26
0.29,37.7,50.0,22.26
0.29,36.8,50.0,22.26
0.29,35.8,50.0,22.26
0.29,36.0,50.0,22.26
0.29,36.0,50.0,22.26
0.29,36.2,50.0,22.26
0.29,35.7,50.0,22.26
0.29,35.7,50.0,22.26
76.93,35.7,50.0,22.26
73.8,35.5,50.0,22.26
0.29,35.4,50.0,22.26
0.29,35.1,50.0,22.26
0.29,35.2,50.0,22.26
0.29,35.4,50.0,21.94
0.29,35.1,50.0,21.94
0.29,35.5,50.0,21.94
0.29,35.1,50.0,21.94
0.29,35.1,50.0,21.94
0.29,35.1,50.0,21.94
0.29,35.1,50.0,21.94
0.29,35.2,50.0,22.26
0.29,35.2,50.0,22.26
0.29,35.7,50.0,22.26
0.29,36.2,50.0,22.26
0.29,37.3,50.0,22.9
0.29,37.1,50.0,23.23
0.29,36.6,50.0,23.23
0.29,37.3,50.0,23.23
0.29,37.1,50.0,23.23
0.29,36.3,50.0,22.9
0.29,35.8,50.0,22.58
0.39,35.2,50.0,22.58
0.39,34.7,50.0,22.58
0.39,34.4,50.0,22.26
0.39,34.6,50.0,22.26
0.39,34.1,50.0,22.26
0.39,33.9,50.0,22.26
0.39,34.4,50.0,22.26
0.39,34.3,50.0,21.94
0.39,33.8,50.0,21.94
0.29,33.5,50.0,21.94
0.39,33.6,50.0,21.94
0.39,33.8,50.0,21.94
78.4,33.5,50.0,21.94
0.29,33.6,50.0,21.94
0.29,33.3,50.0,21.94
0.29,33.6,50.0,21.94
0.39,33.6,50.0,21.94
0.29,33.5,50.0,21.94
0.39,34.3,50.0,21.94
0.39,34.1,50.0,21.94
0.39,34.6,50.0,21.94
0.39,33.9,50.0,21.61
0.39,34.1,50.0,21.94
0.39,34.4,50.0,21.61
0.39,34.3,50.0,21.61
0.39,34.6,50.0,21.61
0.39,34.7,50.0,21.61
0.39,35.4,50.0,22.26
0.39,35.1,50.0,22.26
0.39,35.5,50.0,22.26
0.39,35.7,50.0,22.58
0.39,35.4,50.0,22.58
0.39,35.7,50.0,22.58
0.39,35.7,50.0,22.58
0.39,36.0,50.0,22.58
0.39,35.4,50.0,22.9
0.39,35.8,50.0,22.9
0.39,35.4,50.0,22.9
0.39,35.7,50.0,22.9
0.39,35.7,50.0,22.9
0.39,35.7,50.0,22.58
0.39,35.4,50.0,22.58
0.39,35.2,50.0,22.26
0.39,35.1,50.0,22.26
0.39,35.1,50.0,22.26
78.5,35.2,50.0,22.26
78.69,35.1,50.0,22.26
0.29,35.1,50.0,22.26
0.29,34.7,50.0,22.26
0.39,35.1,50.0,21.94
0.39,35.1,50.0,21.94
0.39,35.2,50.0,21.94
0.39,35.7,50.0,21.94
0.39,36.3,50.0,21.94
0.39,37.1,50.0,21.94
0.29,36.9,50.0,21.94
0.39,36.9,50.0,21.94
0.39,36.6,50.0,21.94
0.39,36.2,50.0,21.94
0.39,36.2,50.0,21.94
0.39,37.4,50.0,21.94
0.39,37.9,50.0,21.94
0.39,38.0,50.0,21.94
73.9,38.5,50.0,21.94
0.29,38.8,50.0,21.94
86.8,37.6,50.0,24.19
96.77,44.0,50.0,22.26
96.68,45.6,66.0,21.94
96.58,46.7,54.0,21.61
96.48,49.7,50.0,20.97
95.41,53.8,59.0,18.06
94.72,54.4,53.0,17.42
94.04,57.0,50.0,17.1
93.94,57.0,50.0,16.77
94.92,59.6,50.0,17.1
93.74,60.6,50.0,16.77
93.65,61.5,50.0,16.77
93.26,62.6,60.0,16.45
93.74,62.8,50.0,16.77
93.35,63.0,50.0,17.1
89.25,64.1,56.0,16.45
89.15,65.0,50.0,16.13
84.36,64.2,51.0,16.13
81.53,63.4,50.0,16.45
72.73,62.6,50.0,16.77
73.8,63.4,50.0,16.45
43.5,63.6,50.0,16.45
19.36,65.6,50.0,16.13
9.68,66.7,50.0,15.81
1.66,66.9,50.0,15.81
0.59,68.2,50.0,15.81
0.2,71.0,50.0,15.48
0.0,72.7,50.0,16.13
0.0,68.9,71.0,17.1
0.0,68.5,50.0,16.77
0.0,71.0,50.0,16.13
0.0,72.9,50.0,15.81
0.0,74.8,50.0,15.48
0.2,72.7,58.0,16.13
0.2,71.3,50.0,16.13
0.1,70.7,50.0,16.45
0.2,70.8,50.0,16.13
0.2,71.8,50.0,15.81
0.29,71.5,50.0,15.81
1.27,72.3,50.0,15.48
3.42,71.8,61.0,15.81
16.03,70.7,50.0,16.13
38.51,70.5,50.0,16.13
44.48,71.8,50.0,16.13
65.0,72.3,50.0,16.13
65.2,71.0,50.0,16.45
70.19,72.1,50.0,16.13
78.5,70.8,50.0,16.13
88.07,71.0,50.0,16.77
90.91,68.3,50.0,17.42
93.16,68.2,50.0,18.39
91.79,65.8,58.0,18.06
93.35,65.3,50.0,18.06
91.89,65.3,65.0,17.74
92.77,65.3,50.0,17.74
91.89,64.9,50.0,18.06
92.47,64.9,50.0,18.06
94.23,63.3,50.0,18.71
94.53,63.0,50.0,19.35
95.41,59.0,61.0,20.97
92.96,63.7,50.0,18.71
90.22,64.4,50.0,18.71
97.36,63.3,50.0,20.32
93.26,59.3,50.0,20.65
92.28,62.6,50.0,19.03
92.67,63.4,50.0,19.35
93.35,64.7,50.0,19.35
90.71,65.6,50.0,19.03
91.3,64.2,50.0,19.35
93.74,65.8,50.0,19.03
94.43,64.2,50.0,19.35
89.15,68.3,50.0,17.74
92.57,70.1,61.0,17.1
92.08,68.8,50.0,17.1
91.69,67.8,50.0,17.1
95.41,62.8,50.0,18.71
95.21,58.1,58.0,19.68
94.33,58.2,59.0,19.35
93.65,56.3,50.0,19.03
91.59,56.5,50.0,18.39
93.84,57.1,50.0,18.39
94.53,55.5,64.0,19.03
94.14,56.3,69.0,18.39
92.86,57.4,50.0,17.1
93.55,57.1,70.0,17.1
90.22,58.1,68.0,17.1
87.68,59.8,62.0,16.45
84.36,63.0,50.0,15.48
86.9,63.0,50.0,15.81
85.92,62.2,62.0,15.48
83.87,61.4,50.0,15.16
76.83,59.6,62.0,14.84
65.69,59.5,62.0,14.84
66.67,60.6,58.0,14.52
50.44,62.3,50.0,14.52
19.65,64.5,60.0,14.19
4.59,64.9,63.0,14.19
1.27,67.2,52.0,14.52
0.2,68.6,65.0,14.19
0.1,71.6,64.0,13.55
0.2,72.4,62.0,13.55
0.1,73.8,63.0,13.23
0.1,72.9,61.0,13.55
0.1,71.9,50.0,13.87
0.1,71.2,51.0,13.87
0.1,71.2,57.0,13.87
0.1,71.5,68.0,13.87
0.2,71.9,63.0,13.87
0.1,71.6,50.0,13.87
0.2,72.9,57.0,13.55
0.68,74.2,50.0,13.55
3.23,74.3,50.0,13.87
12.22,73.5,68.0,13.87
34.41,73.4,50.0,13.87
48.48,72.9,56.0,14.19
56.6,75.4,50.0,13.23
57.18,76.2,50.0,13.55
68.62,75.3,50.0,13.23
82.7,74.5,50.0,13.23
87.98,74.0,50.0,13.55
89.44,73.2,53.0,13.55
87.98,72.1,70.0,14.19
89.64,72.1,50.0,13.87
90.71,71.8,50.0,14.52
91.5,68.5,50.0,15.16
91.89,72.3,62.0,13.87
94.04,71.8,50.0,13.87
93.84,69.4,63.0,13.87
92.67,70.2,66.0,13.87
94.43,67.2,60.0,15.48
94.92,66.3,50.0,15.48
94.53,63.7,50.0,15.81
94.82,60.8,50.0,16.45
94.53,60.6,54.0,16.13
97.75,52.4,62.0,21.29
96.48,50.8,50.0,20.65
94.82,55.1,69.0,18.06
95.99,55.1,50.0,18.06
94.92,53.7,50.0,18.39
93.94,55.4,50.0,17.1
90.42,59.0,61.0,16.13
96.97,55.7,50.0,20.32
94.92,50.7,67.0,20.65
95.5,46.4,50.0,20.65
96.48,44.2,54.0,21.94
96.48,43.9,66.0,21.94
97.16,42.6,71.0,20.65
95.6,40.6,66.0,19.68
94.92,41.4,64.0,19.03
94.82,41.8,68.0,19.03
94.43,43.4,50.0,17.74
94.14,45.6,50.0,16.77
92.96,46.1,66.0,16.77
91.5,45.6,60.0,17.1
92.77,45.6,50.0,16.77
92.67,46.9,79.0,16.13
90.52,49.2,50.0,15.81
90.13,49.7,50.0,15.16
92.18,48.9,50.0,15.16
90.42,48.3,52.0,14.84
87.1,49.9,50.0,13.87
78.1,51.8,60.0,13.55
75.95,54.4,68.0,13.23
67.35,55.7,54.0,12.9
50.44,56.7,63.0,12.58
22.78,56.8,59.0,12.26
5.67,57.4,67.0,11.94
0.88,57.8,62.0,11.94
0.1,57.1,50.0,12.26
0.0,58.2,51.0,12.26
0.0,58.2,61.0,11.94
0.0,59.6,50.0,11.61
0.0,60.4,50.0,11.29
0.0,59.5,65.0,11.61
0.0,59.2,61.0,11.29
0.0,61.2,57.0,10.65
0.0,62.6,50.0,10.32
0.0,63.0,56.0,10.32
0.2,63.6,50.0,10.32
0.68,65.0,50.0,10.97
3.13,66.0,63.0,11.29
15.54,67.1,61.0,11.61
38.32,68.0,62.0,11.61
61.0,68.2,59.0,11.61
69.99,68.2,50.0,11.94
73.8,68.2,64.0,11.94
80.35,68.3,50.0,12.26
84.75,68.2,50.0,12.58
78.98,67.4,50.0,12.58
81.23,67.8,50.0,12.9
81.53,70.8,66.0,11.94
88.66,71.9,50.0,11.61
86.8,65.3,68.0,11.94
90.62,62.8,68.0,12.58
92.47,62.8,61.0,12.9
94.04,62.5,50.0,12.9
97.16,50.3,50.0,15.81
97.85,45.3,50.0,17.74
96.48,50.0,65.0,16.77
97.95,47.0,50.0,18.06
96.77,48.1,67.0,16.77
97.75,44.5,62.0,17.74
97.85,41.7,70.0,18.71
97.65,40.6,69.0,18.71
97.65,39.0,68.0,19.35
95.89,39.0,50.0,17.74
97.56,37.9,55.0,19.68
97.36,38.0,50.0,18.06
95.99,36.5,68.0,19.03
95.99,39.2,56.0,18.39
97.36,38.4,64.0,20.0
96.09,37.1,55.0,19.68
95.02,42.6,61.0,17.1
96.97,36.0,50.0,20.65
95.99,37.4,72.0,20.65
96.77,36.8,50.0,20.32
95.31,39.8,50.0,19.35
96.48,36.2,63.0,20.32
97.36,37.1,83.0,19.03
97.56,37.7,72.0,20.32
94.62,37.7,50.0,17.42
93.74,38.5,64.0,17.1
93.84,37.6,50.0,16.77
92.86,39.3,50.0,16.77
93.06,41.5,65.0,15.81
92.57,42.3,72.0,15.48
91.98,41.8,50.0,15.48
90.42,40.9,50.0,15.16
90.52,43.1,67.0,14.52
91.4,47.0,74.0,14.52
91.98,45.8,50.0,15.16
87.2,45.6,57.0,13.87
86.22,46.6,50.0,13.87
81.23,47.0,75.0,13.23
75.37,48.1,50.0,12.9
60.7,49.2,61.0,12.26
33.92,50.0,66.0,11.94
8.8,51.8,65.0,11.94
2.15,51.9,68.0,11.94
0.39,53.0,65.0,11.61
0.0,52.2,55.0,11.61
0.0,54.9,68.0,10.97
0.0,56.8,50.0,10.97
0.0,60.4,65.0,10.32
0.0,62.8,68.0,10.32
0.0,61.7,55.0,10.32
0.0,61.5,50.0,10.32
0.0,60.9,50.0,10.65
0.0,61.1,50.0,10.32
0.1,62.6,63.0,10.0
0.49,63.3,50.0,10.0
2.64,63.7,66.0,9.68
9.97,63.1,51.0,10.0
30.69,62.2,50.0,10.32
58.36,61.5,68.0,10.32
74.88,62.5,50.0,9.68
81.33,62.8,60.0,10.32
85.63,62.6,57.0,10.32
90.91,61.7,50.0,10.65
91.79,60.1,50.0,11.29
93.06,58.7,50.0,11.94
93.94,56.2,50.0,12.26
97.46,50.3,63.0,12.9
97.56,47.8,50.0,13.87
95.6,46.7,70.0,14.52
97.85,42.8,50.0,15.81
94.82,51.8,61.0,16.45
97.85,40.9,50.0,15.16
96.77,39.8,50.0,18.39
97.95,45.9,62.0,19.68
97.16,43.9,50.0,17.42
95.31,43.6,50.0,17.42
97.85,38.7,53.0,18.06
97.75,37.7,60.0,21.29
93.84,41.0,50.0,21.29
97.65,38.4,50.0,18.39
97.07,36.0,64.0,20.97
93.94,39.9,50.0,21.61
97.56,36.6,50.0,18.39
96.09,39.0,50.0,20.65
94.33,34.9,50.0,19.35
95.89,37.4,50.0,20.32
95.7,37.3,50.0,20.0
95.8,39.8,50.0,21.29
94.23,38.8,50.0,18.39
94.53,40.9,50.0,17.74
95.21,42.1,50.0,19.03
96.58,37.3,57.0,18.06
95.11,41.8,50.0,22.9
97.26,36.5,50.0,17.74
97.36,38.7,50.0,19.68
94.04,36.3,50.0,20.0
95.21,37.7,68.0,19.68
94.62,37.4,50.0,18.39
93.84,38.0,50.0,18.39
94.33,38.8,55.0,17.74
93.35,38.7,50.0,17.42
92.47,40.9,62.0,17.1
92.47,41.4,68.0,15.81
91.69,41.7,50.0,15.81
90.32,40.6,50.0,15.16
92.08,39.9,50.0,14.84
88.66,42.6,63.0,15.48
87.59,44.8,50.0,13.87
83.58,46.7,50.0,13.23
77.91,48.0,50.0,12.58
66.96,47.8,50.0,12.26
37.83,49.7,50.0,12.26
19.45,52.1,50.0,11.94
5.86,53.8,50.0,11.61
0.78,55.4,50.0,10.97
0.2,55.4,50.0,10.97
0.0,55.5,55.0,11.29
0.0,55.4,67.0,11.29
0.0,55.9,50.0,10.97
0.0,58.2,50.0,10.65
0.0,57.4,50.0,10.32
0.0,57.4,54.0,10.0
0.0,57.6,52.0,9.68
0.0,57.4,50.0,9.68
0.1,56.8,50.0,9.35
0.39,56.7,50.0,9.35
1.56,55.2,50.0,9.35
6.35,55.7,50.0,9.03
23.17,56.3,50.0,9.03
50.64,57.3,50.0,8.71
73.02,58.5,50.0,8.06
89.05,56.7,51.0,8.06
87.2,57.4,55.0,8.39
89.64,58.1,50.0,8.06
91.01,57.6,64.0,8.06
92.18,54.9,58.0,9.03
93.06,53.5,50.0,9.68
97.26,45.8,64.0,10.0
97.56,39.8,50.0,10.97
97.65,40.4,50.0,12.9
97.75,36.3,50.0,14.19
97.75,36.0,50.0,16.77
97.85,33.3,50.0,16.77
97.85,31.6,50.0,18.39
97.75,30.8,50.0,19.35
97.75,31.7,50.0,20.0
97.46,33.6,50.0,20.32
97.75,31.0,61.0,18.71
97.75,30.6,67.0,21.94
97.65,31.6,50.0,21.94
97.65,30.5,50.0,22.26
97.46,28.9,50.0,22.9
97.46,31.3,66.0,20.97
97.36,28.9,50.0,21.94
97.36,31.3,50.0,23.55
97.46,29.7,50.0,22.9
96.19,28.6,50.0,22.58
96.68,30.2,50.0,23.55
96.48,30.2,50.0,24.19
96.19,32.1,50.0,23.87
96.77,31.0,50.0,21.94
96.77,31.6,50.0,24.52
96.48,33.0,50.0,25.16
95.99,33.3,61.0,21.94
96.38,33.9,50.0,22.26
95.89,33.3,50.0,21.94
97.65,32.8,55.0,21.94
95.99,32.8,50.0,26.13
94.82,42.6,50.0,26.13
92.96,42.1,50.0,17.74
93.65,44.2,50.0,17.1
93.16,44.5,50.0,16.77
91.1,43.4,50.0,15.48
90.32,45.1,50.0,16.13
91.89,45.8,50.0,15.16
91.5,45.0,51.0,15.48
89.74,46.1,50.0,15.48
88.95,44.5,50.0,9.35
86.12,44.8,50.0,15.16
78.59,47.7,50.0,15.16
70.28,49.4,60.0,15.48
59.82,49.6,50.0,14.52
40.96,48.6,50.0,14.19
18.38,47.3,50.0,14.19
6.16,46.9,50.0,14.19
1.27,46.6,50.0,14.52
0.2,45.5,50.0,14.52
0.0,45.5,50.0,14.19
0.0,46.7,50.0,14.52
0.0,47.5,50.0,14.52
0.0,49.1,50.0,13.87
0.0,50.8,50.0,13.23
0.0,51.0,60.0,13.55
0.0,51.4,50.0,13.23
0.0,52.1,50.0,13.55
0.0,52.7,50.0,13.55
0.0,52.4,50.0,13.23
0.2,54.9,50.0,13.23
1.08,56.0,50.0,13.55
7.33,56.5,50.0,12.58
27.57,57.9,54.0,12.9
52.49,58.4,54.0,13.23
74.88,57.4,50.0,13.23
86.51,58.1,50.0,13.55
90.03,57.3,50.0,13.55
91.79,56.2,50.0,13.55
92.38,56.8,57.0,14.19
92.96,55.5,50.0,14.84
94.53,53.7,50.0,15.16
93.35,52.4,50.0,15.16
93.84,55.7,50.0,15.81
94.04,56.7,50.0,15.81
92.67,57.3,56.0,15.48
92.86,54.8,50.0,15.81
92.08,55.4,63.0,14.52
93.06,54.9,50.0,14.84
93.55,55.4,56.0,14.52
94.23,56.3,80.0,14.19
95.41,54.8,70.0,14.19
96.58,50.0,50.0,14.19
96.28,46.9,50.0,15.48
95.7,47.5,50.0,16.77
95.99,47.8,50.0,18.39
94.53,49.2,50.0,18.06
94.43,51.1,50.0,18.39
95.02,51.0,50.0,17.1
95.99,49.9,58.0,16.77
95.5,51.1,50.0,16.77
94.62,54.6,50.0,17.74
95.21,54.0,62.0,17.1
96.19,55.1,50.0,16.45
96.68,53.0,57.0,17.1
96.58,50.0,60.0,17.42
96.97,46.1,50.0,18.06
96.68,46.2,50.0,19.03
96.28,45.9,50.0,21.61
95.89,48.8,50.0,21.29
95.8,49.1,56.0,22.9
96.28,49.1,74.0,19.35
94.92,49.6,51.0,19.35
94.72,50.5,50.0,20.65
91.2,55.9,55.0,19.03
91.79,57.0,50.0,19.03
91.69,57.3,73.0,17.42
91.3,57.0,64.0,16.77
90.71,55.7,61.0,16.77
89.15,57.8,50.0,16.77
84.95,59.2,70.0,16.45
82.01,56.5,61.0,16.13
77.61,54.8,63.0,16.13
68.13,55.9,65.0,16.13
48.39,51.0,64.0,16.13
22.38,50.5,52.0,16.13
5.67,48.3,50.0,16.13
1.76,48.3,64.0,15.81
0.29,45.0,71.0,15.48
0.0,45.5,63.0,15.48
0.0,47.7,63.0,15.48
0.0,48.0,75.0,15.48
0.0,48.6,64.0,15.48
0.0,48.3,54.0,15.48
0.0,50.3,70.0,15.16
0.0,50.8,57.0,15.16
0.0,52.1,63.0,15.16
0.0,52.9,82.0,15.16
0.0,53.3,62.0,15.16
0.0,53.5,50.0,15.16
0.1,53.2,50.0,15.16
0.39,55.2,57.0,15.16
1.47,72.1,65.0,15.16
6.16,74.3,56.0,14.84
18.18,72.9,50.0,11.94
24.63,71.2,55.0,11.94
38.42,71.8,69.0,13.23
41.15,72.1,60.0,13.23
58.26,72.7,50.0,13.23
66.47,72.7,50.0,13.23
47.6,74.0,54.0,13.23
65.98,73.7,50.0,13.23
78.1,74.6,50.0,13.55
73.9,74.9,52.0,13.23
81.23,75.4,50.0,13.23
83.28,75.3,50.0,13.55
82.4,73.5,53.0,13.87
81.82,73.4,50.0,13.87
81.53,74.9,53.0,14.19
85.14,75.3,50.0,14.19
86.02,72.3,50.0,13.87
87.2,71.2,66.0,14.52
89.54,69.6,50.0,15.16
87.88,70.1,50.0,15.48
90.03,66.7,50.0,15.48
88.46,64.7,59.0,15.48
89.15,63.9,50.0,15.81
87.2,63.1,50.0,16.13
85.24,64.1,50.0,16.13
85.53,64.4,50.0,16.45
88.46,62.8,50.0,16.13
88.95,63.6,50.0,16.13
90.42,62.3,50.0,16.45
90.52,61.9,50.0,16.45
91.59,61.2,50.0,16.77
91.5,61.7,50.0,16.77
90.32,61.5,50.0,17.42
91.4,61.9,50.0,17.74
91.1,61.1,50.0,17.42
90.42,61.2,50.0,17.1
89.74,61.1,50.0,17.42
91.79,61.5,50.0,17.42
88.07,61.4,50.0,17.42
87.68,61.7,50.0,17.42
87.68,62.2,50.0,17.42
85.73,62.6,50.0,17.1
84.26,64.2,62.0,17.1
82.6,64.5,50.0,16.77
83.48,65.3,50.0,16.45
80.45,65.0,50.0,16.45
75.86,64.4,50.0,16.45
66.96,63.9,50.0,16.45
63.34,61.5,56.0,16.45
57.38,62.2,59.0,16.13
40.76,64.1,50.0,16.45
21.21,63.3,50.0,16.45
12.9,66.1,53.0,16.13
3.23,67.1,50.0,16.13
0.78,69.9,50.0,15.48
0.29,71.5,58.0,15.16
0.2,71.6,50.0,14.52
0.2,71.6,50.0,14.19
0.1,72.1,50.0,14.19
0.2,72.6,51.0,14.19
0.1,71.9,50.0,14.19
0.2,72.9,50.0,14.19
0.2,71.9,50.0,14.19
0.1,70.8,50.0,13.87
0.1,71.0,50.0,14.19
0.1,70.1,61.0,14.19
0.1,69.7,50.0,14.19
0.2,69.4,50.0,14.19
0.39,69.4,50.0,14.19
1.37,69.6,51.0,14.19
6.16,68.8,50.0,13.87
17.3,68.5,50.0,13.87
33.04,68.2,50.0,13.87
45.36,67.7,63.0,13.55
58.65,67.2,50.0,13.87
67.55,67.1,50.0,13.87
75.56,66.3,50.0,13.87
79.37,66.0,50.0,13.87
76.34,65.8,50.0,14.19
78.98,67.5,65.0,14.19
79.18,63.7,50.0,14.52
85.44,64.2,50.0,14.52
83.97,63.3,50.0,14.84
87.39,64.4,50.0,14.84
86.41,63.0,50.0,14.84
85.73,62.8,58.0,15.16
85.63,62.0,50.0,15.48
87.68,65.0,50.0,15.48
87.98,66.4,50.0,15.48
93.65,66.4,50.0,14.84
92.86,64.7,50.0,14.84
90.52,65.0,50.0,14.84
89.25,66.4,50.0,15.16
91.01,64.1,50.0,15.16
91.69,62.3,50.0,14.84
91.59,62.0,50.0,15.16
91.4,60.3,50.0,15.81
91.5,62.3,50.0,16.13
92.18,62.0,50.0,16.13
92.18,63.1,50.0,15.81
91.3,63.7,50.0,15.81
90.22,63.9,50.0,16.13
91.89,66.1,55.0,15.81
90.52,65.5,60.0,15.81
89.83,65.3,50.0,15.16
90.42,65.5,50.0,15.48
90.81,64.4,50.0,15.81
86.71,66.4,50.0,15.81
91.01,67.5,50.0,16.45
92.18,67.8,50.0,15.81
88.37,69.7,50.0,15.48
87.29,70.7,60.0,15.48
87.2,70.2,57.0,14.84
86.9,71.0,51.0,14.84
84.36,70.4,50.0,14.84
80.06,70.2,50.0,14.84
79.28,70.2,59.0,14.84
69.7,70.7,57.0,14.84
70.67,69.9,50.0,14.52
64.32,70.4,56.0,14.84
55.23,69.7,50.0,14.52
49.27,70.1,55.0,14.52
37.83,70.1,51.0,14.52
20.33,70.4,50.0,14.52
11.34,70.1,50.0,14.19
3.13,70.8,50.0,14.52
0.78,70.4,66.0,14.52
0.29,71.0,50.0,14.19
0.2,70.8,50.0,14.19
0.1,70.8,50.0,14.19
0.1,71.2,50.0,14.19
0.2,71.0,50.0,14.19
0.2,71.5,50.0,14.19
0.2,72.3,50.0,14.19
0.1,72.3,50.0,14.19
0.1,71.3,56.0,14.19
0.0,71.3,50.0,13.87
0.0,69.4,50.0,13.87
0.0,67.2,63.0,14.19
0.1,67.5,57.0,14.19
1.27,66.3,50.0,14.52
7.14,64.7,50.0,14.52
22.58,64.1,50.0,14.52
51.22,64.4,50.0,14.84
60.61,64.4,50.0,14.84
73.02,64.9,50.0,15.16
82.21,62.8,50.0,15.16
88.86,62.3,50.0,15.16
91.98,61.9,60.0,15.48
91.4,61.7,50.0,15.81
94.14,60.6,50.0,16.13
97.56,49.9,50.0,16.13
97.75,46.7,50.0,16.45
97.85,45.3,50.0,18.06
97.85,44.5,50.0,19.68
97.85,43.6,50.0,20.97
97.85,43.4,51.0,20.97
97.26,41.5,50.0,21.61
97.85,41.7,50.0,22.58
97.65,42.6,54.0,23.55
97.75,40.4,50.0,24.19
97.75,38.7,50.0,24.19
97.75,38.7,50.0,25.48
97.75,36.6,50.0,25.48
97.65,39.3,50.0,25.16
97.56,39.6,50.0,26.77
97.46,39.9,50.0,25.48
97.46,37.9,50.0,25.48
97.36,37.9,50.0,26.45
97.46,38.0,58.0,27.42
97.56,37.7,50.0,26.77
95.11,35.8,55.0,28.06
96.97,36.0,54.0,29.35
95.11,36.2,50.0,29.35
96.77,34.6,50.0,29.68
96.48,37.1,50.0,26.45
96.28,36.8,50.0,31.61
95.11,39.8,50.0,28.06
94.82,34.3,50.0,29.35
97.26,36.3,50.0,24.52
94.04,38.2,50.0,30.32
94.62,38.7,62.0,31.29
94.33,36.6,50.0,25.48
93.65,37.1,50.0,24.52
92.96,37.3,50.0,24.84
92.47,37.9,50.0,24.52
92.38,37.4,50.0,23.55
91.89,38.7,50.0,23.23
91.69,39.5,50.0,22.9
91.98,39.3,50.0,22.26
91.3,37.9,63.0,21.94
88.95,39.8,50.0,21.94
86.71,48.3,50.0,21.29
83.19,53.3,54.0,20.32
76.74,51.0,50.0,19.35
58.55,53.0,50.0,18.39
28.15,59.3,50.0,17.42
7.23,63.0,50.0,16.13
1.66,63.7,63.0,15.16
0.29,64.4,50.0,13.87
0.1,63.1,67.0,13.23
0.0,63.1,50.0,12.9
0.0,62.0,50.0,12.9
0.0,62.2,50.0,12.9
0.0,61.7,50.0,13.23
0.0,60.6,50.0,13.23
0.0,60.6,50.0,13.55
0.0,61.5,50.0,13.23
0.0,61.5,50.0,12.58
0.2,61.4,50.0,12.26
0.88,60.9,50.0,12.26
3.52,61.9,63.0,11.94
14.08,62.5,61.0,11.94
39.0,63.3,50.0,11.94
64.32,64.7,50.0,11.61
84.26,64.5,66.0,11.29
85.63,65.6,50.0,11.29
90.42,65.3,50.0,11.29
89.05,64.5,50.0,10.97
89.44,64.2,50.0,11.61
82.4,65.8,50.0,12.26
86.71,66.3,50.0,12.58
91.01,66.7,50.0,12.26
91.98,64.7,50.0,12.58
93.65,63.9,66.0,12.9
92.47,63.1,68.0,13.55
90.13,61.9,66.0,14.19
95.02,60.3,50.0,14.52
94.23,60.1,64.0,14.84
95.6,56.7,50.0,15.48
93.55,56.0,60.0,15.81
98.04,54.9,50.0,17.42
97.46,52.1,50.0,16.77
95.89,50.8,65.0,19.03
97.75,40.4,50.0,20.0
96.87,45.9,50.0,19.68
95.5,50.3,62.0,25.81
94.82,54.6,50.0,21.61
96.58,49.6,50.0,18.71
94.53,47.8,50.0,18.06
95.7,42.9,67.0,21.94
96.97,41.7,50.0,19.35
96.58,41.0,50.0,20.97
96.19,39.2,50.0,22.26
95.41,40.7,65.0,20.65
96.19,39.6,50.0,20.65
95.11,42.8,50.0,19.35
95.8,42.9,50.0,21.94
95.02,45.1,50.0,19.03
94.33,43.7,50.0,20.32
94.53,42.3,50.0,17.74
96.87,44.5,60.0,18.39
94.62,43.9,50.0,19.03
94.82,42.6,50.0,18.06
92.86,45.1,50.0,18.06
93.16,43.9,76.0,18.06
90.71,44.8,64.0,16.45
91.59,46.4,50.0,16.77
90.13,45.9,50.0,16.13
91.89,46.7,50.0,15.48
89.83,47.7,50.0,15.48
86.41,48.6,61.0,15.16
86.61,49.4,50.0,14.84
81.62,50.2,50.0,14.52
71.16,52.6,50.0,14.19
77.32,53.5,50.0,13.87
64.91,53.0,50.0,13.55
39.2,56.8,50.0,12.9
13.49,58.1,50.0,12.26
2.93,59.6,62.0,11.94
0.0,59.6,50.0,11.61
0.0,59.3,50.0,11.29
0.0,58.9,50.0,10.97
0.0,60.4,51.0,10.97
0.0,60.6,56.0,11.29
0.0,60.0,50.0,10.97
0.0,59.3,50.0,10.97
0.0,61.4,67.0,10.97
0.1,62.0,58.0,11.29
0.29,61.5,50.0,11.29
1.37,61.4,72.0,10.97
5.96,62.3,50.0,10.97
23.17,63.1,55.0,10.65
51.22,63.0,50.0,10.32
70.97,63.9,55.0,10.32
81.13,64.1,50.0,10.32
87.78,65.0,55.0,10.0
90.03,63.9,56.0,10.0
91.3,63.9,50.0,10.0
92.28,62.5,60.0,10.65
93.06,60.8,50.0,10.97
97.46,51.4,61.0,11.94
97.46,48.5,60.0,12.26
97.75,47.0,50.0,12.9
96.97,44.4,63.0,13.87
95.02,44.4,61.0,15.16
93.55,50.2,50.0,16.45
93.74,51.4,50.0,17.74
94.43,46.9,60.0,16.45
97.85,43.4,50.0,16.77
93.06,52.2,50.0,18.39
96.09,52.2,62.0,20.65
93.55,55.1,51.0,16.77
93.84,60.0,63.0,18.06
94.04,49.4,50.0,16.77
97.75,47.3,50.0,15.48
95.5,45.0,66.0,20.0
97.56,55.9,68.0,22.26
96.87,53.2,69.0,19.03
97.46,48.3,63.0,15.48
97.26,45.6,71.0,16.77
95.7,43.6,72.0,19.03
94.53,47.0,64.0,21.29
95.02,46.6,61.0,20.32
94.82,44.5,50.0,19.03
93.06,52.6,61.0,19.35
95.89,54.1,66.0,20.0
95.41,51.4,70.0,16.77
95.5,50.2,50.0,17.42
95.11,49.9,50.0,17.1
97.26,50.2,61.0,18.06
95.31,52.6,50.0,17.42
93.06,49.1,50.0,19.68
90.81,51.4,50.0,17.74
93.94,59.2,50.0,18.06
93.65,55.4,50.0,16.45
91.98,55.9,59.0,16.45
91.3,58.5,69.0,16.77
91.01,55.5,65.0,14.84
92.38,54.4,50.0,14.84
89.64,53.8,62.0,14.84
90.81,54.9,54.0,15.16
88.37,51.6,50.0,15.81
86.12,52.6,58.0,14.52
81.82,54.4,50.0,14.19
69.8,55.9,69.0,13.23
48.97,56.8,62.0,12.9
22.19,57.1,50.0,12.26
5.67,58.1,50.0,11.94
1.17,58.5,50.0,11.94
0.29,58.4,61.0,11.29
0.0,60.8,50.0,10.97
0.0,60.9,51.0,10.65
0.0,60.6,50.0,10.32
0.0,62.2,50.0,10.32
0.0,63.1,69.0,10.32
0.0,63.4,50.0,10.0
0.0,62.3,50.0,9.68
0.0,61.9,50.0,9.68
0.0,62.2,50.0,10.0
0.0,62.0,54.0,10.32
0.2,61.9,50.0,10.65
1.27,61.5,62.0,10.32
5.38,60.4,50.0,10.65
14.86,62.3,50.0,10.97
29.03,64.2,69.0,10.97
51.12,65.6,50.0,10.97
77.61,65.3,50.0,10.65
80.16,65.0,65.0,10.65
87.0,65.2,61.0,10.97
92.28,63.7,50.0,11.29
93.16,61.1,64.0,11.29
95.6,57.6,50.0,11.61
97.56,51.0,50.0,12.26
97.75,47.2,50.0,12.9
97.07,47.5,50.0,14.19
97.95,43.7,50.0,16.13
97.85,42.1,50.0,16.45
97.95,42.0,50.0,18.39
95.02,50.3,50.0,20.65
95.5,49.6,57.0,20.97
97.85,45.5,50.0,17.42
97.85,42.6,50.0,17.42
95.8,42.3,64.0,19.68
97.75,41.4,50.0,22.58
96.19,41.2,50.0,20.97
97.75,40.7,50.0,21.94
97.65,39.0,63.0,22.9
97.75,38.7,50.0,23.55
97.16,38.2,50.0,24.84
95.5,39.5,61.0,24.19
95.7,38.4,50.0,25.16
95.5,40.1,50.0,23.55
97.16,41.8,50.0,24.52
95.21,37.1,50.0,21.94
96.77,38.2,50.0,22.26
94.72,37.3,50.0,24.52
96.58,36.5,50.0,25.16
96.58,36.3,50.0,25.48
96.28,35.1,50.0,26.13
96.28,36.8,50.0,26.77
96.87,37.9,61.0,26.13
97.36,38.5,60.0,25.16
94.53,39.0,50.0,24.84
94.14,39.5,50.0,24.19
94.23,40.7,53.0,20.32
92.86,40.7,50.0,20.0
93.16,40.7,50.0,19.03
92.77,42.8,50.0,18.71
92.47,43.6,50.0,18.71
91.69,44.7,51.0,17.74
91.01,45.8,50.0,17.1
89.93,46.1,50.0,16.45
87.39,45.8,50.0,16.13
83.09,47.5,50.0,15.81
80.06,48.8,50.0,15.16
68.52,50.0,60.0,14.52
49.27,50.8,60.0,13.87
28.15,51.3,50.0,13.23
7.23,52.2,50.0,12.9
1.56,53.7,61.0,12.9
0.29,55.4,60.0,12.26
0.0,56.5,50.0,11.94
0.0,56.8,50.0,11.61
0.0,59.8,50.0,11.29
0.0,60.4,50.0,11.29
0.0,61.9,50.0,10.65
0.0,61.5,50.0,10.65
0.0,62.2,55.0,10.32
0.0,63.1,50.0,10.32
0.0,61.1,50.0,10.65
0.0,62.5,51.0,10.32
0.0,63.1,50.0,10.65
0.59,62.3,56.0,10.32
3.32,62.3,50.0,10.32
13.39,63.1,50.0,10.32
39.59,63.9,50.0,10.32
57.28,62.8,56.0,10.32
67.35,63.0,63.0,10.32
78.89,62.8,50.0,10.65
85.83,63.0,50.0,10.65
88.86,62.5,50.0,10.65
91.98,62.2,50.0,10.97
93.06,60.3,50.0,11.29
97.26,54.6,50.0,11.29
97.56,48.6,67.0,11.94
97.75,45.1,50.0,12.58
97.85,42.9,66.0,14.19
97.85,41.2,50.0,15.48
97.85,42.1,72.0,17.1
97.95,42.3,50.0,18.06
97.85,39.2,50.0,19.35
97.75,36.8,50.0,20.0
97.85,36.6,50.0,22.58
97.75,36.9,50.0,23.87
97.75,37.9,50.0,24.52
97.75,38.0,57.0,24.52
97.75,36.2,50.0,22.58
97.65,34.9,50.0,23.23
97.56,34.6,50.0,24.52
97.46,32.4,50.0,23.87
97.46,31.0,64.0,25.16
97.36,30.2,50.0,25.16
97.26,28.3,50.0,27.1
97.16,28.1,66.0,26.13
96.97,26.1,74.0,26.45
96.87,23.4,50.0,26.77
96.87,24.6,61.0,28.06
96.77,22.8,50.0,27.42
96.48,20.7,50.0,28.06
96.19,19.9,50.0,29.03
96.09,22.0,50.0,28.06
96.38,21.3,50.0,27.42
96.48,22.9,68.0,27.74
94.82,23.4,51.0,28.06
94.72,23.5,50.0,26.77
94.33,25.4,50.0,23.55
93.84,28.6,62.0,21.94
93.35,28.9,50.0,21.29
92.57,29.8,50.0,20.97
91.98,33.0,50.0,20.0
91.4,33.6,50.0,19.35
91.98,35.5,50.0,18.71
92.57,33.8,50.0,17.74
90.22,34.1,50.0,17.42
87.59,39.2,50.0,18.39
85.92,42.0,50.0,16.77
81.43,44.2,50.0,15.48
71.65,47.0,50.0,14.84
49.07,50.3,50.0,14.52
4.69,54.3,50.0,13.87
1.17,56.8,50.0,13.23
0.29,56.8,50.0,12.26
0.1,56.2,50.0,11.61
0.0,57.1,50.0,11.61
0.0,58.7,50.0,11.61
0.0,60.9,50.0,10.97
0.0,62.2,51.0,10.32
0.0,60.8,50.0,10.0
0.0,62.5,50.0,10.0
0.0,63.4,50.0,10.0
0.0,63.1,50.0,9.03
0.1,63.6,54.0,9.35
0.68,63.7,57.0,9.35
3.23,64.7,50.0,9.03
13.1,67.1,60.0,8.39
37.73,67.8,50.0,8.39
63.73,66.1,50.0,8.71
85.63,65.2,50.0,9.03
86.61,63.4,50.0,8.71
89.44,65.8,50.0,8.39
90.91,64.9,50.0,9.35
91.79,63.4,50.0,9.68
92.86,62.0,50.0,10.32
97.16,54.1,50.0,10.65
97.56,46.7,50.0,11.94
97.75,43.6,50.0,14.19
97.85,41.8,50.0,16.13
97.65,48.0,50.0,16.13
97.75,41.5,50.0,16.77
97.65,38.5,50.0,22.26
96.68,37.3,50.0,23.55
97.75,43.3,50.0,17.74
97.75,40.3,63.0,18.71
97.85,39.2,63.0,19.35
97.65,38.0,61.0,22.26
97.36,34.3,50.0,22.58
97.75,32.7,50.0,25.16
97.65,31.0,50.0,25.81
97.16,32.5,50.0,23.55
97.56,32.8,50.0,24.19
97.26,34.6,55.0,21.94
97.26,34.1,65.0,23.87
97.56,33.0,50.0,24.19
96.97,36.8,50.0,22.58
97.26,42.3,50.0,21.29
96.97,42.9,60.0,20.65
96.68,46.4,59.0,20.32
96.58,44.8,65.0,21.61
96.48,49.2,66.0,20.97
96.28,49.1,63.0,20.65
95.89,51.3,63.0,20.0
95.89,50.8,61.0,20.65
96.97,51.8,50.0,21.61
97.46,49.4,62.0,20.97
93.84,48.1,50.0,18.39
94.72,49.1,52.0,18.71
93.94,47.8,65.0,19.35
93.74,48.5,50.0,18.39
92.96,50.8,50.0,18.39
91.59,50.7,63.0,18.06
91.89,48.1,61.0,18.39
92.38,48.8,50.0,17.74
91.01,49.9,60.0,17.42
91.59,51.1,59.0,17.1
88.56,53.3,51.0,16.77
78.4,54.0,50.0,16.45
74.49,52.1,60.0,16.45
64.12,51.9,50.0,16.45
42.33,51.9,50.0,16.13
0.49,52.6,50.0,15.48
0.0,51.9,50.0,15.16
0.0,52.9,50.0,15.16
0.0,52.4,50.0,15.16
0.0,52.9,50.0,14.84
0.0,53.3,50.0,14.84
0.0,54.3,50.0,14.52
0.0,55.4,50.0,14.52
0.0,55.9,50.0,14.52
0.0,56.5,50.0,14.19
0.0,56.7,50.0,14.19
0.0,57.6,50.0,13.87
0.0,58.9,50.0,13.87
0.39,60.1,50.0,13.55
1.76,61.1,50.0,13.55
5.47,61.5,50.0,13.55
18.87,61.4,50.0,13.55
45.94,61.5,50.0,13.87
68.82,62.0,50.0,13.87
83.68,63.1,50.0,13.87
89.64,62.8,50.0,14.19
87.1,61.5,50.0,14.84
89.54,61.9,50.0,15.16
91.59,61.4,50.0,15.48
95.6,59.5,50.0,16.13
93.94,58.7,50.0,16.77
93.94,56.3,50.0,17.42
93.74,57.3,50.0,17.42
97.65,51.9,50.0,19.68
97.85,45.5,64.0,22.58
96.28,45.3,50.0,22.26
97.65,40.9,58.0,25.16
97.95,41.0,61.0,26.45
97.85,40.7,50.0,28.06
96.87,44.0,50.0,21.94
96.97,49.1,50.0,21.94
97.56,49.1,50.0,22.26
97.46,46.9,50.0,23.23
96.38,50.5,50.0,20.65
96.19,56.7,50.0,18.39
96.97,51.4,50.0,20.32
97.07,48.9,53.0,22.26
96.87,47.3,50.0,21.94
95.02,50.2,51.0,18.71
94.62,50.8,50.0,18.39
94.33,53.3,50.0,18.06
95.5,50.3,50.0,19.03
93.74,52.9,51.0,17.74
93.84,59.2,50.0,17.42
94.43,59.6,50.0,17.1
95.31,57.9,50.0,17.74
95.41,55.9,50.0,18.71
95.41,55.7,50.0,18.06
96.68,54.3,65.0,19.35
95.31,54.9,50.0,19.03
95.11,54.1,50.0,19.03
94.82,54.3,50.0,19.68
94.33,54.1,57.0,19.03
93.65,57.3,50.0,17.74
92.77,59.3,59.0,17.42
91.89,61.5,63.0,16.77
91.4,62.6,50.0,16.45
86.22,63.0,51.0,16.45
83.68,63.4,50.0,16.45
85.63,62.6,50.0,16.13
86.71,63.1,50.0,16.13
70.38,65.6,50.0,15.81
56.99,67.5,50.0,15.81
46.04,67.4,50.0,15.48
28.64,68.0,50.0,15.81
8.99,67.4,50.0,15.81
1.76,66.0,50.0,15.81
0.29,65.6,50.0,15.81
0.0,65.5,50.0,15.81
0.0,64.9,53.0,15.81
0.0,65.2,50.0,15.48
0.0,65.2,50.0,15.48
0.0,65.2,54.0,15.81
0.0,66.0,66.0,15.81
0.0,65.8,50.0,15.81
0.0,63.7,50.0,15.48
0.0,61.5,50.0,15.48
0.0,59.2,66.0,15.48
0.0,60.1,55.0,15.16
0.0,59.6,50.0,15.16
0.29,66.6,50.0,13.87
1.66,67.4,50.0,13.87
9.19,67.7,50.0,13.87
33.33,68.6,50.0,14.19
55.62,69.7,50.0,14.19
70.38,70.8,50.0,14.19
85.14,70.5,50.0,14.52
88.66,70.1,50.0,14.52
91.01,70.4,67.0,14.84
89.64,70.1,50.0,15.16
84.65,67.1,50.0,15.48
87.39,67.2,50.0,15.48
93.26,67.1,50.0,16.13
92.86,66.9,50.0,15.81
94.33,67.5,50.0,16.13
97.16,66.7,50.0,16.45
93.26,63.7,50.0,17.1
93.06,66.4,50.0,16.77
94.53,66.4,62.0,16.77
92.38,66.4,54.0,16.45
95.41,61.1,68.0,18.71
91.5,70.5,57.0,15.48
95.31,71.0,50.0,17.1
91.98,69.7,67.0,16.13
93.35,70.2,50.0,16.45
94.53,66.7,50.0,17.74
95.02,70.1,50.0,17.42
96.77,64.4,50.0,19.68
97.75,55.7,50.0,23.55
97.16,54.9,58.0,22.58
96.38,53.2,50.0,21.29
96.77,52.1,50.0,22.26
97.46,51.4,50.0,22.58
96.28,45.9,67.0,26.13
95.41,48.6,50.0,22.26
94.43,48.8,50.0,21.29
95.6,50.5,61.0,20.0
95.41,50.2,50.0,20.65
94.72,53.5,61.0,17.74
94.62,51.3,64.0,18.71
97.46,47.7,50.0,22.9
94.33,47.3,50.0,19.68
94.43,46.7,61.0,19.03
93.94,46.7,54.0,18.39
94.14,47.2,50.0,17.74
92.86,48.5,50.0,17.1
93.65,48.5,50.0,17.1
93.16,48.9,50.0,17.1
89.64,50.3,50.0,15.81
87.98,49.7,50.0,15.48
87.68,47.7,66.0,15.48
86.32,48.8,50.0,14.84
84.16,50.5,50.0,13.87
70.09,51.6,50.0,13.55
53.57,51.8,50.0,13.87
35.29,51.3,60.0,13.55
13.29,50.2,50.0,13.23
3.13,49.4,67.0,12.9
0.68,49.6,50.0,12.9
0.2,50.0,50.0,12.58
0.29,52.1,50.0,11.61
0.0,52.4,50.0,11.94
0.0,53.2,50.0,11.94
0.1,54.6,50.0,10.97
0.1,55.9,50.0,10.65
0.1,57.0,50.0,10.32
0.1,58.5,50.0,10.0
0.0,59.3,61.0,9.68
0.1,60.6,50.0,9.35
0.1,61.9,50.0,9.35
0.2,62.5,60.0,9.03
1.17,63.3,50.0,9.03
5.38,64.2,55.0,8.71
21.8,65.0,66.0,8.71
51.22,64.7,50.0,8.71
75.46,65.2,65.0,8.39
85.53,63.0,50.0,9.35
87.78,63.7,50.0,9.03
89.64,62.3,50.0,10.0
91.01,61.4,59.0,10.65
92.08,60.9,61.0,10.97
93.26,57.9,56.0,11.94
97.46,48.3,50.0,13.23
97.65,45.5,50.0,14.19
97.75,43.4,50.0,15.81
97.85,42.8,50.0,17.1
97.85,40.6,56.0,17.74
97.85,41.2,59.0,18.39
97.85,39.5,50.0,20.97
97.65,37.9,50.0,21.61
97.85,36.9,50.0,22.9
97.85,36.5,50.0,23.55
96.58,38.5,50.0,22.58
97.95,40.3,50.0,21.29
96.58,37.6,66.0,22.9
97.95,39.3,50.0,23.23
97.95,37.1,50.0,23.55
97.75,39.6,50.0,21.29
97.56,34.7,65.0,23.87
97.46,38.0,64.0,22.26
97.36,34.3,62.0,25.16
97.56,37.3,50.0,23.87
97.65,34.1,55.0,28.06
97.46,38.8,50.0,24.52
96.87,39.6,50.0,23.23
95.5,34.7,50.0,26.45
94.82,35.4,50.0,26.13
96.77,34.6,50.0,29.35
96.48,34.4,50.0,29.68
96.28,36.9,50.0,26.13
96.77,37.4,63.0,23.87
93.74,37.4,50.0,24.19
94.14,38.7,65.0,21.61
93.55,40.7,50.0,20.65
94.43,39.5,62.0,21.29
94.04,41.0,60.0,20.65
91.79,41.7,65.0,19.68
93.26,40.7,50.0,20.97
92.38,41.8,67.0,19.68
91.98,42.6,50.0,19.68
91.69,42.9,68.0,19.35
91.79,42.9,60.0,19.03
90.03,44.5,61.0,18.39
86.9,45.1,66.0,17.74
84.36,46.4,50.0,17.42
78.1,48.3,50.0,16.77
63.24,49.4,50.0,16.45
32.55,50.7,50.0,15.81
8.99,51.4,63.0,15.48
2.05,53.5,50.0,14.84
0.59,54.3,50.0,14.52
0.2,55.9,50.0,14.19
0.2,56.2,52.0,13.87
0.2,56.0,50.0,13.55
0.1,56.8,50.0,13.23
0.2,57.4,50.0,12.9
0.1,59.0,50.0,12.9
0.1,59.3,50.0,12.58
0.1,60.9,50.0,12.26
0.1,62.5,67.0,11.94
0.1,64.2,67.0,11.61
0.2,64.9,50.0,11.29
0.59,63.7,50.0,11.29
2.15,63.1,50.0,11.29
9.68,62.6,50.0,11.29
34.8,62.3,50.0,11.29
61.39,62.6,50.0,10.97
77.52,62.6,50.0,10.65
85.92,62.5,50.0,11.29
89.54,61.4,50.0,11.61
91.4,60.8,50.0,11.94
92.86,60.3,50.0,12.58
94.53,58.2,50.0,13.55
96.77,50.5,50.0,14.84
96.48,49.6,62.0,16.13
97.46,44.4,50.0,18.39
97.36,46.9,50.0,16.77
97.56,48.6,50.0,17.74
97.07,49.7,50.0,17.74
96.77,50.2,50.0,18.71
96.48,52.4,50.0,18.06
95.8,54.1,50.0,16.77
96.38,55.1,59.0,17.1
97.07,52.7,50.0,18.71
96.77,52.7,50.0,19.03
96.19,52.4,50.0,19.35
95.11,55.7,59.0,17.42
94.82,56.8,50.0,17.42
94.92,59.2,50.0,16.77
94.62,60.8,50.0,17.1
94.62,61.2,66.0,16.77
95.11,57.9,50.0,17.1
95.8,55.7,50.0,17.74
95.8,53.8,50.0,18.39
94.62,56.0,53.0,17.1
95.6,54.3,50.0,17.74
95.31,52.6,51.0,18.71
94.53,50.8,50.0,18.39
94.92,54.6,50.0,18.06
93.94,50.0,50.0,17.74
94.04,50.8,50.0,17.42
92.86,50.7,50.0,17.42
92.47,52.6,50.0,17.42
92.18,52.6,51.0,17.1
93.16,54.1,50.0,17.1
94.23,51.8,50.0,18.39
94.14,51.9,50.0,19.03
93.94,51.0,50.0,18.39
93.35,52.1,58.0,18.39
93.06,56.5,50.0,17.42
91.5,57.6,50.0,17.1
90.32,59.0,50.0,16.77
88.27,62.2,50.0,16.13
86.22,65.2,50.0,15.81
81.53,66.1,50.0,15.48
73.9,66.6,50.0,15.48
64.32,68.3,50.0,15.16
54.54,68.3,50.0,14.84
32.26,66.3,50.0,15.48
11.73,64.5,50.0,15.16
2.15,65.5,50.0,14.84
0.29,64.9,50.0,14.84
0.0,64.2,50.0,14.84
0.0,66.3,50.0,14.19
0.0,66.4,50.0,14.52
0.0,67.8,50.0,14.52
0.0,66.9,50.0,14.52
0.0,67.1,50.0,14.52
0.0,66.9,50.0,14.19
0.0,69.4,53.0,13.87
0.0,70.4,50.0,13.55
0.1,71.3,50.0,13.23
0.59,72.6,69.0,12.9
3.23,73.0,50.0,12.9
14.17,72.4,50.0,12.9
34.02,72.3,50.0,12.9
59.63,71.8,50.0,13.23
66.18,72.1,50.0,13.55
72.14,71.8,50.0,13.55
86.22,71.9,50.0,13.87
87.49,71.5,53.0,13.87
91.1,71.6,50.0,14.52
86.02,71.3,60.0,14.52
86.71,73.0,50.0,14.19
88.07,72.6,50.0,14.52
88.27,72.9,51.0,14.19
90.03,71.5,50.0,14.52
91.89,67.1,60.0,14.52
92.86,64.4,50.0,15.48
92.28,64.2,50.0,15.16
93.35,61.4,50.0,15.81
94.14,59.0,50.0,16.77
93.35,61.5,50.0,16.13
93.35,63.4,50.0,16.13
93.45,66.7,50.0,16.45
93.74,69.3,50.0,16.13
95.31,68.8,50.0,17.1
97.26,57.1,50.0,21.29
96.38,61.1,50.0,19.35
94.62,60.0,58.0,19.35
96.48,64.7,50.0,19.03
95.6,61.4,57.0,19.03
95.02,57.3,64.0,20.65
90.62,66.6,50.0,16.13
91.01,73.0,50.0,14.84
92.08,69.6,50.0,15.16
93.65,65.8,63.0,16.77
96.77,60.1,50.0,21.94
96.58,57.9,50.0,22.58
92.86,61.2,50.0,18.39
94.33,57.6,50.0,21.29
94.43,55.5,50.0,22.9
97.07,53.5,50.0,22.9
93.16,54.0,50.0,20.32
94.62,53.7,68.0,20.0
94.33,53.8,50.0,20.0
91.89,56.2,50.0,19.03
85.92,57.3,56.0,18.06
89.15,59.5,50.0,17.74
92.38,59.2,55.0,17.42
90.22,61.5,64.0,16.77
87.68,61.7,67.0,16.77
85.04,62.3,57.0,16.77
89.15,61.2,50.0,16.77
86.8,61.7,50.0,16.45
80.06,62.2,65.0,16.13
70.97,62.0,65.0,15.48
52.4,64.5,51.0,14.84
22.78,66.6,61.0,14.19
5.28,67.4,64.0,14.19
1.27,67.8,50.0,13.87
0.2,68.0,55.0,13.87
0.0,69.3,68.0,13.23
0.0,69.4,60.0,13.23
0.0,69.4,68.0,12.9
0.0,69.9,58.0,12.9
0.0,70.2,50.0,12.9
0.0,71.2,61.0,12.9
0.0,70.7,54.0,12.9
0.0,71.2,50.0,12.9
0.0,72.1,50.0,12.9
0.0,71.6,50.0,12.58
0.0,71.9,63.0,12.58
0.1,70.7,60.0,12.9
0.78,67.4,50.0,13.23
3.81,66.0,50.0,13.23
22.97,63.9,50.0,12.9
84.85,63.3,62.0,12.26
85.04,63.6,50.0,12.26
86.02,63.4,50.0,12.26
83.58,63.3,50.0,12.26
86.51,63.0,50.0,12.26
89.74,62.8,50.0,12.26
89.93,61.4,56.0,12.9
88.07,61.9,50.0,13.23
89.93,62.8,50.0,12.58
92.38,64.2,50.0,12.9
95.6,63.3,50.0,14.19
94.23,62.0,50.0,13.87
96.58,56.5,50.0,16.13
96.97,52.7,50.0,17.1
95.7,50.3,50.0,17.42
95.89,50.0,50.0,17.1
95.31,50.0,50.0,17.1
95.31,48.9,50.0,17.42
96.77,43.4,50.0,20.0
97.07,42.3,50.0,20.97
96.87,41.7,50.0,19.68
97.46,37.1,65.0,22.26
95.99,38.5,50.0,20.97
96.09,39.2,50.0,19.68
96.38,40.6,61.0,20.97
96.87,34.9,50.0,22.26
97.36,35.7,50.0,24.84
97.26,36.5,50.0,24.19
97.26,35.1,61.0,24.19
96.28,35.4,50.0,24.19
96.09,34.7,50.0,24.52
96.77,36.0,50.0,24.52
96.87,35.2,50.0,27.74
96.48,33.5,57.0,27.74
96.38,36.9,50.0,24.84
97.26,36.0,50.0,24.84
94.72,38.8,50.0,20.97
95.02,37.6,50.0,20.97
94.04,38.7,63.0,20.0
94.04,39.3,50.0,19.35
93.74,39.2,70.0,19.68
93.26,40.1,50.0,18.71
92.38,40.3,50.0,18.39
91.98,41.4,50.0,18.06
91.59,42.3,50.0,17.74
92.18,42.0,50.0,15.48
90.71,77.5,62.0,18.39
87.78,44.4,53.0,17.1
85.34,46.6,50.0,16.13
80.45,49.2,50.0,15.48
67.64,51.3,50.0,14.84
41.54,53.2,50.0,14.52
13.1,54.8,50.0,13.87
2.64,56.2,63.0,13.23
0.49,57.9,50.0,12.9
0.0,58.7,50.0,12.58
0.0,60.3,50.0,11.94
0.0,60.6,50.0,11.94
0.0,60.8,50.0,11.94
0.0,61.4,50.0,11.61
0.0,61.9,50.0,11.61
0.0,61.9,50.0,11.29
0.0,62.0,50.0,11.29
0.0,61.9,64.0,11.29
0.0,62.2,50.0,11.29
0.1,63.0,50.0,10.97
0.2,62.0,50.0,10.97
0.88,62.5,50.0,10.97
4.11,63.0,50.0,10.97
18.87,62.2,68.0,10.97
48.29,62.0,50.0,10.65
73.9,62.6,50.0,10.65
83.38,62.0,50.0,10.65
87.49,60.9,50.0,10.65
89.74,61.5,50.0,10.65
91.3,60.8,50.0,10.97
92.47,60.1,50.0,11.29
96.68,59.0,50.0,11.94
97.46,53.0,50.0,12.9
97.65,46.4,50.0,13.87
97.75,43.7,50.0,15.48
97.85,43.1,50.0,16.45
97.85,41.2,50.0,17.74
97.85,39.5,67.0,19.35
97.95,39.0,50.0,19.68
97.85,36.6,50.0,21.29
97.85,35.2,50.0,22.9
97.85,35.2,50.0,22.26
97.75,35.4,50.0,22.58
97.75,32.7,50.0,24.19
96.58,32.2,50.0,23.55
97.85,31.9,50.0,24.52
97.75,31.9,50.0,24.19
97.65,35.7,50.0,20.32
97.75,30.6,50.0,24.19
95.41,31.9,55.0,23.23
96.77,31.4,50.0,22.26
97.65,31.4,50.0,25.16
97.56,30.8,50.0,24.84
97.36,31.3,57.0,23.23
96.87,31.7,60.0,22.26
96.87,30.2,50.0,26.13
96.28,31.0,55.0,25.81
96.28,30.3,73.0,25.16
95.31,34.3,50.0,21.61
95.89,35.2,50.0,21.94
95.31,35.5,63.0,20.97
96.48,35.7,53.0,21.29
94.92,35.8,50.0,21.61
94.53,34.9,50.0,19.68
93.74,36.9,50.0,19.35
93.74,36.5,50.0,19.35
92.28,36.3,50.0,18.71
92.18,37.6,50.0,18.06
92.47,39.6,50.0,17.1
91.89,39.9,50.0,17.1
91.69,40.4,50.0,16.45
90.62,41.5,50.0,16.45
87.98,41.8,62.0,15.81
85.44,43.7,50.0,14.84
80.16,45.3,64.0,14.19
70.67,46.7,50.0,13.87
49.17,48.6,50.0,13.23
18.67,50.5,50.0,12.58
3.91,53.0,50.0,11.94
0.68,54.3,50.0,11.61
0.1,54.4,50.0,11.29
0.0,58.5,50.0,10.97
0.0,59.5,50.0,10.65
0.0,60.0,50.0,10.32
0.0,62.2,61.0,10.0
0.0,63.0,50.0,10.0
0.0,64.4,50.0,9.68
0.0,65.3,50.0,9.68
0.0,64.4,50.0,9.68
0.0,64.7,50.0,9.68
0.0,65.6,58.0,9.68
0.0,65.3,50.0,9.68
0.2,65.2,50.0,9.68
1.27,67.1,50.0,9.35
5.57,66.9,50.0,9.68
21.7,67.2,50.0,10.0
46.82,66.7,50.0,10.0
71.65,67.5,50.0,10.0
78.69,66.7,50.0,10.32
83.97,67.2,61.0,10.32
88.27,67.2,50.0,10.65
90.81,67.5,60.0,10.97
91.98,65.8,50.0,11.29
92.38,65.3,62.0,11.94
93.74,64.5,50.0,12.58
94.82,64.4,50.0,12.9
93.65,61.9,68.0,14.19
94.43,61.5,62.0,13.87
94.82,60.8,50.0,14.52
95.41,59.5,50.0,15.16
95.8,57.4,57.0,16.13
96.77,57.8,63.0,16.13
95.31,54.3,50.0,17.1
95.8,52.4,63.0,17.42
95.8,52.7,50.0,17.1
94.92,53.3,50.0,17.42
96.48,54.9,50.0,16.13
90.91,50.8,50.0,17.74
91.98,61.2,50.0,14.19
90.42,60.6,50.0,14.84
91.01,63.4,50.0,13.87
90.03,62.6,50.0,13.87
95.02,69.1,50.0,12.26
95.6,66.1,50.0,14.19
93.65,61.5,50.0,16.13
91.59,62.2,50.0,15.16
91.89,60.3,50.0,15.16
93.16,64.2,50.0,13.87
92.38,61.9,50.0,14.84
92.08,61.4,50.0,14.19
92.28,59.6,50.0,15.16
92.18,57.0,50.0,15.16
92.18,61.4,50.0,14.52
93.55,60.3,60.0,15.16
93.65,58.5,50.0,16.13
93.74,55.7,56.0,17.1
93.16,54.1,50.0,17.74
93.35,58.7,50.0,16.77
93.94,54.4,50.0,18.06
92.38,54.1,50.0,18.71
90.22,54.1,50.0,17.42
89.44,57.3,50.0,16.13
90.03,57.9,50.0,15.81
88.66,59.0,50.0,15.48
84.56,57.9,50.0,15.48
80.55,58.9,50.0,14.84
73.61,60.8,50.0,14.52
57.87,61.4,50.0,14.19
28.45,63.6,50.0,13.55
6.74,63.7,50.0,13.55
1.17,63.9,50.0,13.55
0.1,64.7,50.0,13.23
0.0,65.3,50.0,13.23
0.0,65.3,50.0,13.23
0.0,65.6,50.0,12.9
0.0,66.6,50.0,12.58
0.0,65.8,50.0,12.58
0.0,66.3,50.0,12.58
0.0,66.9,50.0,12.9
0.0,66.3,50.0,12.26
0.0,66.6,50.0,11.94
0.0,68.2,50.0,11.61
0.0,68.5,50.0,11.29
0.1,69.7,50.0,10.65
0.59,68.8,50.0,10.97
3.32,68.6,50.0,10.65
15.54,70.1,62.0,10.32
43.89,69.6,50.0,10.65
67.64,69.7,50.0,10.32
80.35,68.8,50.0,10.32
87.39,68.6,50.0,10.65
90.03,67.7,50.0,10.32
91.79,68.6,50.0,10.0
93.06,66.9,50.0,10.32
96.87,66.4,50.0,10.97
97.26,59.2,50.0,11.94
97.46,51.8,50.0,13.55
97.65,49.2,50.0,15.48
97.75,46.1,50.0,17.1
97.75,44.8,50.0,19.68
97.75,46.1,50.0,20.97
97.85,44.4,58.0,20.97
97.75,44.8,50.0,20.65
97.85,42.6,50.0,23.55
97.75,40.1,50.0,26.13
97.75,46.9,50.0,21.61
97.75,47.8,50.0,22.26
97.65,45.3,58.0,22.9
95.31,50.2,53.0,20.97
95.8,57.3,61.0,18.06
95.8,55.7,50.0,18.39
97.56,56.2,50.0,18.39
97.56,53.5,64.0,20.32
95.31,47.3,63.0,23.55
96.48,47.5,67.0,21.29
91.89,46.4,50.0,23.23
88.66,50.8,61.0,18.06
92.38,53.5,50.0,17.74
94.62,48.0,69.0,19.03
96.19,45.5,51.0,20.0
94.72,45.9,50.0,21.94
96.28,45.0,50.0,20.97
95.21,45.0,60.0,22.26
93.55,44.5,55.0,21.94
94.43,45.9,64.0,20.65
91.79,45.9,50.0,20.97
91.01,47.7,50.0,20.0
91.89,47.7,50.0,20.0
86.9,48.6,57.0,20.0
87.1,48.8,54.0,19.35
88.17,50.3,50.0,19.03
90.32,50.5,50.0,19.03
88.66,49.4,60.0,19.03
87.29,50.3,53.0,18.06
83.97,51.4,50.0,17.74
73.41,53.3,50.0,17.1
57.09,55.1,51.0,16.77
31.77,55.1,50.0,16.45
9.48,55.2,50.0,16.13
1.86,57.0,61.0,15.48
0.1,59.0,50.0,14.84
0.0,60.4,50.0,14.52
0.0,61.9,50.0,14.52
0.0,62.0,62.0,14.19
0.0,63.0,50.0,14.19
0.0,63.7,50.0,13.87
0.0,64.5,63.0,13.55
0.0,65.2,61.0,13.55
0.0,65.2,60.0,13.55
0.0,65.5,62.0,13.23
0.0,66.0,50.0,13.23
0.0,65.5,50.0,13.23
0.0,66.0,50.0,13.23
0.0,66.4,56.0,13.23
0.49,66.1,50.0,13.23
2.64,66.3,50.0,13.23
11.44,66.9,60.0,12.9
32.16,67.7,50.0,12.9
45.75,69.1,54.0,12.9
56.21,69.3,62.0,13.23
71.85,68.9,52.0,13.23
72.04,69.1,56.0,13.55
77.61,69.3,53.0,13.55
81.43,70.2,50.0,13.23
83.48,72.7,59.0,12.9
84.75,73.2,61.0,12.9
87.49,74.3,62.0,12.9
87.78,75.4,50.0,12.9
88.95,76.0,56.0,13.23
88.95,76.5,50.0,13.23
90.22,76.5,50.0,13.23
92.57,76.4,50.0,13.87
92.77,75.1,64.0,14.19
94.23,74.6,69.0,14.52
93.26,74.3,62.0,14.84
92.38,74.2,63.0,15.16
95.02,74.5,59.0,15.48
94.04,75.3,66.0,15.48
95.5,72.1,55.0,16.45
95.11,70.5,50.0,17.42
96.97,70.4,50.0,17.74
96.68,66.1,53.0,20.32
95.41,66.4,62.0,20.0
94.53,60.9,65.0,20.32
95.31,59.8,63.0,20.65
95.31,57.8,64.0,21.29
96.48,58.2,50.0,20.65
95.99,54.4,50.0,24.19
93.45,53.3,71.0,22.26
88.86,57.3,50.0,20.0
94.53,58.1,50.0,19.68
95.7,59.5,59.0,18.71
95.02,55.4,50.0,21.29
97.26,52.7,50.0,22.26
96.87,48.6,50.0,26.45
94.04,48.0,50.0,25.48
95.02,46.6,50.0,21.29
93.74,46.7,50.0,20.97
92.67,46.2,50.0,19.68
92.08,47.8,50.0,18.39
91.89,46.2,50.0,17.74
91.69,44.7,50.0,17.74
91.4,46.9,50.0,17.1
91.4,47.2,50.0,16.77
90.13,47.0,60.0,16.77
87.29,48.8,50.0,16.13
84.26,48.9,50.0,15.16
76.25,49.4,50.0,14.84
57.28,50.8,50.0,14.19
26.0,53.0,50.0,13.55
5.57,54.4,50.0,13.23
0.98,55.7,50.0,12.9
0.1,57.6,50.0,12.58
0.0,60.1,63.0,11.94
0.0,62.8,50.0,11.61
0.0,63.4,50.0,11.29
0.0,65.8,61.0,10.97
0.0,66.3,50.0,10.97
0.0,67.4,50.0,10.65
0.0,68.2,50.0,10.65
0.0,68.3,64.0,10.97
0.0,68.3,50.0,10.97
0.0,68.6,50.0,10.97
0.0,68.9,50.0,10.97
0.0,68.0,50.0,11.29
0.49,68.2,50.0,11.29
2.93,68.2,50.0,11.29
15.05,68.2,50.0,11.29
44.09,67.1,70.0,11.29
72.14,68.0,60.0,10.97
87.1,67.4,50.0,10.97
87.2,65.8,65.0,11.29
89.44,67.1,50.0,11.29
91.01,66.7,50.0,10.97
92.38,67.4,56.0,10.97
97.26,66.9,50.0,11.94
97.46,57.9,50.0,12.9
97.65,52.7,50.0,13.87
97.75,49.9,50.0,15.16
97.65,48.3,50.0,16.13
97.75,47.2,50.0,17.1
97.85,44.2,71.0,18.39
97.95,44.4,65.0,20.0
97.95,43.9,50.0,21.29
97.95,41.2,50.0,21.29
97.95,42.5,57.0,20.97
98.04,40.1,66.0,22.9
94.72,42.9,60.0,21.94
93.55,45.0,50.0,19.03
97.85,46.1,63.0,18.06
96.87,38.4,60.0,22.9
96.38,39.3,56.0,21.94
96.48,41.0,50.0,20.65
97.56,41.4,50.0,21.29
96.28,38.4,61.0,23.23
97.65,38.5,50.0,22.26
95.89,35.7,50.0,25.48
97.46,41.7,72.0,20.97
96.09,42.0,50.0,20.97
95.6,38.2,50.0,23.23
95.41,39.2,50.0,22.26
94.62,41.4,50.0,20.65
96.48,42.9,50.0,20.32
95.11,39.8,60.0,25.16
96.77,42.0,50.0,20.32
97.26,42.8,50.0,22.58
95.02,42.0,61.0,24.19
94.14,40.4,50.0,21.61
94.23,41.5,50.0,20.0
93.55,43.9,50.0,19.68
93.84,43.3,50.0,20.0
91.79,44.7,50.0,19.03
92.38,45.8,62.0,18.71
89.44,46.1,50.0,18.39
91.79,48.3,50.0,17.42
88.46,48.1,50.0,18.39
86.22,50.7,50.0,16.77
84.36,53.0,50.0,16.13
78.98,52.7,50.0,15.81
65.2,54.6,50.0,15.16
37.15,55.5,50.0,14.52
9.87,56.7,50.0,14.52
1.66,57.1,50.0,13.87
0.2,58.2,50.0,13.87
0.0,60.4,50.0,13.23
0.0,62.2,56.0,12.9
0.0,62.6,50.0,12.9
0.0,63.4,50.0,12.9
0.0,63.9,50.0,12.58
0.0,64.1,50.0,12.58
0.0,63.6,71.0,12.58
0.0,63.3,50.0,12.9
0.0,62.8,50.0,13.55
0.0,61.9,50.0,13.55
0.0,62.5,50.0,13.87
0.0,61.7,50.0,13.87
0.0,61.2,50.0,13.87
0.29,61.4,50.0,13.87
2.25,62.2,50.0,13.87
14.27,62.2,50.0,13.87
39.0,62.6,50.0,13.87
53.96,62.5,66.0,13.87
62.76,63.0,69.0,13.87
69.8,63.0,50.0,13.87
78.89,63.3,66.0,13.87
81.92,64.1,50.0,13.87
84.85,64.5,56.0,13.87
86.32,65.5,68.0,13.87
86.22,63.9,50.0,14.52
86.71,63.9,62.0,14.19
88.95,64.5,50.0,14.19
88.76,64.7,57.0,13.87
92.18,64.5,50.0,14.52
92.38,61.2,50.0,15.48
92.67,59.3,50.0,16.13
93.65,60.1,50.0,16.13
94.14,58.2,50.0,16.13
92.57,57.8,62.0,16.77
96.09,56.8,50.0,16.45
96.19,55.2,50.0,18.39
96.28,52.7,50.0,19.68
93.26,52.1,60.0,19.35
96.77,52.2,60.0,18.39
96.68,49.2,50.0,20.97
96.28,46.9,50.0,21.61
97.65,43.9,50.0,22.58
97.65,42.8,61.0,24.52
96.28,42.9,52.0,24.52
97.56,43.7,50.0,23.23
97.36,41.8,50.0,25.48
95.8,41.4,54.0,26.45
97.07,42.5,50.0,22.9
96.87,44.2,50.0,24.19
95.11,42.9,50.0,26.45
94.92,43.4,59.0,22.9
94.72,44.4,50.0,22.26
96.09,44.5,64.0,21.94
94.43,44.8,50.0,23.55
94.43,44.5,61.0,21.94
93.94,44.7,50.0,21.94
93.16,44.7,56.0,21.61
93.45,45.3,69.0,20.65
92.77,46.1,50.0,20.32
92.47,47.2,50.0,20.0
91.98,47.7,50.0,19.68
91.89,47.7,50.0,19.35
88.95,47.8,50.0,19.35
89.34,48.8,50.0,18.39
85.14,49.9,50.0,18.39
80.16,51.6,50.0,17.1
68.43,52.9,50.0,16.45
45.06,54.1,50.0,15.81
15.64,55.9,50.0,14.84
2.93,57.0,50.0,14.52
0.39,57.4,50.0,14.19
0.0,58.4,50.0,13.87
0.0,59.6,50.0,13.23
0.0,61.7,50.0,12.9
0.0,62.2,50.0,12.58
0.0,63.4,50.0,12.26
0.0,64.2,50.0,11.94
0.0,65.5,66.0,11.61
0.0,65.8,50.0,11.61
0.0,66.7,63.0,11.29
0.0,67.7,50.0,10.97
0.0,67.5,50.0,10.97
0.0,66.9,50.0,10.65
0.0,66.7,50.0,10.65
0.29,67.1,68.0,10.32
2.05,68.0,67.0,10.32
11.24,68.6,50.0,10.0
37.44,68.6,50.0,9.68
64.91,68.9,50.0,10.0
82.5,67.7,50.0,10.0
87.59,67.2,50.0,10.0
90.32,66.9,50.0,10.32
91.98,65.3,50.0,10.65
93.26,65.0,50.0,11.29
97.07,62.6,50.0,11.61
97.36,54.0,57.0,12.58
97.56,49.1,50.0,14.19
97.65,46.2,50.0,16.45
97.75,43.4,50.0,18.39
97.75,41.7,60.0,20.32
97.85,40.3,50.0,21.61
97.95,39.5,50.0,23.55
97.85,38.0,50.0,25.16
97.85,37.7,50.0,25.81
97.85,39.5,50.0,23.23
97.85,40.7,50.0,22.9
97.75,45.0,51.0,20.32
97.75,46.7,50.0,20.32
97.75,45.3,50.0,21.61
97.75,48.1,50.0,21.29
97.65,50.2,50.0,20.32
97.56,52.6,60.0,19.03
97.46,51.6,50.0,20.97
97.46,52.1,50.0,20.0
97.46,52.1,66.0,20.32
97.36,51.9,55.0,20.97
97.07,51.3,50.0,22.9
96.77,49.1,50.0,24.19
96.68,48.6,50.0,23.55
96.48,48.9,50.0,22.58
96.38,51.6,64.0,21.94
96.09,52.6,50.0,22.26
95.89,50.7,65.0,22.9
96.58,50.7,60.0,22.9
97.16,51.3,50.0,22.9
94.43,52.2,50.0,22.58
94.14,54.9,66.0,19.03
93.35,56.3,69.0,18.39
93.35,56.5,62.0,17.74
93.45,57.4,59.0,17.74
92.08,59.2,50.0,17.74
91.2,57.8,50.0,18.06
87.29,57.9,50.0,17.74
84.46,59.6,50.0,17.1
78.69,63.4,50.0,16.77
68.82,66.3,50.0,16.45
52.88,66.7,61.0,16.77
24.24,63.7,60.0,16.77
5.67,64.5,61.0,16.77
0.88,66.4,64.0,16.13
0.1,66.0,59.0,16.13
0.0,65.0,69.0,15.81
0.0,66.1,50.0,15.81
0.0,66.0,69.0,15.48
0.0,64.4,50.0,15.48
0.0,63.7,50.0,15.48
0.0,63.6,62.0,15.16
0.0,63.3,63.0,15.16
0.0,62.6,69.0,15.16
0.0,63.7,53.0,14.84
0.0,65.3,62.0,14.84
0.0,64.7,63.0,14.84
0.0,63.9,54.0,14.84
0.1,66.3,64.0,14.84
0.78,65.8,67.0,14.84
4.2,66.9,50.0,14.52
19.36,66.3,61.0,14.52
56.89,65.6,50.0,14.52
79.37,66.0,58.0,14.52
84.95,65.3,64.0,14.52
87.39,65.3,50.0,14.84
90.32,64.1,65.0,15.16
91.79,64.2,50.0,15.16
95.11,64.2,60.0,15.48
96.97,62.2,50.0,15.48
97.36,57.9,51.0,15.81
96.87,54.4,50.0,17.1
97.56,54.6,50.0,17.42
97.75,55.5,58.0,17.74
97.65,53.3,60.0,18.06
97.85,51.4,63.0,19.35
97.85,52.7,51.0,19.68
97.75,51.8,50.0,20.32
97.75,51.0,65.0,21.61
97.85,50.8,50.0,21.61
97.85,51.8,50.0,21.61
97.85,50.8,50.0,22.26
97.26,52.1,50.0,22.26
96.48,52.6,53.0,21.94
96.19,52.6,50.0,22.9
96.09,52.2,50.0,22.9
96.28,53.8,50.0,22.26
94.04,55.1,59.0,21.29
91.1,54.6,50.0,21.29
92.86,59.0,50.0,19.35
94.92,60.4,74.0,19.03
92.38,60.8,50.0,19.68
92.47,63.3,61.0,18.39
92.77,63.1,50.0,18.39
94.92,63.9,50.0,18.06
93.74,61.7,73.0,18.71
92.28,60.8,65.0,19.03
92.28,62.3,70.0,18.39
91.3,63.1,63.0,18.06
88.56,63.1,52.0,18.06
87.39,64.7,54.0,17.74
85.24,62.8,63.0,18.06
78.79,64.9,50.0,17.74
75.56,64.5,50.0,17.74
81.04,68.2,50.0,17.1
84.16,72.6,50.0,16.77
76.25,73.0,50.0,16.77
70.58,73.7,50.0,16.45
60.51,74.9,50.0,16.13
69.31,76.2,50.0,16.13
60.22,76.4,50.0,16.13
43.5,77.3,50.0,16.13
23.75,77.5,59.0,16.13
8.9,77.5,50.0,16.13
1.08,78.1,53.0,15.81
0.29,77.6,50.0,15.81
0.1,78.1,50.0,15.48
0.0,78.1,50.0,15.48
0.1,77.6,50.0,15.48
0.0,77.0,50.0,15.81
0.1,76.2,64.0,15.81
0.0,75.9,50.0,15.81
0.1,77.0,58.0,15.48
0.1,77.1,50.0,15.48
0.0,77.0,50.0,15.48
0.1,77.1,50.0,15.81
0.0,77.5,50.0,15.81
0.1,77.3,50.0,15.81
0.1,77.0,63.0,15.81
0.2,77.6,55.0,15.48
0.2,77.8,66.0,15.48
0.39,78.7,51.0,15.48
1.76,78.9,50.0,15.48
4.79,78.9,50.0,15.48
14.08,79.5,50.0,15.48
36.85,79.4,50.0,15.48
55.33,79.7,50.0,15.48
70.09,79.4,50.0,15.81
75.66,79.8,50.0,15.81
71.36,80.0,50.0,15.81
84.95,80.1,50.0,16.13
91.59,80.0,50.0,16.45
92.18,80.0,50.0,17.1
91.89,78.3,50.0,17.74
90.81,75.6,50.0,18.39
94.14,74.0,50.0,18.39
88.27,69.9,50.0,19.68
90.32,67.7,50.0,19.03
0.0,68.9,50.0,19.03
92.18,67.5,51.0,18.71
92.38,67.4,50.0,18.06
94.04,65.5,50.0,18.71
93.06,68.5,50.0,18.39
93.06,67.2,55.0,18.39
95.8,65.0,50.0,20.0
96.09,60.3,50.0,20.0
96.48,56.5,50.0,23.23
95.11,57.4,50.0,20.97
96.19,57.6,71.0,22.26
93.94,56.3,61.0,20.32
94.92,58.1,50.0,19.68
96.38,57.1,50.0,21.29
96.48,51.8,50.0,24.19
96.48,50.2,50.0,25.48
96.68,48.8,50.0,27.1
96.09,49.4,50.0,25.48
95.5,50.3,50.0,24.84
95.21,57.1,64.0,21.29
95.41,60.1,50.0,20.0
94.43,60.6,52.0,19.35
94.23,59.0,50.0,19.35
92.96,59.0,50.0,19.03
91.2,58.1,50.0,19.03
87.98,60.3,50.0,18.71
88.76,60.6,50.0,18.71
91.98,60.1,50.0,19.35
91.98,59.5,50.0,19.68
91.59,59.8,62.0,19.35
91.4,59.5,50.0,19.35
90.71,60.6,50.0,19.03
88.37,60.1,69.0,18.39
83.19,62.2,50.0,17.74
81.23,63.3,50.0,17.74
76.93,64.1,56.0,17.1
55.33,64.7,67.0,16.77
27.47,65.2,50.0,17.1
7.62,66.6,50.0,16.77
0.88,66.9,50.0,16.77
0.2,67.8,50.0,16.77
0.1,68.9,64.0,16.45
0.1,69.1,50.0,16.77
0.0,72.3,64.0,16.13
0.1,73.4,50.0,16.13
0.0,73.8,63.0,15.81
0.0,74.6,50.0,15.48
0.0,74.6,50.0,15.48
0.1,74.8,50.0,15.48
0.1,74.9,64.0,15.48
0.1,75.3,50.0,15.48
0.0,75.4,62.0,15.48
0.0,74.9,50.0,15.16
0.0,75.7,51.0,15.16
0.0,75.9,57.0,15.48
0.1,76.4,61.0,15.16
0.88,75.4,50.0,15.48
5.77,75.3,66.0,15.48
21.11,74.8,50.0,15.48
33.72,74.9,50.0,15.48
46.04,74.5,66.0,15.48
58.94,74.8,61.0,15.48
68.43,74.6,71.0,15.48
76.74,74.9,50.0,15.48
83.97,74.2,50.0,15.48
89.74,72.9,62.0,15.48
81.53,72.4,74.0,15.16
88.17,72.4,56.0,15.16
84.26,72.3,63.0,15.16
88.46,72.3,58.0,15.48
92.86,71.3,65.0,15.81
92.86,70.7,50.0,15.81
94.43,68.9,66.0,16.13
94.43,68.8,56.0,16.45
93.55,69.1,53.0,16.13
93.55,68.9,50.0,16.13
91.98,68.8,65.0,16.13
93.55,69.1,50.0,16.45
97.16,63.7,62.0,18.06
97.85,59.2,53.0,20.32
97.65,58.4,59.0,20.65
96.48,60.9,50.0,19.35
96.68,61.9,60.0,18.71
96.77,56.3,56.0,20.97
97.26,56.8,50.0,20.97
97.07,56.3,50.0,21.61
97.07,57.6,62.0,22.26
95.8,56.3,67.0,20.0
96.19,57.9,53.0,20.0
95.5,56.7,63.0,19.68
95.02,57.1,56.0,20.0
94.62,60.9,50.0,18.71
93.55,62.0,50.0,18.39
91.1,63.0,63.0,18.39
89.44,64.9,57.0,18.06
86.61,66.1,57.0,16.77
86.71,71.2,68.0,14.84
87.68,73.2,50.0,14.84
87.2,70.7,66.0,15.81
84.46,69.7,50.0,16.13
86.22,68.8,50.0,16.45
87.59,68.0,50.0,16.77
84.65,66.4,64.0,17.1
83.38,63.9,50.0,17.42
78.79,66.7,50.0,17.1
69.89,68.3,50.0,16.77
64.03,67.7,50.0,16.77
53.96,67.8,50.0,16.77
28.15,67.7,50.0,16.77
11.63,67.2,50.0,16.77
1.66,67.1,55.0,16.77
0.1,67.2,50.0,16.77
0.0,65.3,63.0,16.77
0.0,64.4,67.0,16.77
0.0,63.4,50.0,16.77
0.0,64.4,50.0,16.45
0.0,64.1,50.0,16.45
0.0,63.1,50.0,16.45
0.0,64.4,50.0,16.45
0.0,64.1,63.0,16.13
0.0,63.7,57.0,16.45
0.0,63.6,59.0,16.13
0.0,62.2,63.0,16.13
0.0,61.9,50.0,16.13
0.0,63.0,50.0,15.48
0.0,63.1,63.0,15.81
0.29,64.4,65.0,15.48
1.86,65.2,58.0,15.48
10.17,67.1,64.0,14.84
22.97,67.2,72.0,15.16
44.97,68.5,50.0,15.16
47.21,68.6,62.0,15.16
42.33,69.4,50.0,15.16
55.03,68.8,50.0,14.84
57.97,70.8,53.0,14.52
51.42,73.0,63.0,13.55
71.06,72.6,55.0,14.52
66.37,70.2,62.0,14.52
67.45,74.0,70.0,13.23
76.93,76.2,58.0,13.55
76.74,76.7,57.0,13.55
73.02,77.1,62.0,13.87
85.63,75.6,51.0,14.19
90.62,74.3,63.0,14.84
90.71,73.4,66.0,15.16
90.03,72.4,50.0,15.48
89.05,72.3,61.0,15.48
89.64,73.4,50.0,15.48
88.46,72.1,50.0,15.81
86.41,73.5,50.0,16.13
87.49,72.6,50.0,16.45
87.39,73.4,50.0,16.45
85.34,73.4,59.0,16.45
93.16,72.4,50.0,16.45
91.98,72.9,82.0,16.77
90.32,77.6,78.0,16.13
91.2,76.7,54.0,16.45
92.18,76.0,50.0,16.45
92.77,78.3,79.0,15.81
94.04,78.1,61.0,15.48
92.57,78.7,83.0,15.48
91.79,78.9,50.0,15.81
88.17,79.0,66.0,15.81
85.83,78.9,73.0,15.81
81.13,79.0,61.0,15.48
65.59,79.0,61.0,15.16
55.52,79.4,58.0,15.16
78.98,80.1,51.0,15.16
85.44,80.1,55.0,15.16
90.03,80.5,50.0,15.16
86.61,80.6,50.0,15.81
88.07,80.3,50.0,16.13
80.55,80.5,50.0,16.13
90.03,80.0,50.0,16.13
89.05,77.1,50.0,16.13
86.41,75.4,62.0,15.81
84.16,76.0,50.0,15.81
76.93,76.7,50.0,15.48
59.34,77.3,50.0,15.16
33.43,77.6,66.0,14.84
9.29,78.1,67.0,14.52
1.37,77.9,65.0,14.52
0.0,78.1,50.0,14.19
0.0,78.7,66.0,13.87
0.0,78.7,50.0,13.55
0.0,79.0,50.0,13.55
0.0,79.0,50.0,13.23
0.0,78.9,50.0,13.55
0.0,79.2,50.0,13.23
0.0,79.0,50.0,13.23
0.0,78.6,50.0,12.9
0.0,78.6,50.0,12.58
0.0,78.6,50.0,12.26
0.0,78.7,50.0,11.94
0.0,78.9,50.0,12.26
0.0,79.0,50.0,12.26
0.0,78.9,63.0,11.94
0.2,78.4,50.0,11.94
2.15,78.4,50.0,11.94
12.61,78.6,50.0,11.61
38.9,78.4,50.0,11.61
57.28,78.7,50.0,11.61
77.22,78.7,50.0,11.61
86.8,78.3,50.0,11.29
89.74,77.8,50.0,10.97
93.65,77.8,50.0,11.29
96.58,77.0,50.0,12.9
97.07,70.2,50.0,15.81
97.36,70.5,50.0,14.19
92.38,67.5,50.0,17.74
94.82,69.7,50.0,15.81
95.7,68.5,50.0,16.77
95.6,65.0,50.0,18.71
97.26,63.0,50.0,19.35
96.48,59.8,50.0,21.94
97.95,58.4,50.0,20.97
97.65,52.4,50.0,26.13
97.95,52.1,50.0,24.19
96.77,47.2,50.0,28.39
97.65,52.1,50.0,24.19
96.09,50.2,50.0,26.45
96.38,55.9,50.0,21.61
96.97,58.9,50.0,20.65
96.09,54.4,50.0,23.23
97.07,56.8,50.0,20.65
95.6,58.1,61.0,21.29
95.89,60.9,50.0,19.03
95.89,57.4,50.0,20.65
96.38,61.1,50.0,19.03
95.89,59.8,50.0,20.32
96.09,59.3,50.0,20.32
94.62,59.5,50.0,20.0
94.33,60.9,50.0,18.71
95.02,62.0,50.0,18.39
94.92,61.1,50.0,19.03
92.96,60.3,50.0,19.03
93.06,60.9,50.0,18.39
92.08,63.4,50.0,17.74
85.53,62.6,50.0,18.06
90.52,66.0,50.0,16.77
85.92,66.6,50.0,16.77
87.1,67.8,50.0,16.45
88.86,68.0,50.0,16.45
86.61,68.0,50.0,16.45
74.78,68.3,50.0,16.45
71.94,68.5,50.0,16.45
56.11,68.6,50.0,16.45
34.31,69.6,50.0,16.45
23.85,70.1,50.0,16.13
7.04,70.2,50.0,16.13
0.68,69.9,50.0,16.13
0.2,70.4,57.0,16.13
0.1,70.7,50.0,16.13
0.0,71.0,50.0,16.13
0.0,71.2,50.0,16.13
0.0,71.6,50.0,16.13
0.0,72.7,50.0,16.13
0.0,71.2,50.0,16.13
0.0,71.2,50.0,16.13
0.0,69.1,50.0,15.81
0.0,69.4,51.0,15.81
0.0,69.6,50.0,15.48
0.0,70.1,54.0,15.48
0.0,70.2,50.0,15.16
0.0,69.7,50.0,15.16
0.0,70.2,50.0,15.16
0.0,69.3,64.0,15.48
0.0,66.1,50.0,15.48
0.88,67.2,50.0,15.48
6.55,66.4,50.0,15.48
28.45,65.6,50.0,15.48
51.91,65.5,50.0,15.48
68.62,67.2,50.0,15.16
78.59,68.5,50.0,15.48
85.04,68.8,50.0,15.48
88.66,69.1,50.0,15.81
91.2,69.4,50.0,16.13
94.23,68.3,50.0,16.77
95.8,65.8,53.0,17.42
96.77,62.3,50.0,18.06
96.87,61.2,50.0,19.35
96.97,57.0,50.0,19.68
97.56,55.5,50.0,20.97
97.75,52.4,51.0,22.58
97.65,49.7,50.0,22.26
97.65,48.5,56.0,22.9
97.65,47.0,51.0,22.9
97.56,45.9,50.0,22.58
97.46,46.6,50.0,22.9
97.16,46.4,50.0,21.61
96.97,46.4,58.0,21.61
96.97,45.6,60.0,21.94
96.97,48.0,56.0,21.61
96.77,49.2,55.0,21.94
96.77,47.8,53.0,21.94
96.19,49.6,54.0,21.29
95.99,49.4,51.0,20.97
95.8,51.1,50.0,20.32
95.5,52.2,50.0,20.32
95.5,52.4,50.0,20.32
95.11,53.0,50.0,20.32
94.92,54.4,50.0,19.68
95.11,53.2,50.0,20.0
94.72,53.0,50.0,20.0
94.33,53.2,50.0,20.0
93.84,50.5,60.0,20.0
92.96,50.5,50.0,19.68
92.86,50.5,50.0,19.35
92.38,51.8,50.0,19.35
91.1,52.7,50.0,19.03
90.52,53.8,50.0,18.71
90.22,54.6,50.0,18.71
88.95,54.6,50.0,18.71
86.8,55.1,50.0,18.39
84.36,55.5,50.0,18.06
80.84,56.8,50.0,17.74
77.13,58.1,50.0,17.74
71.85,58.7,50.0,17.42
60.41,59.5,50.0,17.42
43.4,59.6,50.0,17.1
18.96,59.6,58.0,17.1
4.5,60.4,50.0,16.77
0.59,60.4,50.0,16.45
0.0,61.9,50.0,16.45
0.0,62.2,50.0,16.45
0.0,62.8,50.0,16.45
0.0,61.9,50.0,16.45
0.0,62.2,50.0,16.45
0.0,61.9,50.0,16.45
0.0,61.9,50.0,16.13
0.0,63.6,50.0,15.81
0.0,63.9,50.0,15.81
0.0,65.8,60.0,16.13
0.0,66.1,50.0,16.13
0.0,66.4,50.0,15.81
0.0,66.1,50.0,15.81
0.0,67.1,50.0,15.81
0.0,66.7,50.0,15.81
0.0,66.9,50.0,15.48
0.78,66.9,50.0,15.48
5.67,67.7,50.0,15.16
26.2,67.7,50.0,15.48
58.36,67.5,63.0,15.48
76.83,66.9,50.0,15.16
82.5,67.7,63.0,15.16
85.34,68.2,50.0,15.16
87.49,68.0,50.0,15.81
88.37,67.1,50.0,16.13
90.52,66.7,50.0,17.1
90.81,64.2,50.0,17.1
92.86,63.7,50.0,17.74
94.53,62.0,50.0,18.71
95.5,59.6,50.0,19.68
96.28,56.5,50.0,20.32
96.28,55.1,50.0,21.29
96.48,54.0,50.0,21.61
96.48,52.4,50.0,23.23
97.95,49.4,50.0,29.03
97.85,44.8,50.0,30.0
98.04,40.6,50.0,32.58
97.95,37.1,50.0,32.9
97.56,34.6,50.0,29.35
97.85,36.8,50.0,26.45
97.75,36.2,54.0,23.55
97.65,38.4,50.0,25.48
97.65,36.9,54.0,25.16
97.56,37.3,50.0,23.87
97.56,39.3,59.0,23.87
97.56,40.1,55.0,24.84
97.26,41.0,50.0,27.74
97.07,39.2,50.0,24.52
95.21,42.9,51.0,22.9
96.68,42.5,50.0,25.48
95.6,42.8,50.0,23.23
96.58,45.3,50.0,26.13
96.28,43.4,61.0,25.16
95.99,46.7,50.0,20.65
96.58,51.1,64.0,22.9
93.94,49.4,62.0,20.0
93.16,51.4,50.0,19.03
93.65,51.9,64.0,19.03
92.77,50.3,50.0,18.71
92.57,54.1,50.0,18.71
91.3,53.7,50.0,18.71
90.42,53.3,62.0,18.39
91.2,53.2,50.0,18.71
91.3,52.4,50.0,18.39
87.98,55.5,58.0,18.06
83.58,53.7,61.0,17.74
76.93,55.5,50.0,17.42
56.01,55.9,50.0,17.42
39.3,54.8,50.0,17.1
12.51,55.5,50.0,16.77
1.76,56.5,50.0,16.45
0.1,57.0,50.0,16.45
0.0,56.3,50.0,16.13
0.0,56.8,50.0,16.13
0.0,56.2,50.0,16.45
0.0,55.7,50.0,16.45
0.0,56.8,50.0,16.45
0.0,55.5,50.0,16.45
0.0,54.8,50.0,16.45
0.0,55.2,50.0,16.13
0.0,57.1,50.0,15.81
0.0,58.5,59.0,15.48
0.0,61.1,50.0,15.48
0.0,62.8,50.0,15.81
0.0,64.5,50.0,15.48
0.0,64.9,50.0,15.48
0.0,65.3,50.0,15.48
0.39,66.0,58.0,15.16
2.64,66.6,50.0,15.16
13.68,66.0,62.0,14.84
44.38,67.1,50.0,15.16
72.63,66.4,50.0,15.16
78.2,63.6,50.0,15.81
79.37,60.9,50.0,15.81
82.8,61.7,50.0,15.81
89.83,60.9,50.0,15.81
90.42,60.8,50.0,16.45
92.47,60.6,56.0,16.13
90.91,66.0,50.0,16.45
92.96,65.0,50.0,16.77
94.82,63.7,50.0,17.42
94.72,61.7,60.0,18.06
91.01,60.3,50.0,17.42
91.79,61.1,62.0,17.1
93.45,64.1,56.0,17.42
92.67,63.1,57.0,17.42
93.35,63.9,50.0,17.42
93.94,64.9,53.0,17.74
92.57,65.5,56.0,17.42
92.28,67.2,51.0,17.42
89.74,67.4,50.0,16.77
89.64,69.7,60.0,15.81
89.25,76.0,50.0,15.81
83.68,76.4,50.0,15.81
93.65,77.6,50.0,16.13
95.99,75.7,50.0,18.06
96.28,71.5,50.0,20.0
95.99,62.3,57.0,19.35
95.5,64.9,50.0,19.68
95.8,62.8,60.0,20.0
95.5,57.4,50.0,20.32
96.28,58.4,55.0,20.97
95.8,51.3,65.0,22.26
95.99,47.5,62.0,22.9
95.31,46.1,50.0,20.65
95.02,45.3,56.0,21.29
95.02,45.5,50.0,21.61
94.14,45.0,62.0,20.97
93.45,45.5,50.0,20.65
93.65,44.8,50.0,19.35
92.96,47.3,65.0,18.71
92.08,49.4,54.0,18.71
90.03,50.5,64.0,18.06
87.88,51.1,62.0,17.42
84.46,53.2,65.0,16.77
80.35,52.9,62.0,16.13
80.06,55.2,60.0,16.13
70.77,55.5,58.0,15.81
61.19,57.1,60.0,15.48
43.5,57.8,55.0,15.48
21.41,58.2,50.0,15.16
3.72,59.8,58.0,14.84
0.39,60.3,66.0,14.84
0.0,61.5,50.0,14.19
0.0,62.3,51.0,13.55
0.0,62.6,50.0,13.55
0.0,62.6,51.0,13.55
0.0,62.3,50.0,13.23
0.0,63.3,50.0,12.9
0.0,63.7,56.0,12.58
0.0,64.7,50.0,12.26
0.0,65.8,50.0,12.26
0.0,66.6,58.0,11.94
0.0,67.4,59.0,11.94
0.0,68.5,50.0,11.61
0.0,68.9,65.0,11.61
0.0,68.9,50.0,11.61
0.0,68.8,50.0,11.29
0.2,69.4,50.0,11.29
1.56,68.8,50.0,11.29
9.87,69.7,50.0,11.29
38.02,69.6,50.0,10.97
65.4,70.1,50.0,10.97
82.11,69.4,50.0,11.29
86.9,68.5,50.0,11.29
90.13,68.6,50.0,11.61
92.18,67.4,50.0,12.26
97.16,66.1,50.0,12.9
97.46,55.9,50.0,14.19
97.56,51.8,50.0,15.16
97.75,50.8,50.0,16.45
97.85,48.8,64.0,17.74
95.31,47.8,51.0,16.45
97.75,54.3,50.0,18.71
98.04,46.6,57.0,20.0
97.26,45.3,62.0,19.68
98.04,46.4,50.0,21.61
96.77,42.1,56.0,19.68
96.48,46.1,50.0,20.0
96.87,43.6,58.0,19.68
93.94,44.8,62.0,18.06
96.19,49.7,50.0,16.45
95.99,61.1,50.0,18.06
96.48,57.3,56.0,18.71
97.65,52.6,50.0,21.94
97.16,44.7,65.0,21.61
95.89,47.3,61.0,21.94
93.94,45.6,50.0,20.65
97.16,44.7,58.0,19.03
96.77,50.7,61.0,20.65
93.65,48.8,66.0,18.39
95.02,50.8,50.0,15.81
95.89,57.3,65.0,20.32
95.6,51.9,50.0,21.61
95.99,48.5,59.0,20.65
96.48,43.1,66.0,21.94
95.99,40.9,59.0,22.58
95.41,43.1,62.0,20.0
94.72,48.3,66.0,19.35
94.23,46.1,65.0,19.03
94.43,47.8,63.0,19.35
93.16,47.0,50.0,19.35
91.3,46.4,60.0,17.74
91.4,50.2,50.0,17.42
90.52,51.1,72.0,17.74
86.61,50.0,61.0,16.77
86.9,52.9,66.0,14.52
85.44,64.7,59.0,14.84
82.5,61.9,67.0,14.52
78.79,62.3,60.0,14.52
66.57,62.6,50.0,14.19
37.34,62.3,50.0,14.19
8.99,63.0,50.0,14.19
0.0,62.2,50.0,14.19
0.0,63.4,50.0,14.19
0.0,64.1,57.0,13.87
0.0,66.1,50.0,13.55
0.0,66.9,56.0,13.55
0.0,66.3,50.0,13.55
0.0,66.6,61.0,13.23
0.0,67.2,50.0,12.9
0.0,67.5,50.0,12.58
0.0,68.5,50.0,12.58
0.0,68.6,50.0,12.26
0.0,69.3,50.0,12.26
0.0,69.3,50.0,12.58
0.0,68.3,50.0,12.9
0.0,68.5,50.0,12.9
0.29,68.2,50.0,13.23
1.47,68.8,50.0,13.87
8.31,69.3,50.0,13.87
22.78,70.4,66.0,13.87
42.52,70.1,50.0,13.23
63.24,73.2,51.0,13.55
66.47,73.5,50.0,13.55
80.16,74.6,50.0,13.87
78.2,74.6,50.0,13.87
75.86,75.6,62.0,13.55
86.41,78.4,65.0,13.87
84.36,79.0,56.0,13.87
86.12,79.2,64.0,13.87
90.62,78.9,63.0,14.19
90.13,79.0,50.0,14.19
89.93,79.2,61.0,14.19
91.3,79.2,64.0,14.52
90.32,79.5,56.0,14.52
91.79,78.7,50.0,14.84
94.14,78.3,69.0,14.84
92.38,78.3,50.0,14.84
94.62,77.3,67.0,15.48
94.72,77.1,50.0,15.16
94.53,77.1,50.0,15.81
92.47,75.6,61.0,15.81
94.23,74.9,65.0,16.13
95.5,74.2,61.0,16.77
94.14,72.3,62.0,17.42
93.16,73.5,67.0,17.1
96.28,70.7,57.0,18.71
94.23,66.3,50.0,19.35
96.68,59.5,58.0,20.97
96.97,53.7,74.0,22.9
94.82,53.0,73.0,21.29
96.28,51.4,62.0,23.55
96.58,52.7,51.0,23.23
95.89,55.7,50.0,20.65
94.92,56.5,50.0,20.65
94.53,57.4,64.0,19.35
94.53,58.1,50.0,19.03
93.84,59.2,67.0,18.06
92.77,59.0,58.0,17.74
93.84,58.9,56.0,18.39
93.06,57.8,65.0,18.06
92.96,54.9,50.0,18.39
93.55,53.2,69.0,18.71
93.06,53.8,50.0,19.03
92.08,53.7,64.0,18.06
89.83,55.5,66.0,17.42
87.98,56.7,62.0,17.1
81.62,57.6,60.0,16.77
69.6,58.4,50.0,16.45
51.61,59.2,56.0,16.13
15.64,61.1,50.0,15.81
2.35,62.5,64.0,15.48
0.2,63.6,50.0,14.84
0.0,65.6,50.0,14.19
0.0,67.2,50.0,14.19
0.0,68.0,50.0,13.87
0.0,68.9,50.0,13.87
0.0,69.6,51.0,13.87
0.0,69.3,50.0,13.55
0.0,69.3,50.0,13.55
0.0,69.4,50.0,13.23
0.0,70.5,50.0,13.55
0.0,70.4,50.0,13.55
0.0,70.8,50.0,13.87
0.0,71.2,50.0,13.55
0.0,71.0,56.0,13.55
0.0,70.7,56.0,13.55
0.0,70.7,50.0,13.55
0.0,70.5,50.0,13.87
0.2,70.7,50.0,14.19
1.96,71.2,50.0,14.19
8.21,71.5,50.0,14.52
26.39,71.3,50.0,14.52
39.78,70.5,64.0,14.84
46.82,71.6,50.0,14.84
72.73,73.2,50.0,14.84
80.06,70.4,50.0,15.16
82.99,69.7,61.0,15.48
86.61,70.4,50.0,15.81
85.44,72.9,50.0,15.48
87.78,73.8,50.0,15.48
81.53,75.1,50.0,14.84
83.77,77.0,50.0,14.84
85.83,77.0,59.0,15.16
85.14,77.5,50.0,15.48
90.62,77.6,58.0,15.81
95.7,72.9,54.0,18.06
91.69,75.4,50.0,16.45
88.56,73.7,50.0,16.77
87.29,74.5,50.0,16.45
82.8,74.9,57.0,16.45
79.86,75.4,50.0,16.13
53.76,75.9,50.0,16.13
81.43,78.1,50.0,15.81
87.68,78.9,50.0,15.81
96.48,80.1,55.0,17.74
94.92,76.4,57.0,18.06
95.99,72.7,50.0,19.03
95.31,71.9,50.0,19.68
95.7,73.0,55.0,20.0
97.07,68.6,50.0,22.9
96.09,67.5,50.0,24.19
95.6,68.5,54.0,21.94
96.58,69.4,69.0,22.58
91.79,62.2,65.0,22.9
96.19,51.3,67.0,25.48
95.99,52.2,60.0,25.81
97.07,52.6,65.0,24.19
95.31,52.4,72.0,23.23
95.02,52.9,62.0,22.26
94.53,52.9,50.0,21.94
93.74,52.4,68.0,21.94
91.69,52.9,70.0,21.29
92.28,55.2,69.0,20.32
92.67,54.8,68.0,20.65
91.3,55.2,67.0,19.68
91.79,54.4,65.0,19.35
90.13,56.5,66.0,18.39
85.44,56.8,64.0,17.42
79.76,58.2,60.0,16.77
65.0,58.9,50.0,16.13
31.96,60.4,70.0,15.48
5.77,61.7,51.0,14.84
0.68,63.3,66.0,14.84
0.0,63.7,50.0,14.52
0.0,64.7,50.0,14.52
0.0,65.3,51.0,14.19
0.0,66.3,61.0,13.87
0.0,67.2,50.0,13.55
0.0,68.0,50.0,13.23
0.0,68.2,50.0,12.9
0.0,68.8,50.0,12.9
0.0,68.9,50.0,12.9
0.0,69.3,50.0,12.9
0.0,69.9,50.0,12.58
0.0,70.1,50.0,12.58
0.0,69.9,58.0,12.58
0.0,69.7,50.0,12.58
0.0,69.9,51.0,12.58
0.0,70.2,62.0,12.26
0.1,70.1,58.0,12.58
1.96,70.7,50.0,12.58
11.83,70.2,56.0,12.58
36.66,70.1,50.0,12.58
62.95,70.2,63.0,12.58
82.8,70.8,50.0,12.9
87.78,70.8,61.0,12.58
90.03,70.7,53.0,12.9
96.87,62.8,60.0,13.55
97.26,58.1,50.0,14.52
97.56,55.4,60.0,15.48
97.65,55.1,62.0,16.45
97.85,51.6,50.0,18.39
97.75,51.4,50.0,19.03
94.92,53.5,52.0,19.03
97.07,51.4,50.0,20.0
95.02,62.0,66.0,17.1
95.5,61.2,50.0,17.42
94.82,59.6,50.0,18.06
94.33,59.2,50.0,17.42
95.31,59.2,50.0,18.06
93.94,58.5,50.0,18.39
98.04,52.1,50.0,22.58
97.36,53.7,50.0,20.32
96.28,53.5,50.0,19.68
97.85,47.8,66.0,23.23
95.8,52.1,66.0,20.97
97.75,47.7,61.0,23.87
94.53,48.3,50.0,21.94
92.86,58.4,50.0,19.03
97.46,46.4,50.0,27.42
95.31,53.7,50.0,21.29
95.6,48.5,50.0,26.13
93.35,46.4,71.0,21.61
94.72,45.3,65.0,23.23
96.68,43.7,62.0,22.9
94.92,44.7,68.0,21.94
95.41,49.2,68.0,21.29
96.97,46.7,57.0,22.26
97.46,48.1,64.0,24.19
94.53,48.8,66.0,13.87
94.14,46.9,65.0,21.29
92.96,47.2,68.0,21.29
93.26,49.6,50.0,20.65
92.57,47.5,63.0,20.65
91.79,49.1,66.0,20.0
91.4,49.6,59.0,19.68
91.2,49.2,63.0,20.0
90.22,50.0,57.0,19.35
88.27,51.8,58.0,19.03
82.8,52.2,60.0,18.71
71.85,53.5,55.0,18.06
46.92,54.8,65.0,17.74
12.51,56.2,68.0,17.1
1.66,58.5,62.0,16.77
0.1,60.1,50.0,16.13
0.0,61.4,50.0,15.81
0.0,62.0,55.0,15.48
0.0,63.6,50.0,15.16
0.0,64.2,50.0,14.84
0.0,65.5,50.0,14.52
0.0,66.6,50.0,14.52
0.0,67.1,59.0,14.52
0.0,67.7,51.0,14.19
0.0,68.3,50.0,14.19
0.0,69.1,50.0,13.87
0.0,69.6,50.0,13.87
0.0,68.8,50.0,13.55
0.0,68.9,50.0,13.23
0.0,70.4,50.0,13.23
0.0,70.7,50.0,13.23
0.0,70.8,50.0,13.23
0.59,71.6,50.0,12.9
4.2,71.6,50.0,12.9
22.29,70.5,50.0,12.9
49.95,70.7,50.0,12.9
70.97,70.5,66.0,12.9
83.19,71.9,50.0,12.58
90.91,71.0,50.0,12.58
92.28,69.1,50.0,12.9
96.77,62.8,50.0,13.55
96.19,58.5,64.0,14.52
97.65,53.5,50.0,15.16
97.75,50.2,50.0,17.1
97.85,47.8,50.0,18.39
97.95,45.3,50.0,20.32
97.95,42.3,50.0,24.52
98.04,41.2,50.0,26.77
97.95,45.1,50.0,28.06
97.85,44.4,54.0,23.87
97.85,48.1,50.0,24.52
97.85,47.7,50.0,21.61
97.85,47.7,50.0,23.55
97.85,47.5,50.0,22.9
97.75,47.0,50.0,23.87
97.75,51.8,66.0,24.19
97.46,52.7,60.0,21.61
97.46,54.9,50.0,22.26
97.36,51.6,50.0,21.94
97.56,51.3,50.0,22.26
97.56,55.4,63.0,22.58
97.56,53.5,50.0,21.94
97.26,54.6,50.0,22.58
96.77,55.7,50.0,22.26
96.58,59.5,50.0,21.94
96.19,56.2,53.0,20.32
94.43,60.6,53.0,21.94
94.14,61.7,50.0,18.71
93.06,61.2,61.0,18.39
92.77,62.6,50.0,18.06
93.16,63.0,50.0,17.74
92.57,62.2,54.0,17.74
91.3,63.1,50.0,17.74
88.86,64.4,50.0,17.74
91.2,63.6,50.0,17.74
92.28,63.6,64.0,17.74
91.4,61.5,50.0,17.74
90.22,61.7,55.0,17.74
90.71,60.9,50.0,17.74
90.42,59.8,50.0,17.74
82.7,60.9,57.0,18.06
69.11,62.8,50.0,17.74
33.04,65.5,50.0,17.42
19.06,66.1,50.0,17.1
4.3,66.4,50.0,17.1
0.39,67.4,50.0,16.77
0.0,66.7,50.0,17.1
0.0,65.2,50.0,17.1
0.0,65.5,50.0,17.1
0.0,66.0,50.0,16.77
0.0,66.4,50.0,16.77
0.0,70.4,51.0,17.1
0.0,70.5,50.0,15.81
0.0,71.9,50.0,16.13
0.0,73.5,59.0,16.13
0.0,74.5,63.0,15.48
0.0,75.4,58.0,14.84
0.0,76.0,59.0,14.52
0.0,75.6,50.0,14.19
0.0,75.1,63.0,14.19
0.0,75.6,59.0,14.19
0.0,75.6,62.0,13.87
0.0,75.3,50.0,13.55
0.1,76.4,54.0,13.55
1.86,76.0,55.0,13.23
13.68,76.0,50.0,12.9
44.28,75.6,53.0,12.9
73.61,75.4,59.0,12.9
85.04,73.8,50.0,12.9
88.07,73.7,50.0,13.23
92.38,71.6,51.0,13.23
95.41,67.2,50.0,13.55
96.87,66.0,50.0,13.87
97.07,59.8,51.0,14.19
97.46,60.0,61.0,15.16
97.46,57.6,50.0,15.81
97.75,56.0,53.0,17.1
97.26,55.5,53.0,18.39
97.85,51.1,59.0,19.03
97.75,52.4,57.0,20.32
98.04,50.2,50.0,20.32
97.95,49.2,59.0,21.94
95.8,53.7,50.0,21.29
89.93,63.9,56.0,19.68
90.22,67.5,60.0,16.13
94.53,63.0,50.0,15.16
96.48,58.1,50.0,17.1
96.97,56.7,50.0,18.71
97.95,55.1,50.0,20.0
97.16,56.0,50.0,22.58
97.85,52.6,50.0,21.61
96.48,46.6,50.0,23.55
95.7,43.3,66.0,21.94
94.82,45.5,50.0,22.9
95.31,46.4,50.0,22.9
94.62,45.6,50.0,22.26
95.7,43.1,64.0,22.58
93.84,42.9,50.0,23.55
93.55,41.8,63.0,21.94
96.19,41.2,64.0,21.61
94.14,47.0,61.0,23.55
93.84,48.1,62.0,22.9
92.67,49.6,53.0,21.61
91.59,52.9,50.0,19.68
85.92,54.9,62.0,19.03
92.38,58.7,60.0,18.39
89.93,57.0,50.0,18.39
90.13,56.0,63.0,18.06
89.05,54.6,50.0,18.71
85.44,56.5,50.0,18.71
79.47,58.5,50.0,18.39
73.61,59.8,50.0,18.06
52.1,62.8,67.0,17.74
23.66,63.4,63.0,17.42
4.89,65.5,61.0,17.42
0.49,66.3,50.0,16.77
0.0,67.1,50.0,16.45
0.0,66.7,50.0,16.13
0.0,66.7,50.0,15.81
0.0,67.8,50.0,15.81
0.0,68.2,50.0,15.48
0.0,69.3,50.0,15.16
0.0,69.6,50.0,14.84
0.0,70.5,50.0,14.52
0.0,71.5,50.0,14.52
0.0,72.1,50.0,14.19
0.0,72.9,50.0,14.19
0.0,73.2,50.0,14.19
0.0,71.6,50.0,14.19
0.0,72.9,50.0,14.52
0.0,72.7,50.0,14.84
0.0,72.6,50.0,14.84
0.0,72.6,55.0,14.84
0.1,72.4,50.0,14.84
0.98,73.7,57.0,14.84
5.47,73.8,50.0,15.16
27.76,72.6,50.0,15.48
48.19,70.4,52.0,15.81
49.95,71.0,63.0,16.13
48.09,68.3,50.0,16.45
60.8,70.2,50.0,16.45
61.78,68.8,50.0,15.81
67.84,72.7,64.0,14.84
68.43,76.7,58.0,14.19
68.82,78.4,60.0,14.19
72.53,79.0,60.0,14.52
79.76,79.4,50.0,14.84
90.81,78.1,53.0,15.16
88.07,77.9,50.0,15.48
89.93,78.1,53.0,15.16
87.88,77.8,53.0,15.16
84.26,77.5,54.0,15.48
85.34,79.4,67.0,15.16
88.17,79.8,57.0,14.84
88.46,80.3,57.0,14.84
91.59,80.5,53.0,15.16
91.5,80.1,61.0,15.48
93.45,80.3,59.0,15.48
89.74,80.5,50.0,15.81
93.06,78.4,50.0,15.81
92.18,79.0,56.0,16.45
93.35,80.1,50.0,15.81
93.16,78.3,61.0,16.13
93.06,77.5,62.0,16.77
95.41,74.9,50.0,16.77
95.7,74.0,58.0,17.74
95.31,73.5,55.0,18.71
94.62,71.5,50.0,18.71
96.87,69.4,56.0,19.03
93.35,67.4,53.0,21.94
94.04,67.1,57.0,20.0
96.97,63.0,64.0,19.68
94.53,61.1,61.0,21.61
93.35,66.4,54.0,22.58
93.16,60.4,62.0,19.68
89.93,63.9,50.0,20.0
92.38,53.8,53.0,19.35
91.01,53.8,61.0,20.0
89.64,56.0,50.0,19.35
89.15,55.5,65.0,18.71
87.0,56.8,60.0,18.71
86.32,57.3,71.0,18.06
74.29,59.2,62.0,17.74
46.53,63.6,50.0,17.42
40.18,68.5,50.0,16.13
6.65,69.1,54.0,15.16
0.1,72.4,50.0,15.16
0.0,74.8,50.0,14.19
0.0,74.3,56.0,14.19
0.0,73.5,50.0,14.19
0.0,73.7,50.0,14.52
0.0,73.8,50.0,14.19
0.0,74.6,50.0,14.19
0.0,74.8,50.0,14.19
0.0,75.3,50.0,13.87
0.0,75.1,50.0,13.87
0.0,74.5,50.0,14.19
0.0,75.9,50.0,14.52
0.0,75.6,50.0,14.19
0.0,75.4,56.0,14.19
0.0,75.1,50.0,14.19
0.0,75.3,50.0,14.19
0.0,75.6,50.0,14.19
0.0,76.4,50.0,13.87
0.0,75.6,54.0,14.19
0.78,75.3,52.0,14.19
9.19,75.4,50.0,14.19
41.74,75.6,50.0,14.52
68.82,75.9,64.0,14.52
82.99,74.9,50.0,14.52
88.56,74.6,55.0,14.52
89.54,74.0,51.0,14.52
90.71,72.1,50.0,14.84
91.59,71.8,50.0,14.84
90.42,70.8,60.0,15.48
96.87,62.6,66.0,15.48
93.94,68.0,57.0,16.77
94.92,67.4,50.0,16.45
95.02,66.4,50.0,16.77
95.31,65.0,53.0,17.42
96.28,60.3,67.0,17.42
95.31,60.8,54.0,19.03
96.68,57.8,60.0,18.39
95.7,57.0,50.0,19.35
96.97,53.8,65.0,19.03
95.7,53.5,70.0,20.32
94.53,64.5,50.0,19.68
97.95,63.9,54.0,16.77
95.89,54.8,60.0,18.71
95.6,55.1,58.0,20.0
95.99,55.2,70.0,20.0
95.31,55.2,66.0,19.03
92.28,62.0,63.0,19.03
96.38,61.1,50.0,16.77
95.21,53.0,50.0,18.71
97.26,55.1,50.0,22.26
95.02,58.2,50.0,20.97
94.33,54.3,61.0,19.35
95.11,68.9,72.0,20.97
94.33,62.0,72.0,16.13
94.33,62.0,70.0,18.71
90.03,66.7,59.0,18.39
96.58,71.2,61.0,15.48
97.07,66.7,64.0,17.74
94.43,65.2,50.0,19.68
91.59,61.5,54.0,17.74
93.74,70.8,58.0,17.1
90.42,69.6,63.0,14.84
92.38,67.5,61.0,15.81
86.61,67.1,71.0,16.13
87.49,67.4,55.0,15.81
83.58,66.9,62.0,15.48
79.76,67.8,58.0,15.48
74.39,66.9,61.0,15.48
57.48,66.4,50.0,15.48
47.51,65.8,62.0,15.48
17.01,66.7,70.0,15.48
1.76,67.7,64.0,15.16
0.1,67.5,72.0,14.84
0.0,68.6,56.0,14.84
0.0,68.8,52.0,14.84
0.0,72.3,64.0,14.52
0.0,74.8,50.0,13.87
0.0,72.7,66.0,13.55
0.0,71.9,67.0,13.87
0.0,72.4,53.0,13.87
0.0,71.8,63.0,13.87
0.0,71.5,50.0,13.87
0.0,70.5,72.0,13.87
0.0,70.2,62.0,13.55
0.0,70.8,65.0,13.55
0.0,69.6,51.0,13.55
0.0,70.4,62.0,13.55
0.0,69.9,67.0,13.55
0.0,68.6,66.0,13.55
0.0,68.2,67.0,13.87
0.1,68.9,72.0,13.87
1.86,70.2,67.0,13.87
7.33,70.4,71.0,13.55
38.51,70.1,66.0,13.55
61.19,71.5,61.0,13.87
75.07,70.5,61.0,13.87
87.68,70.1,62.0,14.19
84.56,69.7,66.0,14.19
90.22,70.4,62.0,14.52
87.39,69.7,50.0,14.52
93.65,67.2,59.0,14.84
97.65,61.9,65.0,15.48
97.16,56.0,50.0,16.45
96.68,60.1,50.0,18.39
97.56,53.0,72.0,17.1
95.89,61.2,50.0,19.68
97.95,58.4,65.0,17.74
96.19,55.7,63.0,18.71
96.58,54.0,69.0,19.03
89.74,58.4,50.0,19.68
94.72,58.7,64.0,17.42
0.0,70.2,50.0,17.74
96.28,60.0,50.0,15.16
96.77,53.0,50.0,19.35
97.85,54.3,71.0,23.55
95.5,59.0,50.0,19.35
93.55,48.6,68.0,18.39
94.72,46.1,60.0,20.32
96.09,44.5,50.0,23.87
97.75,48.3,62.0,22.9
95.5,46.1,69.0,20.65
97.26,54.1,50.0,22.9
91.5,56.5,50.0,19.35
95.31,55.2,61.0,19.03
95.02,52.6,56.0,18.71
96.48,46.9,59.0,21.61
96.58,50.0,50.0,22.9
95.7,48.6,77.0,21.61
93.16,50.5,60.0,21.94
94.33,52.2,61.0,18.71
94.82,49.9,50.0,20.97
93.74,51.8,62.0,18.71
92.96,52.9,56.0,17.74
92.38,51.6,69.0,17.74
92.18,51.9,55.0,17.74
91.69,52.2,50.0,18.06
91.59,54.3,58.0,17.74
89.15,55.9,50.0,17.1
87.29,54.1,50.0,16.45
87.0,55.4,61.0,16.45
81.04,55.9,72.0,15.81
68.13,58.9,69.0,15.16
37.93,60.3,72.0,14.52
6.55,62.0,61.0,14.19
0.88,62.6,50.0,13.55
0.0,63.6,50.0,13.23
0.0,64.4,50.0,12.9
0.0,65.3,64.0,12.9
0.0,66.1,55.0,12.58
0.0,67.1,56.0,12.26
0.0,67.1,50.0,12.26
0.0,68.2,50.0,11.94
0.0,67.8,50.0,11.94
0.0,68.2,50.0,11.94
0.0,68.6,50.0,11.61
0.0,68.5,50.0,11.29
0.0,69.7,50.0,11.61
0.0,70.2,50.0,11.29
0.0,69.4,50.0,11.61
0.0,69.4,60.0,11.61
0.0,68.8,63.0,11.61
0.0,68.8,50.0,11.61
0.0,69.1,63.0,11.61
0.78,69.6,70.0,11.29
6.94,69.3,68.0,11.29
33.63,69.7,50.0,11.61
65.4,69.6,50.0,11.29
80.45,68.3,60.0,11.29
86.22,68.3,62.0,11.61
89.83,68.0,59.0,11.61
90.03,60.6,50.0,11.61
97.16,54.0,69.0,12.58
97.46,53.7,64.0,14.19
97.65,51.1,50.0,14.84
97.75,48.3,64.0,17.1
97.85,47.7,60.0,18.71
97.95,46.1,50.0,18.71
97.95,41.4,65.0,20.65
98.04,44.8,50.0,21.61
97.95,43.7,50.0,22.9
96.09,39.2,71.0,21.29
97.85,43.3,50.0,21.94
97.95,57.6,72.0,21.61
92.57,55.4,50.0,15.81
94.43,51.3,50.0,16.77
96.28,47.0,50.0,16.77
95.8,50.5,50.0,20.0
97.95,46.4,50.0,18.71
97.85,42.0,50.0,23.23
95.5,53.0,50.0,22.9
95.89,45.1,50.0,16.77
97.65,43.1,56.0,24.84
96.09,41.8,69.0,20.97
96.97,40.1,61.0,22.58
95.31,51.4,50.0,23.87
95.8,44.4,50.0,19.03
96.58,53.8,54.0,20.97
94.14,56.2,54.0,16.77
96.28,54.1,60.0,20.65
94.72,52.4,62.0,20.65
92.96,53.3,59.0,18.39
92.08,52.9,72.0,17.1
94.14,51.0,66.0,17.42
94.23,47.5,50.0,17.74
93.16,47.2,50.0,18.06
92.47,47.5,50.0,17.42
92.96,47.5,50.0,18.06
92.77,47.8,50.0,18.06
92.08,49.2,50.0,17.74
90.81,50.3,50.0,17.1
87.59,52.4,59.0,16.45
83.58,54.1,54.0,15.48
74.29,55.9,71.0,14.84
51.42,57.8,50.0,14.19
14.96,59.3,71.0,13.87
1.86,60.4,50.0,13.55
0.29,61.4,50.0,12.9
0.1,63.6,50.0,12.9
0.1,66.0,50.0,12.58
0.1,66.4,50.0,12.26
0.1,67.2,59.0,12.26
0.1,67.1,50.0,11.94
0.1,67.1,50.0,11.94
0.0,67.5,61.0,11.61
0.0,67.8,50.0,11.61
0.0,67.4,50.0,11.29
0.1,68.3,50.0,11.29
0.0,67.7,55.0,10.97
0.0,68.2,50.0,10.97
0.0,67.7,50.0,10.97
0.0,67.1,50.0,10.65
0.0,66.9,60.0,10.65
0.0,67.2,51.0,10.32
21.7,67.4,50.0,10.32
58.06,66.9,50.0,10.32
78.59,66.4,61.0,10.32
86.02,66.0,50.0,10.65
89.74,65.3,50.0,10.65
95.02,61.2,50.0,10.97
96.58,57.9,50.0,11.29
97.16,55.9,50.0,12.26
97.56,54.0,50.0,13.23
97.56,49.9,52.0,14.52
97.46,53.0,50.0,16.45
97.36,52.1,50.0,16.77
97.46,52.1,65.0,17.74
97.46,50.8,54.0,18.39
97.75,49.7,69.0,18.71
97.75,50.7,62.0,20.0
97.56,50.3,56.0,19.35
96.58,51.1,63.0,19.68
97.07,50.5,60.0,19.03
97.26,46.7,60.0,19.03
96.68,45.9,62.0,20.0
97.65,43.3,71.0,20.97
97.75,45.3,58.0,21.94
96.38,42.8,64.0,21.94
97.85,42.6,65.0,21.94
96.09,41.8,65.0,22.58
95.99,40.4,51.0,21.29
97.65,39.0,67.0,21.94
94.82,43.4,66.0,24.52
96.97,40.3,50.0,20.97
96.68,39.8,58.0,21.94
96.87,36.2,59.0,21.61
96.68,38.2,62.0,24.84
96.28,35.5,62.0,23.55
96.19,35.7,54.0,24.19
96.09,36.9,65.0,24.19
96.77,36.8,71.0,24.52
94.33,39.8,70.0,24.52
93.65,39.9,50.0,21.29
93.16,39.5,53.0,20.97
92.47,41.4,50.0,20.65
91.5,41.7,62.0,20.65
91.4,42.8,62.0,20.32
91.69,45.1,64.0,20.0
89.34,45.6,63.0,19.35
87.29,46.4,63.0,19.03
83.09,48.0,50.0,18.39
76.25,49.9,50.0,17.74
58.65,50.8,50.0,17.42
23.66,51.8,69.0,17.1
3.23,53.0,51.0,16.45
0.39,53.3,50.0,16.13
0.1,54.0,50.0,16.13
0.1,56.5,50.0,15.48
0.1,57.0,50.0,15.16
0.1,58.2,50.0,15.16
0.2,58.9,50.0,14.84
0.1,60.3,50.0,14.52
0.2,60.8,50.0,14.19
0.2,61.1,50.0,14.19
0.1,61.5,50.0,14.19
0.1,62.0,50.0,13.87
0.1,62.5,50.0,13.87
0.0,63.7,50.0,13.55
0.0,63.9,50.0,13.55
0.0,63.7,50.0,13.87
0.0,63.0,50.0,13.87
0.0,63.4,50.0,13.87
0.0,63.7,50.0,13.87
0.0,64.4,50.0,13.87
0.49,64.7,50.0,13.87
4.69,66.0,50.0,13.55
25.02,67.1,50.0,13.55
56.4,67.1,54.0,13.55
78.2,67.5,65.0,13.55
87.29,67.4,50.0,14.19
90.71,66.6,50.0,14.84
93.84,62.2,50.0,15.48
93.26,63.7,50.0,16.13
94.04,64.4,50.0,17.1
95.7,63.0,50.0,17.74
96.87,58.2,50.0,19.68
94.82,59.6,50.0,18.71
96.09,56.2,50.0,20.32
97.85,52.7,50.0,23.23
97.95,48.8,50.0,26.77
97.16,52.6,50.0,23.23
97.56,49.4,50.0,25.48
97.95,50.3,50.0,25.16
97.75,51.0,70.0,21.94
97.95,49.7,57.0,22.58
97.95,46.7,50.0,25.81
97.85,46.1,67.0,23.23
97.95,45.9,62.0,24.52
97.65,47.2,50.0,27.1
97.65,44.0,50.0,29.68
97.36,44.5,50.0,28.71
97.46,43.1,50.0,30.0
97.07,42.6,50.0,27.1
96.87,44.8,50.0,26.45
95.7,47.2,58.0,23.87
94.62,48.6,54.0,22.58
95.11,49.4,50.0,22.26
94.62,50.0,50.0,22.26
94.82,51.4,65.0,21.94
94.33,53.5,62.0,21.61
94.23,57.1,71.0,20.65
93.16,58.2,50.0,20.0
92.86,59.6,69.0,20.0
88.27,54.6,57.0,20.0
89.25,57.6,59.0,19.35
89.34,57.6,61.0,18.71
87.2,57.0,67.0,18.39
84.07,57.4,74.0,18.06
83.38,58.1,50.0,18.06
79.76,58.2,50.0,18.06
68.13,56.7,50.0,18.06
65.59,56.0,50.0,18.39
60.31,56.7,57.0,18.06
32.94,57.6,57.0,18.06
8.21,58.9,50.0,18.06
0.88,58.7,50.0,18.06
0.0,60.1,64.0,18.06
0.0,60.9,63.0,17.74
0.0,61.7,56.0,17.74
0.0,61.9,57.0,17.42
0.0,61.1,50.0,17.74
0.0,61.2,50.0,17.74
0.0,62.0,50.0,17.42
0.0,71.8,50.0,15.48
0.0,71.6,59.0,15.81
0.0,73.0,50.0,15.81
0.0,74.9,57.0,15.48
0.0,75.4,50.0,15.48
0.0,75.9,63.0,15.81
0.0,74.8,50.0,16.13
0.0,73.7,50.0,16.45
0.0,72.7,50.0,16.77
0.0,72.7,70.0,16.45
0.0,71.9,50.0,16.45
0.0,71.9,50.0,16.45
0.0,72.7,50.0,16.13
0.39,71.9,61.0,16.45
6.65,72.1,50.0,16.77
32.84,72.3,50.0,16.77
55.82,73.2,51.0,16.77
76.44,73.4,50.0,16.45
87.2,73.5,72.0,16.13
90.62,73.2,50.0,16.45
93.84,71.2,50.0,16.45
95.8,68.2,50.0,16.77
95.99,66.4,53.0,17.42
97.26,61.4,50.0,19.03
92.67,69.4,50.0,17.42
90.32,69.3,50.0,17.42
88.07,71.8,57.0,16.77
91.2,71.2,61.0,17.1
93.84,67.4,56.0,17.74
94.72,66.7,50.0,17.74
91.5,65.3,50.0,18.06
96.38,60.1,61.0,18.71
92.96,61.4,60.0,18.06
95.02,61.1,65.0,18.39
98.04,56.7,64.0,21.61
97.95,51.3,70.0,22.58
94.82,54.4,61.0,20.97
95.8,54.8,69.0,20.65
97.85,52.4,71.0,21.94
96.28,51.6,72.0,20.65
97.75,47.0,61.0,23.55
96.28,45.6,62.0,23.23
97.36,42.6,66.0,24.19
95.5,42.8,64.0,22.9
95.11,43.6,68.0,22.26
95.02,47.0,67.0,21.29
96.58,46.4,61.0,23.87
95.02,48.1,67.0,20.97
91.89,49.6,64.0,20.65
93.45,49.9,51.0,20.97
92.28,49.9,62.0,21.94
93.35,51.1,69.0,20.0
92.57,53.0,58.0,19.68
92.28,54.6,69.0,19.03
90.32,55.4,67.0,18.71
90.13,55.9,63.0,18.71
83.38,53.0,68.0,18.71
88.76,54.3,51.0,18.39
88.27,56.3,68.0,18.06
85.83,56.8,67.0,17.42
82.5,58.1,50.0,17.1
74.39,59.3,51.0,16.77
51.91,60.4,50.0,16.45
12.8,62.0,65.0,16.13
1.56,62.6,67.0,16.13
0.0,63.7,53.0,15.81
0.0,63.7,64.0,15.81
0.0,64.7,50.0,15.48
0.0,65.5,56.0,15.16
0.0,66.9,61.0,14.84
0.0,66.7,50.0,15.16
0.0,66.6,59.0,15.16
0.0,64.7,58.0,15.16
0.0,66.7,64.0,14.84
0.0,67.7,72.0,14.52
0.0,69.3,66.0,14.52
0.0,68.8,50.0,14.84
0.0,68.9,50.0,14.84
0.1,69.1,50.0,14.84
0.0,69.1,65.0,15.16
0.0,69.9,50.0,14.84
0.0,71.0,57.0,14.84
0.2,71.6,57.0,14.84
0.0,72.3,65.0,14.84
0.2,72.9,50.0,14.84
1.56,72.6,50.0,15.16
21.31,71.9,70.0,14.84
57.67,72.3,61.0,14.84
76.54,72.1,61.0,14.84
83.19,71.6,50.0,15.16
88.86,69.4,50.0,15.48
88.27,70.5,50.0,15.16
89.54,70.4,69.0,15.48
88.76,68.3,50.0,16.13
93.55,63.7,50.0,16.77
92.28,63.7,50.0,16.77
97.85,57.8,50.0,20.97
95.5,59.2,51.0,18.71
96.19,58.9,50.0,17.74
94.43,58.9,50.0,18.71
96.87,52.9,50.0,22.26
96.48,51.8,50.0,20.0
95.99,54.4,50.0,19.35
96.68,47.5,50.0,23.87
97.26,46.2,50.0,25.81
97.95,44.0,50.0,27.74
96.19,49.9,50.0,22.26
97.75,43.6,62.0,25.48
97.07,47.5,55.0,23.23
96.19,41.7,50.0,27.1
97.75,40.6,50.0,29.35
97.65,39.8,63.0,27.74
96.38,39.3,50.0,29.03
95.8,40.3,50.0,25.16
97.26,39.6,64.0,29.03
96.87,36.3,62.0,28.71
96.68,38.5,50.0,29.68
96.58,36.9,50.0,30.32
96.28,37.9,50.0,30.65
96.09,37.1,50.0,28.06
95.8,38.7,50.0,29.35
96.58,38.7,52.0,29.68
97.46,39.6,72.0,29.68
93.45,41.4,50.0,22.26
92.86,42.6,50.0,21.29
92.28,42.8,50.0,20.65
91.79,43.6,50.0,20.32
91.5,44.7,50.0,19.68
91.01,45.5,50.0,19.03
90.81,47.2,50.0,18.39
89.74,48.0,70.0,18.06
87.78,49.1,50.0,17.1
83.58,49.4,50.0,17.1
65.0,52.4,50.0,15.48
27.66,53.3,67.0,15.16
3.62,54.3,50.0,14.84
0.29,55.9,50.0,14.19
0.0,56.8,50.0,13.87
0.0,58.4,50.0,13.55
0.0,59.2,50.0,13.23
0.0,60.8,50.0,12.9
0.0,61.9,50.0,12.9
0.0,62.6,50.0,12.9
0.0,61.5,50.0,13.23
0.0,62.2,50.0,13.23
0.0,62.5,50.0,13.23
0.0,64.9,67.0,12.9
0.0,66.6,50.0,12.9
0.0,66.3,50.0,12.9
0.1,67.4,50.0,12.9
0.0,66.7,50.0,13.55
0.1,67.1,50.0,13.55
0.0,64.7,50.0,13.87
0.0,65.0,50.0,13.87
0.0,65.6,70.0,13.55
0.1,65.5,50.0,13.23
0.59,65.0,50.0,13.87
4.79,65.5,50.0,13.87
24.44,63.7,50.0,14.52
45.65,64.4,50.0,14.19
64.03,62.8,50.0,14.52
66.76,61.5,50.0,14.52
72.34,61.7,50.0,14.84
73.61,61.5,50.0,14.84
78.59,63.1,50.0,14.19
85.04,62.8,50.0,14.52
90.13,61.7,50.0,15.16
91.59,59.3,50.0,15.81
92.38,57.6,50.0,16.45
92.18,55.7,50.0,17.1
92.28,57.0,50.0,16.45
93.55,54.3,50.0,17.74
93.06,53.3,50.0,17.74
93.06,52.4,50.0,18.06
95.31,51.0,50.0,19.35
93.26,49.9,50.0,19.03
94.62,50.0,50.0,19.35
92.77,51.3,50.0,18.06
93.45,51.9,67.0,18.39
94.62,51.0,50.0,19.35
94.92,48.8,50.0,20.65
95.21,48.3,50.0,20.32
97.46,49.2,50.0,19.68
96.58,47.7,50.0,20.32
96.38,48.1,50.0,21.61
94.53,48.8,50.0,19.35
95.6,51.0,50.0,19.03
95.02,49.1,50.0,19.68
95.31,51.9,50.0,18.39
96.97,51.0,50.0,21.94
95.6,51.6,50.0,20.0
94.92,51.8,50.0,19.03
95.11,49.7,50.0,20.32
94.82,47.0,50.0,20.65
93.74,47.3,50.0,20.0
93.55,50.5,50.0,20.0
93.06,52.7,50.0,19.03
90.81,51.6,50.0,19.35
86.61,57.0,51.0,17.1
83.19,56.2,50.0,17.42
82.4,56.8,50.0,16.77
79.76,56.7,50.0,16.45
56.21,58.7,50.0,16.13
26.1,58.9,50.0,16.13
4.2,60.1,50.0,15.81
0.78,60.0,50.0,16.13
0.0,59.8,50.0,16.13
0.0,60.1,50.0,16.13
0.0,59.0,50.0,16.45
0.0,58.4,50.0,16.45
0.0,57.8,50.0,16.13
0.0,58.7,50.0,15.81
0.0,59.8,50.0,15.48
0.0,60.0,50.0,15.16
0.0,60.1,50.0,14.84
0.0,60.3,50.0,14.52
0.0,60.3,50.0,14.52
0.0,59.8,50.0,14.52
0.0,59.8,50.0,14.52
0.0,60.1,50.0,14.84
0.0,60.6,50.0,14.52
0.0,60.6,50.0,14.52
0.0,61.4,50.0,14.19
0.0,62.8,50.0,13.87
0.0,63.7,59.0,13.87
0.0,63.4,50.0,13.55
1.27,65.3,50.0,13.23
9.78,65.6,50.0,12.9
27.96,65.3,50.0,13.23
43.7,65.2,50.0,13.55
70.19,65.5,50.0,13.55
76.44,65.5,50.0,13.55
0.0,66.0,50.0,13.23
80.94,66.1,50.0,13.55
85.04,64.7,50.0,14.19
88.66,64.1,50.0,14.19
90.81,64.2,50.0,14.19
92.38,64.7,50.0,14.52
91.5,63.9,50.0,14.84
92.57,63.0,51.0,15.16
93.26,60.0,50.0,16.13
96.87,57.4,50.0,16.77
96.19,45.6,50.0,22.9
98.04,52.2,50.0,19.03
95.5,52.9,50.0,19.03
96.28,52.6,50.0,20.0
97.16,55.9,50.0,18.06
92.77,60.0,66.0,17.1
93.55,68.9,50.0,15.16
91.4,70.5,56.0,14.52
92.86,69.4,50.0,15.16
90.13,72.4,54.0,14.19
89.05,74.8,50.0,14.19
91.89,73.7,50.0,14.52
92.38,73.5,50.0,14.84
93.06,72.3,50.0,15.48
92.28,72.9,50.0,15.16
93.06,75.1,59.0,15.16
93.84,75.6,50.0,15.16
88.56,76.2,50.0,15.16
92.86,75.6,50.0,15.16
93.84,72.4,50.0,16.77
94.14,70.7,50.0,17.74
94.92,70.2,50.0,18.39
93.84,68.2,50.0,18.39
92.86,70.2,50.0,17.1
90.22,68.9,50.0,18.06
92.57,70.1,50.0,18.06
90.32,68.0,50.0,18.06
91.4,69.6,59.0,17.1
90.62,69.3,50.0,17.1
87.1,69.7,50.0,16.77
88.07,67.4,50.0,16.13
83.97,66.1,63.0,15.81
72.92,67.5,56.0,15.16
53.18,66.9,53.0,14.84
16.13,67.5,61.0,14.19
1.66,67.5,50.0,14.19
0.0,68.9,55.0,13.87
0.0,69.3,58.0,13.87
0.0,70.7,50.0,13.55
0.0,70.5,61.0,14.19
0.0,68.9,50.0,14.52
0.0,67.4,50.0,14.52
0.0,66.7,50.0,14.19
0.0,65.6,50.0,14.19
0.0,65.6,50.0,13.87
0.0,66.7,50.0,13.87
0.0,67.7,50.0,12.9
0.0,67.8,50.0,12.58
0.0,66.9,50.0,12.58
0.0,66.0,50.0,12.26
0.0,66.0,66.0,11.94
0.0,66.0,50.0,11.61
0.0,66.0,50.0,11.61
0.0,65.6,50.0,11.29
0.0,66.7,50.0,10.97
1.08,66.6,50.0,11.29
9.68,66.7,54.0,10.97
43.21,65.5,50.0,10.97
72.63,64.9,50.0,11.29
85.04,65.0,58.0,10.97
90.32,64.4,63.0,11.29
96.09,61.2,56.0,11.61
96.87,55.4,55.0,12.58
97.26,52.2,50.0,14.19
97.46,51.8,63.0,15.48
97.46,48.6,61.0,16.77
97.75,47.5,50.0,18.39
97.85,46.7,56.0,18.71
98.04,43.4,50.0,21.29
98.04,42.3,70.0,21.61
98.04,42.3,50.0,23.23
97.75,40.7,61.0,23.55
96.87,39.3,50.0,23.55
97.95,39.0,50.0,24.19
97.95,37.3,50.0,24.52
97.95,36.8,51.0,24.84
95.99,35.2,50.0,25.48
95.31,36.3,51.0,23.23
97.95,37.1,50.0,25.48
93.74,42.8,50.0,18.71
97.95,39.0,50.0,24.19
95.89,37.3,50.0,22.9
96.87,38.7,51.0,22.26
97.65,37.3,50.0,26.45
97.46,33.5,50.0,28.39
95.02,37.7,50.0,20.97
96.87,34.7,50.0,25.81
96.87,36.2,61.0,22.9
96.58,37.6,50.0,22.26
96.19,34.3,50.0,26.45
93.16,35.5,50.0,20.97
95.89,35.1,50.0,25.81
97.16,36.0,51.0,22.9
93.84,36.3,50.0,21.94
93.35,37.4,50.0,19.03
92.57,37.3,50.0,18.71
91.4,38.5,50.0,18.06
91.59,39.8,50.0,17.74
91.01,40.3,50.0,17.1
90.62,38.8,50.0,16.77
89.74,40.4,50.0,16.45
87.68,42.9,50.0,15.81
84.65,44.2,50.0,16.13
65.79,46.7,50.0,14.19
30.4,49.1,50.0,13.87
4.59,50.5,50.0,13.23
0.39,51.6,50.0,13.23
0.0,54.6,50.0,12.26
0.0,57.4,52.0,11.94
0.0,59.3,50.0,11.29
0.0,60.3,50.0,10.97
0.0,60.9,50.0,10.97
0.0,60.3,57.0,10.97
0.0,60.3,55.0,10.65
0.0,61.1,50.0,10.65
0.0,61.2,50.0,10.65
0.0,61.9,62.0,10.32
0.0,62.2,50.0,10.32
0.0,61.2,50.0,10.65
0.0,63.4,50.0,10.0
0.0,65.6,50.0,9.68
0.0,65.8,50.0,9.68
0.0,66.6,50.0,9.35
0.0,65.5,55.0,9.35
0.0,66.4,50.0,9.35
0.0,66.6,53.0,9.03
0.39,65.6,54.0,9.35
3.52,65.6,50.0,9.35
23.36,65.8,50.0,9.35
60.02,64.5,50.0,9.35
79.67,65.2,50.0,9.35
87.0,64.2,50.0,9.68
96.19,59.0,50.0,9.68
96.87,54.6,55.0,10.32
97.26,51.3,50.0,11.94
97.56,48.8,50.0,13.55
97.65,46.4,50.0,15.16
97.75,43.4,50.0,16.77
97.85,41.5,50.0,19.35
97.95,39.3,50.0,21.94
97.95,37.4,50.0,21.61
98.04,41.5,50.0,22.9
98.04,38.2,50.0,24.84
95.41,38.0,50.0,23.23
97.75,38.0,56.0,21.94
95.21,36.2,55.0,22.9
98.04,39.6,60.0,21.61
97.26,40.3,50.0,23.55
97.95,42.5,50.0,20.0
95.41,44.4,57.0,19.68
94.92,50.5,50.0,17.42
95.6,47.0,73.0,16.45
95.02,49.9,70.0,16.45
95.31,51.6,50.0,16.45
95.5,52.1,62.0,16.45
97.16,49.9,62.0,17.74
95.31,48.9,53.0,19.35
97.07,47.8,56.0,20.32
95.31,51.1,53.0,18.06
96.19,47.5,58.0,19.68
96.09,47.8,64.0,18.71
95.99,48.3,61.0,20.0
95.5,49.6,53.0,19.68
96.28,49.4,61.0,20.0
96.48,51.8,53.0,19.35
94.43,53.0,50.0,17.74
93.74,53.5,63.0,17.42
93.35,52.7,50.0,17.1
92.38,51.8,57.0,16.77
91.89,51.4,54.0,16.77
90.91,50.0,58.0,16.77
89.93,49.2,50.0,16.45
87.39,49.7,61.0,16.13
82.21,52.1,50.0,15.81
65.79,49.9,63.0,15.81
35.09,51.6,50.0,15.48
6.94,52.9,71.0,15.48
0.88,52.6,50.0,15.48
0.0,58.5,50.0,15.16
0.0,58.7,51.0,15.16
0.0,57.4,60.0,15.16
0.0,57.0,56.0,15.16
0.0,59.5,50.0,15.16
0.0,59.8,50.0,15.16
0.0,55.9,56.0,15.48
0.0,52.6,64.0,15.16
0.0,53.2,57.0,14.84
0.0,54.9,50.0,14.84
0.0,57.9,50.0,14.52
0.0,58.2,50.0,14.52
0.0,58.7,59.0,14.19
0.0,58.9,61.0,14.52
0.0,60.6,55.0,14.52
0.0,63.3,67.0,14.52
0.0,62.5,62.0,14.52
0.0,63.6,70.0,14.52
0.0,63.6,61.0,14.52
0.0,65.3,67.0,14.52
0.2,65.3,72.0,14.84
1.86,66.4,64.0,14.84
17.6,66.9,58.0,15.16
49.07,66.9,65.0,15.16
73.61,67.4,66.0,15.16
84.26,68.9,57.0,15.16
84.56,69.7,62.0,15.48
89.05,69.4,50.0,15.48
89.44,69.3,57.0,15.81
86.51,69.3,50.0,15.81
88.37,68.5,50.0,15.81
91.3,68.6,50.0,16.13
93.55,66.6,51.0,16.77
91.98,65.6,61.0,17.1
91.98,66.4,51.0,17.1
94.23,66.7,50.0,17.42
97.85,62.0,50.0,19.68
97.95,57.0,50.0,22.58
96.28,58.9,59.0,20.0
96.38,62.3,59.0,19.03
97.65,59.3,71.0,20.97
97.85,57.8,74.0,21.29
97.85,56.5,63.0,21.94
97.85,54.1,50.0,22.9
96.68,54.1,50.0,22.58
97.07,51.0,58.0,23.23
95.11,54.3,58.0,20.97
93.55,58.4,54.0,19.35
95.89,56.8,50.0,20.65
96.58,54.8,54.0,20.97
95.99,54.1,57.0,22.26
95.7,58.9,69.0,20.0
95.99,57.3,50.0,20.97
94.92,55.9,57.0,20.97
94.92,56.8,50.0,20.32
94.43,56.2,66.0,20.32
94.33,56.0,75.0,20.65
93.16,57.1,71.0,20.32
91.5,57.8,62.0,20.0
89.34,58.2,64.0,19.68
87.78,59.0,71.0,19.68
84.95,59.5,59.0,19.68
75.66,64.7,68.0,17.42
77.13,71.5,62.0,17.1
52.69,69.4,50.0,18.06
62.76,70.5,50.0,18.06
38.12,71.0,50.0,18.06
35.39,71.5,50.0,17.42
16.03,72.1,50.0,17.42
1.86,72.7,50.0,17.74
0.49,74.3,57.0,17.74
0.39,75.1,50.0,16.77
0.0,76.5,50.0,16.77
0.0,76.8,50.0,16.77
0.0,76.2,50.0,17.1
0.0,76.4,50.0,17.1
0.0,75.9,50.0,16.77
0.0,75.7,50.0,16.45
0.0,75.6,50.0,16.45
0.0,76.8,50.0,16.13
0.0,76.4,50.0,16.13
0.0,76.2,50.0,15.81
0.0,76.5,50.0,15.81
0.0,75.9,50.0,15.48
0.0,75.6,50.0,15.16
0.0,76.0,50.0,14.84
0.0,76.2,50.0,14.84
0.0,76.4,57.0,14.52
0.0,76.7,50.0,14.52
0.0,77.0,50.0,14.52
0.0,76.5,50.0,14.19
0.0,76.8,50.0,14.19
1.08,76.7,50.0,14.19
10.95,76.7,50.0,13.87
43.7,77.0,50.0,13.55
75.86,77.8,50.0,13.55
87.29,77.3,50.0,13.87
90.22,76.4,50.0,14.52
95.99,70.7,50.0,15.48
91.01,74.5,50.0,14.52
93.16,75.1,50.0,14.52
92.86,72.7,50.0,14.84
97.26,71.2,50.0,15.48
97.85,55.1,50.0,21.94
97.16,52.6,50.0,20.97
98.04,49.9,50.0,22.58
98.24,50.8,62.0,21.61
98.04,50.7,50.0,27.1
95.21,51.4,50.0,21.29
97.85,49.4,50.0,23.23
95.7,42.1,50.0,26.13
97.95,37.7,50.0,28.39
97.85,40.1,50.0,28.39
97.95,36.9,50.0,26.77
97.95,39.0,50.0,29.03
97.95,39.0,50.0,27.74
95.02,40.3,50.0,24.52
96.28,40.7,50.0,24.52
97.46,34.6,50.0,28.39
97.16,36.6,50.0,28.39
96.77,35.8,50.0,28.06
96.09,34.1,50.0,27.42
96.68,33.9,55.0,30.97
96.48,34.4,50.0,32.26
94.43,35.7,50.0,27.74
94.14,34.9,50.0,29.68
95.99,35.8,50.0,27.42
97.36,44.5,53.0,26.77
94.04,39.2,50.0,23.23
93.45,38.8,50.0,23.23
92.57,41.7,50.0,22.26
92.28,46.7,59.0,20.32
89.83,49.2,50.0,19.68
87.88,48.3,50.0,19.03
85.63,48.1,50.0,19.03
81.53,45.9,50.0,19.03
70.67,46.7,50.0,18.71
47.7,47.5,50.0,18.06
17.01,48.8,50.0,17.74
1.66,49.2,50.0,17.42
0.0,50.7,50.0,17.1
0.0,51.8,50.0,16.77
0.0,54.0,50.0,16.13
0.0,55.2,50.0,15.81
0.0,56.7,50.0,15.48
0.0,57.8,50.0,15.16
0.0,58.7,50.0,14.84
0.0,60.0,50.0,14.52
0.0,60.8,50.0,14.19
0.0,60.9,50.0,14.19
0.0,61.2,50.0,13.55
0.0,62.2,50.0,13.55
0.0,62.3,50.0,13.23
0.0,64.2,50.0,12.9
0.0,65.5,50.0,12.58
0.0,65.5,50.0,12.58
0.0,66.3,50.0,12.58
0.0,66.3,50.0,12.58
0.0,66.1,50.0,12.26
0.0,66.1,50.0,12.26
0.0,66.3,50.0,11.61
0.39,66.4,50.0,12.26
4.79,66.0,50.0,11.94
30.89,66.4,50.0,12.26
65.89,65.8,50.0,12.58
83.87,66.3,50.0,12.9
93.26,65.0,50.0,13.23
95.5,64.2,50.0,13.55
95.41,56.3,50.0,15.16
97.07,54.4,50.0,17.1
97.07,55.9,50.0,17.1
97.46,57.1,50.0,18.06
97.46,57.9,50.0,18.71
97.75,56.3,53.0,19.68
97.95,54.1,50.0,20.0
97.75,56.5,63.0,20.32
97.16,60.6,54.0,19.35
97.75,55.2,66.0,20.97
97.85,51.6,66.0,22.26
97.85,51.3,50.0,22.58
97.75,51.6,64.0,22.26
97.75,51.6,56.0,21.94
96.68,54.8,67.0,20.0
95.99,56.3,50.0,19.35
96.87,56.0,61.0,20.97
96.48,57.6,60.0,20.32
96.09,57.9,50.0,20.97
94.43,65.6,50.0,19.03
96.19,65.2,60.0,19.35
94.72,65.2,50.0,19.35
92.18,65.3,50.0,19.03
87.2,67.8,50.0,18.06
89.64,67.5,57.0,18.39
91.98,66.6,50.0,18.71
90.03,66.3,58.0,18.71
91.79,66.6,51.0,18.71
90.71,66.6,60.0,18.71
86.8,67.7,69.0,18.39
83.97,73.2,58.0,17.1
87.29,75.1,69.0,16.77
79.28,76.5,62.0,16.77
64.03,79.7,60.0,16.45
49.85,79.8,62.0,15.81
73.41,79.5,53.0,15.48
69.8,79.5,50.0,15.16
66.76,79.5,57.0,15.16
45.55,79.5,50.0,15.16
55.62,79.8,50.0,14.84
21.7,79.2,50.0,15.16
2.44,78.6,50.0,15.16
0.78,78.3,50.0,15.16
0.2,78.6,50.0,15.16
0.2,78.3,50.0,15.16
0.2,78.7,50.0,15.48
0.0,78.4,50.0,15.48
0.0,78.3,50.0,15.48
0.0,78.7,50.0,15.48
0.0,78.4,69.0,15.81
0.0,78.7,56.0,15.48
0.0,78.1,50.0,15.81
0.0,77.9,50.0,15.48
0.0,78.3,50.0,15.16
0.0,78.1,50.0,15.16
0.0,78.4,50.0,14.84
0.0,78.7,50.0,14.84
0.0,78.6,50.0,15.16
0.0,79.0,50.0,15.16
0.0,78.9,50.0,15.16
0.0,79.4,50.0,15.16
0.1,79.2,50.0,15.48
0.0,79.4,50.0,15.16
0.0,79.4,50.0,15.16
0.2,79.8,50.0,15.48
2.25,79.2,50.0,15.48
16.03,79.5,50.0,15.48
46.24,79.8,50.0,15.48
74.49,79.5,50.0,15.48
83.19,79.0,50.0,15.81
92.77,79.2,50.0,16.13
92.08,74.2,50.0,16.77
91.2,77.5,50.0,16.45
90.32,78.3,50.0,16.45
90.13,77.6,50.0,16.77
92.38,78.6,50.0,16.77
93.35,79.0,50.0,17.1
89.05,78.3,50.0,17.1
93.45,78.6,50.0,17.42
94.23,77.9,50.0,18.39
95.89,77.3,50.0,18.71
96.68,70.5,58.0,19.68
95.89,63.9,50.0,20.65
96.77,60.8,61.0,21.94
96.58,62.0,64.0,20.97
96.58,59.0,64.0,22.26
97.56,60.8,51.0,21.29
97.26,58.1,51.0,22.26
95.11,60.9,61.0,20.97
95.6,61.4,50.0,20.65
96.77,60.4,61.0,21.29
95.21,62.0,50.0,20.65
95.31,62.0,50.0,20.65
96.19,62.2,51.0,20.97
95.89,60.0,52.0,21.29
95.89,61.1,50.0,20.97
94.43,63.6,64.0,20.0
95.02,63.6,62.0,20.0
94.92,63.3,55.0,20.0
94.53,61.7,50.0,20.65
95.41,62.5,67.0,20.65
95.41,60.8,54.0,20.97
94.62,60.8,74.0,20.65
93.16,59.5,61.0,20.0
92.38,60.6,61.0,19.68
91.79,61.5,56.0,19.35
91.01,62.2,50.0,19.35
89.44,62.5,50.0,19.03
82.5,62.5,53.0,18.71
73.22,64.7,50.0,18.39
57.48,65.3,50.0,18.06
30.01,66.4,50.0,17.74
5.77,66.0,50.0,17.74
0.68,66.4,50.0,17.42
0.39,64.9,50.0,17.42
0.0,66.0,50.0,17.1
0.0,73.0,64.0,15.16
0.0,76.4,50.0,14.84
0.0,75.6,64.0,13.87
0.0,75.9,50.0,14.19
0.0,76.2,50.0,14.19
0.0,76.4,60.0,14.19
0.0,76.7,50.0,14.19
0.0,76.2,50.0,14.52
0.0,76.2,50.0,14.19
0.0,76.4,54.0,13.87
0.0,76.7,50.0,13.55
0.0,77.5,50.0,13.55
0.0,77.5,50.0,13.55
0.0,77.8,50.0,13.23
0.0,77.8,50.0,13.55
0.0,77.0,50.0,13.55
0.0,76.8,56.0,13.55
0.0,76.5,50.0,13.55
0.0,75.6,50.0,13.55
0.0,75.4,50.0,13.87
1.08,76.0,61.0,13.23
14.08,75.7,50.0,12.9
46.63,75.4,50.0,12.9
71.46,75.6,50.0,12.9
85.34,73.8,50.0,12.9
90.42,72.9,50.0,13.23
96.87,63.6,63.0,13.55
90.52,67.2,50.0,12.58
97.65,60.0,50.0,13.87
95.6,63.7,61.0,13.23
95.11,62.5,65.0,13.87
97.85,52.1,63.0,16.77
97.65,52.9,50.0,18.06
98.04,46.6,61.0,18.71
98.04,44.7,51.0,19.35
97.95,43.4,66.0,20.65
97.46,44.7,66.0,20.0
97.07,47.0,64.0,19.03
97.26,48.6,50.0,19.68
96.48,51.6,50.0,17.74
95.41,53.5,55.0,16.77
96.28,54.1,58.0,16.77
97.95,45.8,71.0,20.32
97.95,43.6,69.0,20.65
96.68,43.4,61.0,19.68
97.85,41.0,65.0,21.29
94.82,39.8,64.0,21.61
97.16,43.9,65.0,19.03
96.48,46.9,50.0,18.71
97.16,44.7,67.0,21.61
97.16,42.3,69.0,20.65
94.82,45.8,57.0,18.06
94.92,43.6,57.0,19.35
96.58,52.7,62.0,19.35
95.6,47.5,50.0,20.0
96.38,51.1,51.0,20.0
93.35,54.3,60.0,19.68
94.72,60.8,58.0,15.81
93.55,54.6,50.0,17.1
92.77,52.6,66.0,16.77
92.38,52.7,63.0,17.1
89.93,53.7,61.0,16.45
88.56,56.7,65.0,15.48
89.44,57.0,64.0,15.81
84.46,58.5,50.0,15.48
78.89,60.0,63.0,15.16
61.29,59.2,67.0,14.84
27.37,60.9,58.0,14.19
3.42,61.1,50.0,14.19
0.2,60.6,56.0,14.19
0.0,62.0,57.0,13.55
0.0,63.1,50.0,12.9
0.0,63.6,50.0,12.9
0.0,64.4,61.0,12.58
0.0,64.9,53.0,12.58
0.0,65.6,60.0,12.26
0.0,65.5,50.0,11.94
0.0,66.3,50.0,11.94
0.0,66.4,50.0,12.26
0.0,66.3,56.0,11.94
0.0,66.0,50.0,11.94
0.0,66.0,53.0,11.94
0.0,66.3,50.0,11.61
0.0,66.3,57.0,11.61
0.0,69.9,59.0,11.29
0.0,69.6,50.0,10.97
0.0,69.4,50.0,10.97
0.0,69.6,50.0,10.97
0.0,70.5,50.0,10.65
0.0,71.0,55.0,10.65
0.0,70.8,54.0,10.97
0.68,70.1,62.0,11.29
6.65,69.3,50.0,11.29
28.84,69.6,50.0,11.61
54.74,69.1,50.0,11.61
68.13,71.2,63.0,10.97
80.94,73.8,55.0,10.97
73.41,73.0,51.0,10.97
85.44,74.2,50.0,11.29
89.34,73.0,59.0,11.61
88.56,72.4,53.0,11.61
93.94,71.3,50.0,12.26
92.47,68.8,54.0,13.23
94.14,70.2,58.0,12.9
98.04,67.2,60.0,15.16
98.04,60.8,52.0,17.42
97.95,56.3,64.0,19.03
97.75,56.5,50.0,18.06
98.04,52.2,61.0,21.61
97.95,49.4,63.0,21.61
98.14,48.5,50.0,23.23
97.36,48.9,51.0,21.29
97.65,49.9,59.0,21.61
95.8,52.1,50.0,19.68
92.18,57.0,68.0,15.81
96.38,57.9,61.0,16.45
93.55,58.4,50.0,16.13
97.85,49.2,50.0,22.58
97.85,49.7,68.0,22.58
93.16,55.5,52.0,17.42
97.56,53.0,63.0,20.32
93.65,54.8,61.0,17.1
93.35,59.8,63.0,15.81
96.97,51.3,50.0,22.9
93.94,54.0,50.0,18.06
95.8,52.6,50.0,20.97
87.1,54.3,50.0,18.06
96.28,60.4,50.0,17.1
94.92,60.8,50.0,17.74
91.98,61.7,63.0,16.45
92.47,63.4,50.0,15.16
91.1,60.6,50.0,16.45
87.2,61.2,50.0,15.81
87.59,58.5,50.0,15.48
77.91,60.8,50.0,14.84
50.24,62.2,50.0,14.52
48.39,67.2,58.0,12.9
38.9,66.4,50.0,12.9
28.35,68.3,50.0,12.26
4.2,69.9,57.0,12.26
0.29,70.5,51.0,12.26
0.0,70.5,50.0,12.58
0.0,70.2,63.0,12.58
0.0,72.4,50.0,12.26
0.0,72.1,62.0,12.26
0.0,72.4,50.0,11.94
0.0,72.6,50.0,11.94
0.0,72.6,50.0,12.26
0.0,73.5,56.0,12.26
0.0,72.9,50.0,12.26
0.0,73.0,50.0,12.26
0.0,73.0,50.0,12.58
0.0,72.4,50.0,12.58
0.0,73.0,54.0,12.26
0.0,73.2,50.0,12.26
0.0,73.2,62.0,12.58
0.0,73.0,50.0,12.58
0.0,73.4,50.0,12.9
0.0,72.3,57.0,13.23
0.0,72.1,50.0,13.23
0.0,71.6,65.0,13.23
2.15,71.2,50.0,13.23
20.92,71.6,50.0,12.9
54.45,70.7,50.0,13.23
80.55,69.7,50.0,13.55
94.53,66.9,50.0,14.19
94.82,62.8,50.0,15.16
97.07,58.5,50.0,16.13
97.26,56.5,50.0,17.1
96.28,57.3,50.0,17.1
97.75,53.2,50.0,19.68
97.75,51.0,50.0,20.32
97.95,49.2,50.0,22.9
98.04,48.9,50.0,23.23
98.14,51.8,50.0,20.97
97.56,50.2,50.0,21.94
98.04,48.1,51.0,23.23
96.28,46.4,50.0,25.16
98.04,44.4,50.0,24.19
98.14,42.9,62.0,27.1
98.14,42.9,50.0,26.45
98.14,42.1,50.0,27.42
98.04,43.3,50.0,26.77
96.48,46.6,50.0,22.26
95.99,44.8,50.0,22.9
97.56,43.3,50.0,24.84
97.75,41.7,50.0,27.42
97.85,42.8,53.0,27.74
97.75,42.3,61.0,27.1
97.36,40.3,50.0,27.1
95.41,45.8,50.0,21.61
96.87,42.8,50.0,26.45
96.58,43.1,50.0,26.77
96.28,42.1,50.0,25.81
94.92,43.7,50.0,23.55
95.8,45.8,50.0,25.16
95.8,46.4,60.0,24.52
96.58,49.4,61.0,22.9
93.65,50.2,50.0,19.68
92.96,51.1,50.0,18.06
91.4,52.4,50.0,17.42
90.71,53.8,50.0,16.77
89.74,54.4,50.0,16.45
88.07,55.7,50.0,15.81
84.75,56.5,61.0,15.48
78.89,56.8,50.0,15.16
66.67,57.4,50.0,15.16
42.91,58.4,50.0,14.84
10.75,57.6,50.0,14.84
1.27,58.7,50.0,14.52
0.49,58.9,50.0,14.19
0.0,58.7,50.0,14.52
0.0,58.9,50.0,14.19
0.0,58.9,50.0,13.87
0.0,59.3,50.0,13.23
0.0,60.3,50.0,13.23
0.0,61.4,50.0,12.9
0.0,63.3,50.0,12.58
0.0,63.9,64.0,12.26
0.0,63.7,56.0,12.26
0.0,65.2,66.0,12.26
0.0,65.5,50.0,12.26
0.0,66.0,50.0,11.94
0.0,66.1,51.0,11.94
0.0,66.1,50.0,11.94
0.0,66.9,64.0,11.94
0.0,66.1,50.0,11.61
0.0,67.1,50.0,11.61
0.0,66.6,50.0,11.61
0.0,65.8,50.0,11.61
0.0,65.3,50.0,11.29
0.0,64.9,60.0,11.29
0.49,66.0,50.0,10.97
6.65,66.3,59.0,10.97
36.17,66.3,50.0,10.97
68.43,66.7,50.0,10.97
82.89,66.9,50.0,10.97
87.59,66.0,50.0,11.29
90.62,65.3,50.0,11.61
95.5,62.8,50.0,12.9
97.26,54.8,50.0,15.48
97.36,52.7,50.0,17.74
97.65,49.7,50.0,19.03
97.85,48.3,50.0,20.97
97.85,45.6,50.0,23.23
97.75,46.1,50.0,23.87
96.77,43.1,50.0,26.13
98.04,43.3,50.0,27.74
97.95,42.8,50.0,26.77
96.28,42.6,50.0,24.84
98.04,41.2,50.0,25.48
98.04,42.0,50.0,26.45
98.04,40.6,50.0,28.39
98.14,36.5,50.0,29.03
95.6,40.6,50.0,24.52
90.71,46.4,50.0,20.65
94.72,51.6,50.0,19.68
97.26,45.3,50.0,24.52
97.85,36.0,50.0,31.94
95.41,39.9,50.0,25.48
93.74,45.3,50.0,21.94
95.5,40.7,50.0,25.48
97.07,36.3,54.0,29.35
96.09,37.4,50.0,26.77
90.91,46.4,50.0,20.32
93.45,46.7,50.0,20.32
93.74,45.6,50.0,20.32
93.26,48.0,50.0,20.0
94.14,47.2,50.0,20.65
95.11,45.5,50.0,24.84
93.45,47.5,50.0,19.68
91.79,46.1,50.0,20.65
92.57,45.9,50.0,20.32
91.4,47.8,50.0,19.68
90.81,48.8,50.0,19.35
87.1,51.8,50.0,18.39
81.33,53.7,50.0,17.74
69.7,53.8,50.0,17.74
38.22,54.0,50.0,17.42
14.96,56.2,50.0,17.1
2.25,57.6,50.0,16.77
0.1,59.5,50.0,16.45
0.0,60.9,50.0,16.13
0.0,61.7,50.0,15.81
0.0,63.0,50.0,15.16
0.0,65.0,50.0,14.52
0.0,66.1,50.0,14.52
0.0,66.3,50.0,13.87
0.0,66.3,50.0,13.55
0.0,66.6,50.0,13.23
0.0,66.9,50.0,13.55
0.0,66.6,50.0,13.23
0.0,67.4,50.0,13.23
0.0,66.9,50.0,12.9
0.0,67.2,50.0,12.9
0.0,66.9,50.0,12.9
0.0,66.9,50.0,12.58
0.0,66.4,50.0,12.26
0.0,66.7,50.0,11.94
0.0,67.7,50.0,11.94
0.0,67.5,50.0,11.94
0.0,68.3,50.0,11.94
0.0,68.0,50.0,11.94
0.0,68.0,50.0,11.61
2.05,68.8,50.0,10.97
18.77,69.3,50.0,11.61
63.15,67.7,50.0,10.97
82.6,70.8,53.0,10.0
93.84,64.9,50.0,10.65
96.38,56.5,50.0,12.26
97.07,50.8,50.0,14.84
97.16,48.8,50.0,14.84
97.36,49.4,50.0,16.13
97.46,48.3,50.0,17.1
97.75,48.9,50.0,19.35
97.85,44.0,50.0,22.9
97.95,41.7,50.0,26.13
98.04,40.4,50.0,28.39
98.04,38.2,50.0,30.32
97.95,36.8,50.0,30.32
97.95,36.8,50.0,30.0
97.95,34.4,50.0,31.29
98.04,34.1,50.0,31.94
98.04,33.8,50.0,31.61
97.95,36.0,50.0,27.74
97.85,37.1,50.0,25.81
97.75,37.7,50.0,24.52
97.75,37.9,50.0,24.19
97.75,37.3,55.0,26.77
97.65,41.8,50.0,22.9
97.56,43.9,50.0,20.97
97.36,42.8,50.0,23.23
97.16,42.9,56.0,22.26
96.87,42.9,50.0,22.9
96.58,43.4,50.0,21.61
96.48,43.7,50.0,22.9
96.28,44.4,50.0,23.23
95.99,45.1,50.0,22.26
95.7,45.9,50.0,21.61
95.8,46.4,50.0,23.55
96.77,46.6,61.0,22.9
93.84,48.5,50.0,19.03
93.35,50.2,50.0,16.77
92.67,49.9,62.0,16.45
91.98,51.0,54.0,16.13
91.1,50.8,50.0,15.81
89.83,51.8,66.0,15.48
86.9,51.6,51.0,15.48
81.82,53.2,64.0,15.16
66.08,52.4,50.0,14.84
32.65,52.4,50.0,14.52
5.47,53.0,50.0,14.52
0.39,54.3,50.0,14.52
0.0,55.1,50.0,14.52
0.0,56.5,50.0,14.19
0.0,59.0,50.0,13.87
0.0,58.9,50.0,13.87
0.0,59.5,50.0,13.87
0.0,59.8,50.0,13.55
0.0,60.0,50.0,13.55
0.0,59.6,50.0,13.55
0.0,59.8,50.0,13.23
0.0,60.4,50.0,13.23
0.0,61.2,50.0,13.23
0.0,61.7,50.0,13.23
0.0,63.1,50.0,13.23
0.0,63.7,50.0,13.23
0.0,65.8,50.0,13.55
0.0,65.6,50.0,13.23
0.0,66.1,50.0,13.23
0.0,66.3,50.0,13.55
0.0,65.6,50.0,13.55
0.0,66.4,50.0,13.23
0.0,65.6,50.0,13.55
0.0,65.3,50.0,13.55
0.2,66.1,53.0,13.55
3.62,67.2,50.0,13.87
30.79,67.8,50.0,13.87
53.08,68.3,50.0,13.87
76.83,68.0,50.0,14.19
87.88,68.6,50.0,14.19
87.39,69.4,50.0,14.52
89.34,69.9,50.0,14.52
92.18,68.5,50.0,15.16
93.06,66.9,60.0,15.48
95.5,63.9,50.0,16.13
97.36,58.2,50.0,18.39
95.99,61.2,50.0,17.42
97.16,56.3,65.0,19.35
96.68,56.3,67.0,18.71
96.09,62.3,62.0,17.1
97.07,55.7,66.0,19.35
95.99,59.5,58.0,17.74
93.45,60.1,55.0,17.1
92.77,61.1,50.0,17.1
91.3,63.3,53.0,16.77
93.45,64.9,50.0,17.1
94.33,62.8,63.0,17.1
97.46,61.7,64.0,18.39
95.99,60.6,50.0,18.06
94.53,61.4,50.0,17.42
93.55,60.6,60.0,17.74
94.72,55.7,50.0,18.39
95.41,53.8,62.0,19.03
94.82,54.6,62.0,19.35
93.35,55.7,59.0,18.71
91.4,56.3,50.0,18.39
93.06,62.2,50.0,17.42
96.68,54.9,50.0,22.26
96.09,53.8,55.0,22.58
94.23,53.3,50.0,21.29
93.55,54.0,65.0,20.65
96.48,51.0,50.0,22.26
92.77,53.3,50.0,19.68
92.57,53.3,53.0,19.68
92.57,55.4,64.0,19.03
90.81,56.8,50.0,18.06
89.34,57.0,50.0,17.74
87.59,58.1,68.0,17.1
83.48,59.0,50.0,16.77
74.29,60.0,50.0,16.45
48.78,62.0,50.0,15.81
10.75,63.0,50.0,15.48
1.47,64.1,65.0,15.16
0.49,64.5,50.0,14.84
0.39,66.4,62.0,14.52
0.0,67.2,62.0,14.52
0.0,67.5,50.0,14.19
0.0,67.5,50.0,14.19
0.0,67.8,58.0,14.19
0.0,68.3,50.0,14.19
0.0,69.3,53.0,13.87
0.0,69.7,65.0,13.87
0.0,70.1,66.0,13.87
0.0,69.1,50.0,13.87
0.0,68.9,50.0,13.87
0.0,69.6,60.0,13.55
0.0,69.1,59.0,13.87
0.0,69.4,56.0,13.55
0.0,69.3,50.0,13.55
0.0,69.4,63.0,13.55
0.0,69.9,54.0,13.55
0.0,70.1,62.0,13.23
0.0,70.8,50.0,12.9
0.0,71.5,57.0,12.9
0.0,71.3,51.0,12.58
0.0,71.8,50.0,12.58
0.78,72.3,57.0,12.58
9.29,72.9,64.0,12.58
47.12,72.7,60.0,12.58
77.32,72.3,50.0,12.58
92.38,70.7,50.0,12.9
95.21,67.8,59.0,13.23
96.58,64.4,50.0,13.87
97.16,59.0,50.0,15.16
97.36,58.7,50.0,16.13
97.56,57.6,59.0,17.1
97.75,54.0,50.0,19.68
95.7,53.3,50.0,19.35
95.99,51.0,50.0,20.32
96.68,49.2,70.0,21.61
98.14,47.0,50.0,23.87
97.95,44.0,50.0,24.19
97.95,43.7,50.0,24.19
97.95,41.8,50.0,24.19
96.09,42.8,50.0,23.23
96.77,38.0,56.0,26.13
95.99,42.3,60.0,23.23
96.38,40.3,62.0,24.19
97.85,39.8,65.0,23.87
97.85,40.1,69.0,27.42
97.85,39.5,71.0,26.13
97.85,40.6,50.0,26.45
95.89,37.9,50.0,26.13
97.56,36.6,72.0,26.13
97.16,38.2,58.0,25.48
96.28,40.7,63.0,25.48
96.09,42.1,50.0,26.77
95.7,45.1,50.0,22.58
93.65,44.4,50.0,21.61
96.48,44.5,50.0,24.84
94.43,46.1,50.0,21.61
92.38,48.3,67.0,20.0
91.89,47.0,50.0,20.0
91.2,49.1,50.0,19.03
89.83,49.7,50.0,18.71
87.59,53.0,69.0,18.06
83.48,53.7,50.0,17.42
73.7,55.4,50.0,17.1
50.64,56.5,50.0,16.45
35.78,58.9,50.0,16.13
3.03,60.8,50.0,15.48
0.1,63.4,50.0,14.84
0.0,63.9,50.0,14.84
0.0,64.7,50.0,14.52
0.0,65.0,50.0,14.19
0.0,66.7,50.0,13.87
0.0,67.1,50.0,13.87
0.0,67.2,50.0,13.87
0.0,67.7,50.0,13.55
0.0,66.9,50.0,13.55
0.0,69.4,50.0,13.23
0.0,70.7,50.0,13.23
0.0,71.2,50.0,12.9
0.0,71.0,51.0,12.9
0.0,70.1,50.0,13.23
0.0,72.3,50.0,12.9
0.0,73.0,50.0,12.9
0.0,73.0,50.0,12.9
0.0,72.9,50.0,12.9
0.0,72.9,50.0,12.9
0.0,73.2,50.0,12.9
0.0,74.3,50.0,12.58
0.0,74.3,50.0,12.58
0.0,74.2,50.0,12.58
0.0,74.5,50.0,12.58
2.64,74.2,50.0,12.58
21.5,74.6,50.0,12.58
44.67,74.3,50.0,12.58
69.6,73.4,50.0,12.58
80.25,73.4,50.0,12.9
84.26,72.4,55.0,12.9
85.14,72.4,50.0,13.23
87.2,71.8,55.0,13.55
92.18,71.2,55.0,14.19
92.18,69.9,50.0,14.52
93.74,69.7,50.0,15.16
94.72,68.3,50.0,15.48
96.58,61.1,50.0,18.71
96.48,59.3,50.0,18.39
97.07,56.7,50.0,19.35
96.87,55.1,50.0,20.32
96.48,52.1,50.0,20.65
97.46,47.3,63.0,22.58
97.75,44.2,50.0,25.81
97.07,41.7,50.0,29.68
97.85,47.2,50.0,22.9
96.28,45.6,50.0,22.9
94.53,50.7,63.0,20.0
90.42,52.4,50.0,19.03
92.96,52.6,50.0,19.03
93.74,52.9,50.0,19.35
94.72,51.9,50.0,19.68
96.38,50.2,50.0,21.29
96.87,43.3,50.0,27.1
94.04,49.1,50.0,21.29
93.55,52.1,50.0,20.65
92.86,48.8,50.0,20.65
92.57,49.2,50.0,20.65
91.4,49.9,50.0,20.65
91.1,51.3,50.0,20.0
89.83,50.8,50.0,20.32
88.66,54.6,57.0,19.35
84.26,56.3,50.0,18.71
80.35,57.9,50.0,18.39
78.5,59.5,50.0,18.06
77.61,59.6,50.0,18.06
69.89,60.1,50.0,17.42
61.29,61.2,50.0,17.1
37.05,61.1,50.0,17.1
21.21,62.2,56.0,16.77
17.4,66.4,50.0,15.48
3.72,67.5,50.0,15.48
0.1,68.5,50.0,15.16
0.0,68.6,50.0,15.48
0.0,68.8,50.0,15.16
0.0,69.4,50.0,15.16
0.0,69.4,50.0,15.16
0.0,68.6,50.0,15.48
0.0,68.9,50.0,15.16
0.0,69.6,50.0,15.16
0.0,69.4,50.0,15.16
0.0,70.8,50.0,14.84
0.0,71.2,50.0,14.84
0.0,71.9,50.0,14.84
0.0,71.5,50.0,14.84
0.0,70.8,50.0,14.84
0.0,72.7,50.0,14.19
0.0,73.4,50.0,14.19
0.0,73.0,50.0,14.19
0.0,71.5,50.0,14.19
0.0,71.2,50.0,14.84
0.0,70.5,50.0,13.87
0.0,70.4,50.0,13.55
0.0,71.8,50.0,13.23
0.0,73.4,50.0,12.9
0.0,72.4,50.0,13.23
0.1,71.9,50.0,13.23
1.37,70.8,50.0,13.23
30.6,71.6,50.0,12.9
53.47,71.3,50.0,13.55
66.37,71.0,50.0,13.87
79.76,69.9,50.0,13.87
92.47,68.2,50.0,13.87
93.84,67.8,50.0,13.87
93.35,58.4,50.0,16.13
93.74,65.6,50.0,14.19
96.38,64.1,50.0,15.81
97.65,56.2,50.0,18.06
95.99,54.3,50.0,19.35
98.14,51.8,50.0,22.26
96.19,53.3,50.0,20.32
98.14,57.8,50.0,20.0
97.07,48.5,50.0,22.58
96.28,52.2,50.0,21.29
98.24,49.7,50.0,23.23
97.07,46.4,50.0,23.87
96.58,48.0,50.0,23.23
98.04,45.8,50.0,27.42
98.04,43.3,50.0,29.03
95.89,43.6,50.0,27.42
97.95,41.4,50.0,30.32
97.95,39.6,50.0,31.94
95.89,41.7,50.0,26.45
95.02,51.1,50.0,20.97
96.09,47.7,50.0,21.94
96.87,41.0,50.0,29.68
96.09,41.7,50.0,26.45
90.91,56.2,50.0,19.68
91.89,57.3,50.0,18.39
92.96,55.4,50.0,19.68
93.26,49.2,50.0,26.45
91.59,54.0,50.0,20.0
91.1,54.8,50.0,19.35
92.38,54.6,50.0,19.68
93.65,52.2,50.0,20.97
92.47,53.3,50.0,19.68
91.01,55.1,50.0,19.03
90.91,57.4,50.0,18.06
88.27,58.7,50.0,17.74
84.46,59.5,50.0,17.42
76.25,60.6,50.0,16.77
53.18,61.9,50.0,16.13
14.08,62.0,50.0,15.81
0.88,62.3,50.0,15.48
0.0,62.2,50.0,15.48
0.0,61.7,50.0,15.81
0.0,60.0,50.0,16.13
0.0,59.6,50.0,15.81
0.0,61.9,50.0,15.16
0.0,66.7,60.0,14.52
0.0,68.5,50.0,13.87
0.0,69.1,51.0,13.55
0.0,69.1,50.0,13.55
0.0,68.8,50.0,13.23
0.0,68.6,50.0,13.23
0.0,68.0,50.0,13.23
0.0,68.5,50.0,12.9
0.0,68.5,50.0,13.23
0.0,68.8,50.0,12.9
0.0,68.5,50.0,13.23
0.0,68.2,50.0,13.23
0.0,69.3,50.0,12.58
0.0,70.4,50.0,12.58
0.0,72.1,54.0,11.94
0.0,71.0,50.0,11.94
0.0,71.0,50.0,12.26
0.0,71.2,50.0,11.94
0.0,71.2,50.0,11.61
2.05,70.7,50.0,11.94
20.33,71.3,50.0,11.61
61.88,71.6,50.0,11.29
82.11,72.3,50.0,10.97
89.05,70.7,50.0,11.61
96.28,66.1,50.0,12.9
95.89,58.1,50.0,14.52
97.46,53.7,50.0,16.45
97.65,50.2,50.0,18.71
97.65,48.3,50.0,21.29
97.95,44.0,50.0,23.87
98.04,48.0,50.0,21.61
97.95,50.2,50.0,21.94
97.75,48.8,50.0,22.26
98.04,50.0,50.0,23.55
98.04,45.3,50.0,27.42
95.31,49.2,50.0,20.97
98.14,41.5,50.0,28.39
96.77,36.2,59.0,27.1
95.6,45.3,50.0,20.97
94.92,53.2,50.0,19.68
97.85,53.5,50.0,21.61
98.04,47.8,60.0,24.84
97.36,51.6,50.0,21.61
95.89,55.1,50.0,20.32
97.85,43.3,66.0,23.55
96.48,43.6,57.0,22.26
96.38,41.8,64.0,22.9
95.7,44.5,50.0,23.55
97.07,38.5,56.0,30.65
95.6,40.7,50.0,23.55
95.41,42.6,50.0,23.23
95.02,43.3,57.0,21.29
93.65,43.3,50.0,22.58
92.96,49.2,54.0,20.32
96.68,56.0,54.0,22.26
97.16,56.0,50.0,22.26
91.1,58.7,50.0,18.71
92.18,58.5,55.0,18.39
91.89,58.1,50.0,18.39
90.42,57.6,51.0,18.39
89.25,58.5,61.0,18.06
85.44,58.5,53.0,17.74
78.79,60.9,50.0,17.1
61.19,61.1,50.0,17.1
25.9,62.2,50.0,16.77
2.84,62.6,50.0,16.77
0.1,63.6,50.0,16.45
0.0,63.6,50.0,16.45
0.0,63.6,50.0,16.13
0.0,64.9,54.0,16.13
0.0,65.6,51.0,16.13
0.0,66.4,53.0,16.13
0.0,66.6,53.0,15.81
0.0,67.4,56.0,15.48
0.0,67.7,59.0,15.48
0.0,68.0,50.0,15.48
0.0,68.2,50.0,15.48
0.0,68.5,50.0,15.16
0.0,68.3,51.0,15.48
0.0,67.8,50.0,15.48
0.0,68.8,50.0,15.16
0.0,70.1,50.0,14.84
0.0,71.5,50.0,14.84
0.0,72.3,50.0,14.52
0.0,72.9,50.0,14.52
0.0,73.0,50.0,15.48
0.0,73.8,50.0,14.52
0.0,74.6,53.0,14.19
0.0,75.1,50.0,14.19
0.0,74.9,50.0,14.19
0.29,74.6,50.0,14.19
6.16,74.2,50.0,14.19
37.34,73.5,50.0,14.19
69.01,72.3,50.0,14.19
86.41,70.8,56.0,14.52
93.55,66.7,61.0,15.16
95.89,62.5,50.0,16.45
96.48,60.4,50.0,17.1
94.72,63.3,54.0,16.77
94.82,62.3,50.0,17.1
95.7,60.3,61.0,17.42
96.09,58.9,50.0,18.06
97.65,53.5,62.0,19.68
95.8,53.0,53.0,19.35
96.48,53.3,61.0,19.68
97.85,47.5,63.0,22.9
96.87,47.8,53.0,21.94
97.95,47.5,54.0,23.55
98.04,45.5,50.0,24.52
98.04,43.4,63.0,24.84
97.95,42.8,62.0,25.81
97.95,42.3,63.0,25.48
97.85,42.0,53.0,25.48
97.85,41.0,62.0,26.45
97.85,40.1,54.0,26.45
97.85,40.9,50.0,27.1
97.65,41.0,66.0,26.77
97.56,40.9,66.0,27.1
97.16,40.7,67.0,26.45
96.87,44.0,59.0,26.77
96.68,43.1,57.0,27.74
96.48,47.3,55.0,27.1
96.28,43.7,61.0,27.74
95.7,43.9,64.0,27.1
94.53,46.9,63.0,24.52
93.74,46.7,50.0,24.19
92.96,47.2,62.0,23.87
93.06,48.0,62.0,24.19
92.96,47.0,65.0,23.87
91.2,45.9,68.0,23.55
91.59,45.8,65.0,23.23
90.13,46.6,53.0,22.9
87.88,49.1,50.0,22.26
82.31,51.4,50.0,21.61
67.55,54.3,61.0,20.97
36.27,56.3,50.0,20.32
6.06,57.9,50.0,20.0
0.39,59.3,50.0,19.35
0.0,61.4,59.0,19.03
0.0,63.0,50.0,18.39
0.0,64.5,50.0,18.06
0.0,66.1,50.0,17.74
0.0,67.5,50.0,17.74
0.0,69.7,50.0,17.1
0.0,70.8,59.0,16.77
0.0,71.9,50.0,16.45
0.0,71.8,50.0,16.77
0.0,70.2,50.0,17.1
0.0,70.7,50.0,16.77
0.0,71.3,50.0,16.45
0.0,71.0,62.0,16.45
0.0,71.2,50.0,16.45
0.0,71.3,50.0,16.45
0.1,70.4,50.0,16.77
0.0,69.9,50.0,16.45
0.1,68.5,50.0,16.77
0.0,66.9,50.0,16.45
0.0,66.9,50.0,16.45
0.0,66.3,50.0,15.81
0.0,66.0,50.0,15.81
0.0,65.5,50.0,15.48
0.0,65.3,50.0,15.48
0.29,65.5,50.0,15.48
4.4,65.3,50.0,15.48
28.06,65.8,50.0,15.48
58.36,66.4,50.0,15.48
88.07,65.2,50.0,15.81
91.79,64.4,50.0,16.77
92.67,61.4,50.0,17.1
94.33,60.1,50.0,17.74
96.28,57.4,50.0,18.71
96.38,52.2,50.0,20.97
96.58,54.0,50.0,21.94
94.82,55.1,50.0,19.35
94.72,55.4,50.0,19.35
94.04,55.2,50.0,18.71
95.02,53.3,50.0,19.35
95.02,52.4,50.0,19.68
94.23,50.5,50.0,19.03
93.55,50.0,50.0,19.03
92.08,53.5,50.0,17.74
92.86,53.8,50.0,17.74
93.45,53.5,50.0,18.06
92.38,56.3,50.0,17.42
92.57,57.8,50.0,17.1
91.79,59.3,50.0,16.77
92.38,60.3,50.0,16.77
89.25,61.9,50.0,16.13
89.74,63.4,50.0,15.48
87.88,62.6,50.0,15.48
89.74,62.6,50.0,15.48
90.32,63.6,50.0,15.48
91.3,62.2,50.0,15.16
85.14,61.7,50.0,14.84
83.58,62.3,50.0,14.52
84.26,64.1,50.0,14.19
88.95,62.3,50.0,14.52
81.23,63.0,50.0,14.19
81.53,62.0,50.0,13.55
76.64,63.7,50.0,13.23
60.22,65.5,50.0,13.23
61.1,67.5,50.0,13.23
52.79,66.7,50.0,13.23
43.3,66.0,50.0,13.55
21.99,64.7,50.0,13.23
3.72,64.5,50.0,13.23
0.68,64.9,50.0,12.26
0.49,64.2,50.0,13.55
0.49,64.4,50.0,13.55
0.0,66.0,50.0,13.55
0.0,67.1,50.0,13.23
0.0,67.5,50.0,13.23
0.0,67.7,50.0,13.55
0.0,68.0,50.0,13.55
0.0,68.3,50.0,13.55
0.0,68.9,50.0,13.23
0.0,68.6,50.0,13.23
0.0,68.2,50.0,13.55
0.0,67.2,50.0,13.55
0.0,67.4,50.0,13.55
0.1,68.5,50.0,13.23
0.0,69.6,50.0,13.23
0.0,68.5,50.0,13.23
0.0,68.3,50.0,12.9
0.0,67.4,50.0,12.26
0.0,66.9,50.0,11.94
0.0,66.7,50.0,12.58
0.0,66.7,50.0,12.58
0.1,66.6,50.0,12.26
0.1,65.8,50.0,12.58
0.1,65.2,50.0,12.58
0.1,64.7,50.0,12.9
0.68,65.2,50.0,12.58
6.94,65.6,50.0,12.58
18.87,64.7,50.0,12.9
44.38,65.8,50.0,12.9
61.68,67.2,50.0,12.9
70.87,65.5,50.0,12.9
82.8,65.5,50.0,13.23
76.54,65.6,50.0,13.23
83.19,66.7,50.0,13.55
87.39,65.3,50.0,13.87
85.44,63.6,50.0,14.19
88.37,63.4,50.0,14.19
90.62,64.7,50.0,14.19
89.44,64.1,50.0,14.52
92.67,63.4,50.0,14.84
91.89,61.5,50.0,15.16
93.16,61.9,50.0,15.48
95.02,58.7,50.0,17.1
95.11,55.7,50.0,17.74
94.43,56.5,50.0,17.42
92.57,56.0,50.0,16.77
93.06,54.4,50.0,16.77
92.96,52.7,50.0,16.77
93.16,55.5,50.0,16.45
92.96,57.0,50.0,15.81
96.68,58.7,50.0,18.06
94.92,56.0,50.0,18.39
97.46,48.8,50.0,23.87
96.77,45.0,50.0,23.55
94.14,50.7,50.0,17.74
93.16,45.6,50.0,19.68
94.33,47.0,50.0,18.39
87.68,51.3,50.0,16.13
90.03,52.9,57.0,15.81
93.94,52.4,50.0,17.1
92.96,53.0,50.0,16.77
93.26,48.5,50.0,18.71
92.47,49.6,50.0,16.77
91.69,51.1,50.0,16.77
90.52,52.1,50.0,16.13
88.86,53.5,50.0,15.48
86.12,54.8,62.0,15.48
79.47,57.3,50.0,14.84
64.81,57.9,51.0,14.52
35.68,60.1,50.0,13.87
3.91,60.6,50.0,13.55
0.68,63.4,50.0,12.9
0.49,64.9,50.0,12.58
0.39,64.7,50.0,12.26
0.0,64.9,50.0,12.26
0.0,65.8,50.0,11.94
0.0,67.2,50.0,11.61
0.0,67.5,50.0,11.61
0.0,68.6,50.0,11.29
0.0,68.3,50.0,11.29
0.0,68.0,50.0,11.29
0.0,68.0,50.0,11.29
0.0,67.7,50.0,10.97
0.0,69.1,54.0,10.65
0.0,69.6,50.0,10.32
0.0,69.6,50.0,10.32
0.0,70.2,50.0,10.0
0.0,70.4,50.0,9.68
0.0,69.7,50.0,9.68
0.0,71.2,50.0,9.68
0.0,70.7,50.0,9.35
0.0,71.0,50.0,9.35
0.0,70.5,50.0,9.35
0.0,70.4,61.0,9.35
0.0,69.7,50.0,9.35
0.0,69.3,50.0,9.03
1.96,70.1,50.0,9.03
21.41,70.2,50.0,9.03
36.95,70.1,50.0,9.03
78.69,69.6,51.0,9.03
91.59,68.5,63.0,9.35
94.92,63.4,50.0,10.32
96.28,58.7,50.0,11.61
96.97,55.7,58.0,12.58
97.26,55.1,50.0,13.87
97.56,52.2,51.0,16.45
97.75,49.4,54.0,18.06
97.85,46.2,50.0,21.29
97.95,46.2,50.0,21.61
97.95,43.1,50.0,23.87
97.95,45.8,50.0,21.94
97.95,49.4,63.0,19.35
97.07,45.0,51.0,21.94
98.14,40.9,50.0,25.48
98.04,39.2,63.0,23.23
97.85,40.6,50.0,23.87
97.85,40.3,54.0,26.13
98.04,36.2,58.0,24.84
98.04,36.3,50.0,25.48
97.85,36.6,65.0,22.26
96.09,33.3,50.0,24.84
95.41,38.4,50.0,21.94
93.06,43.6,50.0,19.68
94.72,46.6,50.0,18.39
96.48,42.6,50.0,21.61
96.87,36.6,58.0,28.06
96.48,36.9,50.0,28.71
96.48,37.6,50.0,29.68
96.19,38.8,50.0,26.77
94.53,37.7,50.0,27.42
95.31,40.4,50.0,20.97
96.19,38.5,50.0,23.23
95.8,40.4,53.0,22.26
91.59,43.6,50.0,18.71
90.22,45.6,50.0,17.74
91.89,44.8,50.0,18.39
89.83,46.2,50.0,17.74
87.78,46.9,50.0,17.1
81.92,48.9,50.0,16.13
72.43,50.5,50.0,15.81
37.83,50.3,50.0,16.13
7.82,51.3,50.0,15.81
0.59,51.3,50.0,15.48
0.0,52.2,50.0,14.52
0.0,53.7,50.0,13.87
0.0,55.1,50.0,13.55
0.0,56.3,50.0,12.9
0.0,56.8,50.0,12.9
0.0,57.6,50.0,12.26
0.0,59.0,50.0,11.94
0.0,59.5,50.0,11.61
0.0,60.1,50.0,11.61
0.0,60.8,50.0,11.29
0.0,61.4,50.0,10.97
0.0,61.2,50.0,10.97
0.0,62.2,50.0,10.32
0.0,63.4,50.0,10.32
0.0,63.0,50.0,10.0
0.0,63.7,50.0,10.0
0.0,64.2,50.0,9.68
0.0,64.9,50.0,9.68
0.0,67.2,50.0,9.03
0.0,68.9,50.0,8.71
0.0,68.8,50.0,8.71
0.0,69.4,50.0,9.03
0.0,67.7,50.0,9.03
0.0,67.8,50.0,8.71
0.1,68.9,50.0,8.71
2.44,68.3,50.0,8.71
21.41,68.5,50.0,8.71
65.49,69.7,50.0,8.71
90.91,68.8,50.0,9.03
95.6,60.3,50.0,10.32
96.77,57.0,50.0,11.29
97.16,55.1,50.0,12.26
97.46,52.6,50.0,13.55
97.65,49.6,54.0,15.48
97.75,46.9,60.0,17.42
97.85,42.6,50.0,20.0
97.95,42.8,50.0,19.68
98.04,42.8,50.0,23.23
97.95,38.2,60.0,23.55
95.7,44.0,50.0,19.68
95.7,42.8,50.0,19.68
95.8,44.7,50.0,19.03
93.35,43.3,51.0,18.39
94.23,44.8,61.0,17.1
95.99,49.2,50.0,16.45
96.28,43.4,50.0,18.39
95.99,44.2,60.0,17.1
95.6,41.4,50.0,18.71
96.09,44.0,50.0,17.74
95.31,46.6,50.0,17.1
94.62,49.7,50.0,16.13
95.7,49.2,50.0,18.06
97.36,44.8,50.0,22.26
96.77,37.7,50.0,23.87
94.23,42.9,50.0,20.32
92.28,51.0,50.0,16.13
93.94,52.2,50.0,15.81
92.47,52.7,50.0,15.81
91.59,53.2,50.0,15.81
94.33,51.4,50.0,17.1
93.16,52.4,50.0,16.13
92.38,52.4,50.0,16.13
91.01,54.8,50.0,15.16
90.71,55.5,50.0,15.16
90.32,55.5,50.0,14.84
88.56,55.5,50.0,14.84
85.14,55.1,57.0,14.84
79.08,56.5,50.0,14.52
58.36,58.5,50.0,13.87
20.33,58.2,50.0,13.55
1.37,57.4,50.0,13.55
0.0,57.9,50.0,13.23
0.0,57.8,50.0,13.23
0.0,55.9,50.0,13.55
0.0,57.0,50.0,13.23
0.0,57.8,50.0,12.9
0.0,58.7,50.0,12.58
0.0,60.0,50.0,12.26
0.0,59.5,50.0,11.94
0.0,60.3,50.0,11.61
0.0,60.8,50.0,11.61
0.0,61.2,50.0,11.29
0.0,62.0,50.0,10.97
0.0,62.8,50.0,10.65
0.0,63.0,50.0,10.97
0.0,62.5,50.0,10.97
0.0,63.6,50.0,10.65
0.0,63.9,50.0,10.32
0.0,64.1,50.0,10.32
0.0,64.2,50.0,9.68
0.0,65.3,50.0,9.35
0.0,67.1,50.0,9.35
0.0,67.1,50.0,9.35
0.0,65.5,50.0,9.35
0.0,65.0,50.0,9.03
0.0,65.8,50.0,9.35
0.49,65.2,50.0,9.35
10.17,66.0,50.0,9.35
55.91,65.3,50.0,9.35
79.47,66.0,50.0,8.71
90.22,65.8,50.0,8.39
95.89,57.1,50.0,11.29
95.5,57.0,50.0,10.65
95.41,55.9,50.0,11.61
97.36,49.4,59.0,15.48
97.56,47.3,50.0,18.06
97.16,45.8,50.0,19.68
97.85,45.0,50.0,23.87
98.04,45.6,50.0,24.19
98.04,43.4,50.0,24.52
97.95,43.3,50.0,23.87
97.95,43.4,50.0,24.19
97.95,43.6,50.0,22.58
98.04,40.4,50.0,26.77
98.04,43.1,50.0,22.26
98.04,41.0,50.0,23.87
97.95,40.3,50.0,25.81
97.95,39.5,53.0,26.45
97.95,43.9,50.0,23.23
97.85,41.0,50.0,23.87
97.75,42.8,50.0,23.23
97.75,42.1,61.0,23.23
97.65,40.7,50.0,23.87
97.26,40.9,50.0,24.52
96.87,40.1,50.0,23.23
96.68,39.6,57.0,23.55
96.48,40.3,57.0,26.45
96.28,44.2,50.0,22.9
95.89,44.7,50.0,22.58
95.41,45.9,50.0,23.55
95.11,45.6,50.0,25.16
96.19,45.0,50.0,25.81
96.97,46.6,50.0,25.48
92.57,48.9,50.0,18.39
91.69,49.9,50.0,17.42
89.64,53.8,50.0,16.13
89.15,56.0,50.0,15.48
86.9,57.4,50.0,15.48
80.94,57.4,50.0,14.84
65.98,58.1,50.0,14.52
0.0,55.2,50.0,14.84
0.0,55.7,50.0,14.19
0.0,56.7,50.0,13.87
0.0,58.4,50.0,13.23
0.0,58.9,50.0,12.9
0.0,58.7,50.0,12.9
0.0,60.0,50.0,12.58
0.0,59.2,50.0,12.9
0.0,59.3,50.0,12.9
0.0,59.6,50.0,12.9
0.0,60.0,50.0,12.58
0.0,60.1,50.0,12.58
0.0,60.8,50.0,11.61
0.0,61.7,50.0,11.61
0.0,60.4,50.0,11.94
0.0,60.1,50.0,11.94
0.0,60.8,50.0,11.29
0.0,60.6,50.0,11.29
0.0,62.8,50.0,10.97
0.0,63.9,50.0,10.32
0.0,64.2,50.0,9.68
0.0,63.4,50.0,10.0
0.0,64.4,50.0,9.35
0.0,65.8,50.0,9.03
0.0,64.4,50.0,9.35
0.1,64.1,50.0,9.35
2.54,63.4,50.0,9.68
26.39,63.9,50.0,9.35
67.45,65.5,50.0,9.03
84.65,65.3,50.0,9.35
95.7,59.8,50.0,10.65
96.58,52.4,50.0,12.9
97.07,52.1,54.0,13.23
97.36,49.4,50.0,15.81
97.56,46.6,50.0,18.06
97.85,45.3,50.0,21.61
95.21,54.1,50.0,15.81
94.72,53.5,50.0,17.1
94.04,55.7,50.0,15.81
95.21,55.4,50.0,17.1
94.53,54.4,50.0,17.74
92.47,57.1,50.0,16.45
94.53,55.4,50.0,17.74
91.3,56.7,50.0,16.77
94.43,57.0,50.0,17.1
94.33,56.7,50.0,17.74
97.56,50.8,50.0,24.19
93.94,51.3,50.0,20.0
95.89,50.8,50.0,20.97
95.8,50.5,50.0,20.0
96.48,41.7,50.0,30.0
90.71,51.9,50.0,18.06
92.18,54.4,50.0,17.42
93.06,54.3,50.0,17.42
94.62,54.1,50.0,18.39
96.09,48.6,50.0,22.26
94.62,51.3,50.0,19.68
96.19,45.0,50.0,28.71
95.99,47.0,50.0,27.1
95.99,45.8,50.0,28.71
95.89,48.1,50.0,25.81
94.53,49.2,50.0,24.52
91.3,53.5,50.0,18.06
90.03,54.9,50.0,17.42
87.1,55.5,50.0,17.1
85.73,56.3,50.0,16.45
85.63,56.8,50.0,16.45
83.28,58.1,50.0,15.48
71.06,59.2,50.0,14.84
44.58,61.4,50.0,14.19
6.55,61.9,50.0,13.87
0.88,61.4,50.0,13.87
0.49,62.6,50.0,13.23
0.49,63.4,50.0,12.9
0.59,62.6,50.0,11.94
0.0,62.6,50.0,13.23
0.1,63.6,50.0,12.58
0.1,64.5,50.0,12.26
0.1,64.9,50.0,12.26
0.0,64.2,50.0,12.26
0.0,64.5,50.0,11.94
0.0,64.5,50.0,12.26
0.0,63.6,50.0,12.26
0.1,63.9,50.0,12.26
0.0,63.7,50.0,11.94
0.0,64.9,50.0,11.29
0.0,65.3,50.0,10.97
0.0,67.2,50.0,10.65
0.0,66.7,50.0,10.65
0.0,68.5,50.0,9.68
0.0,69.9,50.0,9.68
0.0,68.6,50.0,10.32
0.0,67.1,50.0,10.32
0.0,66.4,50.0,10.32
0.0,66.7,50.0,10.0
0.0,68.3,50.0,9.35
0.1,68.5,50.0,10.0
0.59,67.8,50.0,9.35
8.31,69.4,50.0,9.35
44.97,69.7,50.0,9.68
76.74,69.3,50.0,9.68
84.46,64.2,50.0,10.32
89.64,67.4,50.0,10.97
87.98,66.0,50.0,10.97
88.95,68.5,50.0,10.65
91.89,65.0,50.0,12.26
92.86,64.9,50.0,12.58
94.62,62.3,50.0,14.52
95.41,57.6,50.0,16.13
95.8,59.0,50.0,15.48
95.41,59.3,50.0,15.16
97.85,50.8,50.0,22.26
97.95,48.8,50.0,21.61
97.95,48.1,50.0,22.26
97.75,48.1,50.0,21.94
97.56,48.1,50.0,21.29
97.16,52.7,50.0,19.03
97.16,49.1,50.0,21.29
96.68,57.6,50.0,18.06
95.41,60.3,50.0,16.77
96.38,59.0,50.0,17.74
95.8,58.9,58.0,17.42
95.41,58.2,56.0,16.77
94.72,57.0,50.0,17.1
94.62,57.3,50.0,16.77
95.31,57.9,50.0,18.06
96.48,54.9,50.0,20.97
96.28,57.4,66.0,19.68
95.6,60.1,51.0,18.71
95.5,60.0,51.0,19.03
94.62,57.3,63.0,18.06
95.02,56.2,50.0,20.32
93.74,53.5,50.0,18.71
95.7,54.8,50.0,19.35
93.16,55.9,50.0,18.06
92.08,56.3,50.0,17.42
89.25,56.8,50.0,16.77
85.04,56.8,50.0,16.45
80.64,59.3,62.0,16.45
64.71,63.0,56.0,16.13
35.88,63.9,50.0,16.13
5.86,62.2,54.0,16.45
0.29,63.0,50.0,16.13
0.0,62.2,50.0,16.45
0.0,60.6,50.0,16.45
0.0,62.2,67.0,16.45
0.0,65.5,68.0,16.45
0.0,65.8,50.0,16.13
0.0,64.7,63.0,16.45
0.0,64.2,54.0,16.45
0.0,66.9,63.0,16.13
0.0,66.0,50.0,16.13
0.0,66.9,56.0,16.13
0.0,67.4,50.0,14.84
0.0,72.1,50.0,13.87
0.0,74.2,50.0,13.87
0.0,74.8,50.0,13.87
0.0,74.3,66.0,13.87
0.0,74.9,50.0,13.55
0.0,75.4,50.0,13.87
0.1,75.3,50.0,13.87
0.1,75.3,50.0,14.19
0.0,75.3,50.0,14.19
0.0,75.3,50.0,14.52
0.0,76.2,50.0,14.52
0.0,76.0,50.0,14.52
0.1,76.7,50.0,14.52
0.0,76.5,50.0,14.52
0.1,77.0,50.0,14.52
0.2,76.8,50.0,14.84
3.32,76.7,50.0,14.84
22.38,77.1,50.0,14.84
43.5,77.1,50.0,14.84
50.24,77.1,50.0,14.84
60.9,77.0,50.0,15.16
81.13,77.0,50.0,15.48
63.44,77.0,50.0,15.16
83.68,77.9,50.0,15.16
83.38,78.1,50.0,15.16
78.79,77.8,50.0,15.48
89.05,77.6,50.0,15.81
92.08,75.6,50.0,16.45
85.24,75.4,50.0,15.81
90.81,76.8,50.0,16.13
90.62,75.6,50.0,16.77
89.44,75.7,50.0,15.81
89.83,75.9,50.0,16.77
90.32,75.1,50.0,17.1
93.35,74.8,50.0,17.74
93.94,73.0,50.0,18.39
91.98,72.7,50.0,17.42
89.83,73.0,50.0,16.77
91.5,74.5,50.0,16.77
86.71,74.2,50.0,16.13
83.38,76.0,50.0,15.48
82.7,76.2,50.0,15.48
82.4,77.0,50.0,15.48
84.07,77.0,50.0,15.81
74.98,76.4,50.0,15.81
83.19,75.7,50.0,15.81
89.64,74.8,50.0,16.13
91.2,73.8,50.0,16.77
88.07,73.8,50.0,16.45
78.5,73.5,50.0,16.45
64.52,74.8,65.0,13.87
55.91,77.5,50.0,12.9
71.26,77.6,50.0,13.55
52.0,77.1,50.0,13.55
62.85,75.7,50.0,13.23
67.55,75.6,50.0,13.23
54.84,75.3,50.0,13.23
38.81,74.9,50.0,13.23
11.05,74.6,50.0,13.23
1.27,74.5,50.0,13.55
0.49,74.0,50.0,13.55
0.39,74.3,50.0,13.55
0.39,73.8,50.0,13.55
0.39,73.7,50.0,13.87
0.0,72.9,50.0,13.55
0.0,72.6,50.0,13.87
0.0,72.1,50.0,13.23
0.0,69.9,50.0,12.9
0.0,69.6,50.0,12.9
0.0,70.2,50.0,12.9
0.0,69.9,50.0,12.9
0.0,69.4,60.0,13.23
0.0,69.6,50.0,13.23
0.0,69.6,50.0,13.23
0.0,69.3,50.0,13.23
0.0,69.3,50.0,13.23
0.0,70.1,56.0,13.23
0.0,70.2,50.0,13.23
0.0,70.1,50.0,12.9
0.0,69.7,50.0,12.9
0.0,70.1,50.0,12.9
0.0,69.7,50.0,12.9
0.0,69.1,50.0,12.9
0.0,69.3,50.0,12.58
0.0,69.1,50.0,12.9
0.0,68.5,50.0,12.9
0.1,68.5,50.0,12.9
0.78,68.5,50.0,12.9
10.85,68.8,50.0,12.9
32.94,68.8,50.0,12.9
51.61,70.1,50.0,12.9
63.44,71.0,50.0,13.23
67.64,70.5,50.0,13.23
0.0,70.1,50.0,13.55
76.15,71.3,50.0,13.87
84.65,71.0,50.0,14.19
85.92,69.6,50.0,14.19
83.77,69.7,50.0,13.87
85.34,70.1,50.0,13.87
84.07,70.5,50.0,13.87
86.61,71.2,50.0,14.52
88.56,71.2,50.0,14.52
88.46,69.4,50.0,15.16
91.59,67.7,50.0,16.13
94.82,64.9,50.0,17.1
94.43,65.3,50.0,16.45
93.16,64.2,50.0,16.77
92.28,65.8,50.0,15.81
92.86,66.4,50.0,15.81
92.96,65.5,50.0,16.77
94.43,63.3,50.0,17.1
93.65,64.1,50.0,15.81
92.47,68.0,50.0,13.55
91.4,71.3,50.0,13.23
93.65,70.8,50.0,13.87
92.96,69.9,50.0,13.23
92.57,72.6,50.0,12.9
91.98,71.5,50.0,13.23
88.56,72.4,50.0,13.23
87.39,71.0,50.0,13.55
90.62,70.2,50.0,14.19
85.63,69.3,50.0,14.19
86.22,68.6,50.0,14.52
84.26,70.4,50.0,13.87
82.8,70.8,50.0,13.55
82.6,70.4,50.0,13.55
75.37,71.5,50.0,13.55
65.89,72.3,50.0,13.55
54.94,72.7,50.0,13.23
34.51,72.9,50.0,13.23
14.17,73.0,50.0,13.23
2.35,72.7,50.0,13.23
0.49,71.3,50.0,13.23
0.39,69.9,50.0,13.23
0.29,70.1,50.0,13.23
0.29,69.9,50.0,12.9
0.0,69.9,50.0,12.58
0.0,69.9,50.0,12.58
0.0,70.1,50.0,12.26
0.0,70.1,50.0,12.26
0.0,69.9,50.0,12.26
0.0,69.7,50.0,11.94
0.0,69.6,50.0,11.94
0.0,69.3,50.0,11.94
0.0,69.6,50.0,11.94
0.0,69.3,50.0,11.94
0.0,68.8,50.0,12.26
0.0,68.8,50.0,12.26
0.0,68.6,50.0,12.26
0.0,68.6,50.0,12.26
0.0,68.8,50.0,12.26
0.0,69.7,50.0,11.94
0.0,70.5,58.0,11.94
0.0,71.0,57.0,11.94
0.0,72.3,50.0,11.94
0.0,72.7,50.0,11.94
0.0,72.4,50.0,11.94
0.0,73.0,50.0,11.61
0.1,73.7,50.0,11.61
2.25,74.6,50.0,11.94
19.06,75.3,50.0,11.94
35.48,74.9,50.0,11.94
66.47,74.5,50.0,11.94
73.41,74.8,50.0,12.26
88.27,74.9,59.0,12.58
87.88,73.5,55.0,12.9
86.32,72.6,62.0,12.9
87.0,71.0,53.0,12.9
87.2,73.2,50.0,12.26
82.6,75.9,59.0,12.26
89.25,76.0,60.0,12.58
88.27,76.8,61.0,12.26
89.93,77.5,52.0,12.58
92.57,76.7,53.0,12.9
88.86,75.1,57.0,13.23
89.25,75.9,52.0,12.9
89.25,76.7,68.0,12.58
89.64,77.5,58.0,12.58
91.98,77.8,52.0,12.9
88.76,77.5,69.0,12.9
90.52,78.1,59.0,12.9
92.77,78.1,63.0,13.23
94.53,77.9,53.0,13.87
96.38,77.0,57.0,16.77
96.97,66.4,58.0,20.0
97.16,66.6,64.0,17.74
96.87,63.9,66.0,19.35
94.72,60.3,60.0,20.0
93.45,60.0,51.0,17.42
93.74,61.4,65.0,16.77
96.09,56.5,60.0,20.32
94.92,58.4,56.0,17.74
93.35,57.8,64.0,17.42
92.18,58.7,62.0,16.45
90.13,60.9,52.0,15.81
87.59,63.6,56.0,15.16
85.44,64.9,61.0,15.16
76.93,64.7,51.0,14.84
50.34,65.5,57.0,14.52
11.63,66.0,60.0,14.19
0.98,68.3,55.0,13.87
0.39,68.5,59.0,13.55
0.29,68.8,50.0,13.55
0.29,69.4,50.0,13.23
0.29,70.1,50.0,12.9
0.0,70.4,50.0,12.9
0.0,70.8,50.0,12.58
0.0,70.8,51.0,12.58
0.0,71.3,50.0,12.58
0.0,71.2,50.0,12.26
0.0,70.8,50.0,12.58
0.0,71.0,50.0,12.58
0.0,70.8,50.0,12.58
0.0,71.6,50.0,12.26
0.0,72.7,50.0,12.58
0.0,73.7,50.0,12.9
0.0,73.8,50.0,12.58
0.0,75.1,50.0,12.58
0.0,76.2,50.0,12.58
0.0,76.4,50.0,12.26
0.0,76.8,50.0,12.58
0.0,76.4,50.0,12.58
0.0,76.2,50.0,12.58
0.0,75.1,50.0,12.26
0.0,74.5,50.0,12.58
0.0,74.0,50.0,12.58
0.0,73.5,50.0,12.26
0.0,73.7,50.0,12.26
2.05,73.8,50.0,11.94
17.5,74.5,50.0,11.94
64.52,74.2,50.0,11.61
74.58,75.6,50.0,11.94
89.54,74.3,50.0,12.26
85.83,71.9,50.0,12.58
85.92,71.2,50.0,12.58
88.56,70.7,50.0,12.58
95.8,71.8,50.0,13.55
94.53,64.7,50.0,14.52
93.84,66.7,50.0,14.52
88.66,67.5,50.0,13.55
95.02,68.8,50.0,15.48
91.89,67.1,50.0,14.19
96.77,63.9,50.0,16.77
96.28,61.4,50.0,17.1
97.07,60.3,50.0,17.74
96.87,59.8,50.0,17.1
94.14,61.2,50.0,15.81
93.26,63.0,50.0,15.16
93.65,64.1,50.0,15.48
94.23,65.3,50.0,14.84
94.43,62.3,50.0,16.13
94.04,61.7,50.0,16.45
91.4,66.4,50.0,14.84
90.32,65.2,50.0,15.16
90.22,67.7,50.0,14.52
89.54,68.0,50.0,14.19
89.93,68.0,50.0,14.19
89.05,68.0,50.0,13.87
89.15,67.4,50.0,13.87
88.66,64.1,50.0,13.55
88.76,67.7,50.0,13.55
90.62,66.3,50.0,13.55
93.84,66.7,50.0,14.52
92.77,62.5,50.0,14.52
90.03,63.9,50.0,14.52
87.98,59.2,50.0,14.19
84.75,56.8,50.0,13.87
84.07,58.1,50.0,14.19
76.54,62.0,50.0,13.87
59.73,64.4,50.0,13.55
22.29,66.0,53.0,13.23
1.66,67.4,50.0,12.58
0.0,67.7,50.0,12.58
0.0,67.8,50.0,12.9
0.0,69.4,50.0,12.26
0.0,69.9,50.0,12.26
0.0,70.1,50.0,12.26
0.0,70.5,50.0,12.26
0.0,71.6,50.0,11.94
0.0,71.6,50.0,11.94
0.0,72.3,50.0,11.61
0.0,72.1,50.0,11.29
0.0,72.3,50.0,11.29
0.0,72.4,50.0,10.97
0.0,72.4,53.0,10.97
0.0,72.1,50.0,10.97
0.0,72.9,50.0,10.65
0.0,73.2,50.0,10.65
0.0,73.2,53.0,10.32
0.0,73.2,50.0,10.32
0.0,72.6,50.0,10.32
0.0,72.6,50.0,10.32
0.0,72.3,50.0,10.0
0.0,72.4,50.0,10.32
0.0,71.8,50.0,10.32
0.0,71.9,50.0,10.0
0.0,73.0,50.0,10.32
0.0,71.8,50.0,10.0
0.0,73.0,50.0,9.68
0.68,72.7,50.0,10.0
10.26,72.3,50.0,9.68
48.88,71.9,50.0,10.0
85.63,71.8,50.0,10.0
94.92,69.7,63.0,10.65
96.38,63.9,50.0,11.94
96.97,61.2,50.0,12.58
97.36,57.6,50.0,14.19
97.65,53.8,51.0,15.81
97.75,55.1,50.0,16.77
97.85,55.5,50.0,17.1
97.95,53.0,50.0,18.39
98.04,52.2,50.0,19.03
98.04,51.1,57.0,19.68
97.85,50.3,62.0,19.68
98.04,49.1,64.0,20.97
98.04,48.1,69.0,21.29
96.09,53.8,50.0,17.74
93.45,52.6,64.0,17.42
92.18,57.4,50.0,15.81
84.46,71.6,67.0,10.65
86.41,70.2,54.0,10.65
86.02,70.5,60.0,10.32
87.1,70.1,53.0,10.65
84.65,69.1,74.0,10.65
84.36,70.7,55.0,10.32
84.85,70.8,60.0,10.32
87.1,72.3,54.0,10.32
85.92,70.8,68.0,10.65
86.32,71.0,62.0,10.97
83.19,69.9,50.0,10.97
83.38,72.4,63.0,10.32
82.11,73.8,72.0,10.32
75.86,74.3,65.0,9.68
75.27,74.6,72.0,9.68
76.15,75.3,72.0,9.68
78.1,75.7,54.0,9.68
70.77,75.7,62.0,9.68
61.49,76.0,60.0,9.68
58.65,75.7,61.0,9.68
38.32,76.8,67.0,9.68
30.11,76.7,55.0,10.0
7.82,76.8,55.0,10.0
1.17,77.0,57.0,10.0
0.59,77.0,52.0,10.0
0.68,77.1,52.0,10.0
0.68,77.5,50.0,10.32
0.68,77.9,50.0,10.65
0.59,77.8,50.0,10.97
0.59,78.1,51.0,11.29
0.59,78.1,59.0,11.29
0.49,78.1,50.0,11.61
0.49,78.3,50.0,11.61
0.49,78.3,50.0,11.61
0.2,78.3,50.0,11.94
0.1,78.3,50.0,11.61
0.0,78.4,50.0,11.94
0.0,78.7,50.0,11.94
0.1,78.6,50.0,12.26
0.0,79.0,53.0,12.26
0.0,78.9,50.0,12.26
0.0,79.5,55.0,12.58
0.0,78.9,67.0,13.23
0.0,78.4,54.0,13.23
0.0,77.9,50.0,13.55
0.0,77.8,57.0,13.55
0.0,77.3,53.0,13.23
0.0,76.8,50.0,13.55
0.0,77.0,52.0,13.23
0.0,76.0,51.0,13.23
0.0,75.4,50.0,12.9
0.0,74.0,50.0,12.9
0.0,72.6,50.0,12.58
0.0,72.3,50.0,12.58
0.0,71.6,61.0,12.58
0.0,72.4,50.0,12.26
0.0,72.1,50.0,12.26
0.0,72.1,50.0,12.26
0.29,72.1,50.0,12.26
0.29,72.7,50.0,12.26
0.29,73.0,50.0,11.94
0.39,74.0,50.0,11.61
0.78,75.1,50.0,11.94
4.99,75.6,50.0,11.94
22.97,75.7,50.0,11.94
36.76,76.0,50.0,11.94
60.51,77.3,55.0,11.94
72.82,77.6,68.0,11.94
71.36,77.8,61.0,12.26
83.28,78.1,64.0,12.58
87.2,77.6,50.0,12.9
88.76,77.8,70.0,13.23
88.27,76.8,64.0,13.23
88.37,77.6,63.0,12.9
84.16,78.1,64.0,12.9
98.34,78.6,52.0,19.35
97.46,74.0,50.0,17.42
98.04,74.9,50.0,17.74
91.59,71.9,50.0,13.87
92.67,69.9,50.0,13.23
96.28,68.2,50.0,14.52
90.32,64.1,50.0,13.55
91.2,63.9,50.0,12.9
96.19,62.6,50.0,13.87
96.97,53.8,50.0,20.97
95.41,60.4,50.0,14.84
92.47,59.2,50.0,15.48
95.11,54.1,50.0,20.97
95.02,53.2,50.0,20.0
92.38,55.2,50.0,16.77
92.57,58.1,50.0,16.13
89.25,61.2,50.0,13.87
72.24,64.7,56.0,11.61
45.85,65.8,50.0,11.29
8.9,65.6,50.0,10.97
0.68,66.6,63.0,10.65
0.29,67.1,52.0,10.65
0.29,68.0,50.0,10.65
0.29,68.5,50.0,10.32
0.29,70.1,61.0,9.68
0.29,70.1,52.0,10.0
0.29,70.4,59.0,10.0
0.29,69.7,65.0,10.0
0.29,69.3,50.0,10.0
0.29,69.6,50.0,10.0
0.0,68.6,50.0,10.32
0.0,67.7,50.0,10.32
0.0,68.6,50.0,10.0
0.0,68.5,50.0,10.0
0.0,69.1,56.0,9.68
0.0,70.2,50.0,9.68
0.0,70.2,50.0,9.68
0.0,69.9,56.0,9.68
0.0,69.7,50.0,9.68
0.0,69.1,51.0,10.0
0.0,68.5,50.0,10.0
0.0,69.1,50.0,9.68
0.0,68.5,50.0,10.0
0.0,68.8,50.0,10.0
0.0,68.2,50.0,10.0
0.0,68.2,60.0,10.0
0.0,68.3,61.0,10.0
0.0,67.5,50.0,10.0
0.0,68.2,60.0,10.0
0.0,68.3,50.0,10.0
0.0,68.2,50.0,10.0
0.0,68.9,57.0,9.68
0.0,69.3,50.0,9.68
0.0,69.9,59.0,9.68
0.29,69.3,50.0,9.68
0.29,68.6,50.0,10.0
0.29,68.3,62.0,10.32
0.29,67.7,53.0,10.32
0.49,67.8,63.0,10.32
3.32,68.0,59.0,10.32
21.99,68.2,50.0,10.32
53.28,67.5,54.0,10.32
68.33,68.3,50.0,10.0
77.52,68.3,56.0,10.32
83.97,68.2,50.0,10.32
86.61,68.2,50.0,10.65
88.56,67.1,57.0,10.65
88.86,66.0,50.0,11.29
89.83,66.9,50.0,11.29
90.32,65.3,59.0,11.61
92.08,64.7,57.0,11.61
90.13,65.8,68.0,11.29
95.7,61.9,66.0,13.55
96.87,62.5,63.0,13.23
97.75,57.4,74.0,16.45
91.01,59.5,50.0,13.87
97.26,55.5,50.0,19.35
97.65,49.9,73.0,20.0
97.07,53.5,50.0,14.84
92.57,51.4,69.0,15.81
97.26,52.2,50.0,20.0
91.89,55.7,50.0,14.19
89.74,57.9,50.0,13.55
88.95,55.4,50.0,13.23
93.94,54.1,65.0,14.84
88.17,59.5,50.0,12.58
81.04,61.2,52.0,11.61
83.48,62.5,50.0,11.61
72.04,63.7,50.0,11.29
54.25,64.5,50.0,10.65
18.96,64.4,62.0,10.65
1.76,66.3,50.0,10.32
0.39,66.1,57.0,10.32
0.29,67.7,61.0,10.0
0.29,67.2,50.0,10.0
0.29,67.8,65.0,10.0
0.49,68.6,50.0,9.68
0.29,68.0,62.0,9.68
0.29,68.2,61.0,10.0
0.29,67.1,55.0,10.0
0.29,68.5,50.0,9.68
0.29,66.1,50.0,10.32
0.0,65.3,50.0,10.32
0.0,65.5,50.0,10.65
0.0,64.9,50.0,10.65
0.0,65.2,50.0,10.65
0.0,65.5,50.0,10.32
0.0,65.6,62.0,10.32
0.0,66.0,50.0,10.32
0.0,65.2,50.0,10.32
0.0,66.0,50.0,10.32
0.0,66.4,50.0,10.32
0.0,66.7,50.0,10.32
0.0,66.0,50.0,10.32
0.0,66.9,50.0,10.32
0.0,65.8,50.0,10.32
0.0,65.3,50.0,10.32
0.0,64.9,50.0,10.65
0.0,64.5,54.0,10.65
0.0,64.9,50.0,10.32
0.0,63.9,50.0,10.32
0.0,63.7,50.0,10.65
0.0,64.9,50.0,10.65
0.0,65.6,50.0,10.65
0.0,66.3,50.0,10.0
0.0,66.0,50.0,10.0
0.29,65.3,50.0,10.32
0.39,64.7,50.0,10.97
0.39,63.1,50.0,10.65
0.39,63.9,50.0,10.0
3.13,63.7,50.0,9.68
35.09,64.7,50.0,9.35
73.12,65.8,50.0,9.03
91.89,65.6,50.0,9.35
94.53,58.1,50.0,11.29
90.22,62.3,50.0,9.68
97.56,57.0,50.0,11.61
97.75,49.9,50.0,18.06
97.95,49.7,50.0,19.03
98.14,46.1,50.0,21.29
97.95,44.2,50.0,21.94
98.04,44.2,50.0,22.9
98.14,42.1,50.0,24.19
98.14,41.7,50.0,23.55
97.85,42.0,50.0,21.61
97.75,43.9,50.0,9.68
97.75,44.2,50.0,20.0
96.58,40.4,50.0,19.35
91.89,48.1,50.0,20.97
92.96,48.9,50.0,13.55
93.16,49.9,50.0,13.23
96.58,46.9,50.0,13.23
96.77,47.2,50.0,16.13
96.09,44.2,53.0,18.39
94.14,45.3,50.0,20.0
91.4,48.3,50.0,19.35
88.27,49.9,50.0,14.19
84.26,51.6,50.0,12.9
80.74,52.7,50.0,11.94
70.38,54.0,50.0,11.61
56.4,54.0,50.0,11.29
19.06,53.7,50.0,10.97
1.96,53.7,50.0,10.97
0.29,54.0,50.0,10.65
0.29,55.2,50.0,10.65
0.29,57.4,65.0,10.65
0.2,58.2,50.0,10.32
0.29,58.2,50.0,10.0
0.29,58.5,50.0,10.32
0.2,58.4,50.0,10.32
0.2,58.7,50.0,10.32
0.2,58.1,50.0,10.32
0.2,58.7,50.0,10.32
0.0,57.6,50.0,10.65
0.0,58.9,53.0,10.65
0.0,59.0,50.0,10.65
0.0,59.2,50.0,10.32
0.0,59.6,50.0,10.32
0.0,59.6,50.0,10.0
0.0,59.3,50.0,10.0
0.0,58.2,50.0,10.0
0.0,56.5,50.0,10.0
0.0,56.5,50.0,10.65
0.0,57.6,50.0,10.32
0.0,60.3,57.0,10.32
0.0,60.0,63.0,10.0
0.0,60.8,50.0,10.0
0.0,59.0,50.0,10.0
0.0,56.3,50.0,10.0
0.0,54.9,50.0,10.65
0.0,54.3,50.0,10.32
0.0,55.4,50.0,10.65
0.0,54.4,61.0,10.65
0.0,54.0,50.0,10.65
0.0,54.3,50.0,10.65
0.0,53.2,50.0,10.65
0.0,51.6,50.0,10.65
0.0,53.0,50.0,10.97
0.0,55.1,69.0,10.65
0.0,56.7,77.0,10.32
0.0,56.8,50.0,10.0
0.1,58.4,50.0,10.0
1.47,58.7,59.0,10.32
20.14,59.0,65.0,10.32
62.17,61.4,66.0,10.32
81.53,62.6,52.0,10.0
83.58,62.6,58.0,10.0
81.92,63.6,50.0,10.0
86.9,64.9,50.0,10.32
87.88,64.1,50.0,10.65
89.64,63.0,72.0,10.97
89.44,62.6,50.0,11.29
90.03,61.5,50.0,11.61
90.32,63.0,50.0,11.29
93.35,63.7,51.0,11.29
95.11,61.5,51.0,12.58
94.14,57.4,71.0,13.23
94.14,60.0,50.0,12.26
93.74,60.0,50.0,12.9
92.67,62.3,50.0,12.26
93.55,60.0,50.0,12.9
96.28,54.4,50.0,16.45
92.38,57.4,53.0,13.23
94.33,52.4,68.0,17.1
94.92,55.7,50.0,14.19
92.77,53.8,56.0,14.19
93.94,54.4,50.0,14.19
89.93,55.5,50.0,13.23
84.36,57.3,50.0,12.26
85.04,58.5,50.0,11.29
80.06,58.9,50.0,11.29
69.11,59.6,69.0,10.97
39.88,60.0,50.0,10.97
5.96,62.0,50.0,10.65
0.2,62.0,50.0,10.65
0.0,62.5,50.0,10.65
0.0,62.3,50.0,10.65
0.0,62.3,50.0,10.65
0.0,61.9,68.0,10.65
0.0,61.1,51.0,10.65
0.0,61.2,77.0,10.65
0.0,61.2,50.0,10.97
0.0,61.7,73.0,10.65
0.0,60.4,50.0,10.65
0.0,60.4,50.0,10.65
0.0,61.1,50.0,10.65
0.1,63.4,50.0,10.0
0.0,66.0,50.0,9.35
0.0,66.3,50.0,9.35
0.0,64.2,50.0,9.68
0.0,64.5,50.0,9.68
0.0,64.9,72.0,9.35
0.0,64.4,50.0,9.35
0.0,63.6,50.0,9.35
0.0,60.3,50.0,9.03
0.0,57.9,64.0,9.03
0.0,57.3,50.0,9.03
0.0,53.3,63.0,8.71
0.0,58.1,53.0,6.77
0.0,57.9,50.0,6.77
0.0,56.8,50.0,7.1
0.0,57.0,50.0,7.1
0.0,58.2,64.0,7.42
0.0,57.3,50.0,7.74
0.0,55.7,64.0,8.71
0.0,58.2,50.0,7.74
0.0,58.5,65.0,7.1
0.0,58.7,50.0,7.42
0.0,58.7,50.0,7.42
0.0,57.9,63.0,7.74
0.0,56.7,50.0,8.39
0.29,54.8,54.0,8.71
10.66,54.8,61.0,8.39
46.43,53.7,50.0,7.74
62.27,53.8,50.0,8.06
83.38,54.3,50.0,7.74
88.37,54.6,56.0,7.74
92.86,52.9,50.0,8.71
93.45,53.2,50.0,9.35
93.06,45.1,50.0,11.94
98.04,45.6,50.0,17.1
97.95,42.0,50.0,19.03
98.04,38.7,50.0,18.39
98.14,37.3,50.0,20.32
98.04,37.1,50.0,21.29
98.04,34.7,50.0,20.97
97.95,33.6,50.0,20.0
97.85,32.5,50.0,20.97
97.75,31.7,50.0,20.97
97.85,30.8,56.0,20.97
97.75,28.6,50.0,17.1
97.65,29.4,50.0,20.97
97.36,28.1,50.0,20.0
96.77,27.8,50.0,20.32
95.89,26.9,50.0,19.68
95.5,27.3,50.0,18.39
95.02,28.1,50.0,19.03
94.33,28.3,50.0,18.06
93.45,30.0,50.0,17.42
91.5,31.3,50.0,15.48
81.62,33.8,50.0,10.32
68.72,36.2,50.0,9.35
34.51,37.4,50.0,8.71
3.91,39.2,50.0,8.06
0.2,41.0,50.0,8.06
0.0,42.3,57.0,8.06
0.0,42.5,50.0,8.06
0.0,43.1,50.0,8.06
0.0,43.6,50.0,7.42
0.0,44.4,50.0,7.42
0.0,44.5,50.0,7.1
0.0,45.8,50.0,6.45
0.0,45.3,50.0,6.45
0.0,45.3,50.0,6.13
0.0,44.8,50.0,6.77
0.0,44.4,50.0,6.45
0.0,45.5,50.0,5.81
0.0,44.0,50.0,6.77
0.0,43.3,50.0,6.77
0.0,43.1,50.0,6.77
0.0,42.9,50.0,6.45
0.0,42.9,50.0,6.45
0.0,42.1,50.0,6.45
0.0,42.6,50.0,6.13
0.0,42.5,50.0,6.45
0.0,42.9,50.0,6.13
0.0,42.9,50.0,5.81
0.0,43.3,50.0,5.48
0.0,42.3,50.0,5.81
0.0,42.5,50.0,5.48
0.0,42.1,50.0,5.48
0.0,42.6,50.0,5.16
0.0,42.5,50.0,5.16
0.0,42.8,50.0,5.16
0.0,42.8,50.0,5.16
0.0,43.7,50.0,4.84
0.0,43.7,50.0,4.84
0.0,43.3,50.0,4.84
0.0,44.2,50.0,4.84
0.0,44.4,50.0,4.19
0.0,45.0,50.0,4.19
0.39,45.8,50.0,3.87
1.17,45.9,50.0,4.19
12.12,46.7,50.0,4.19
55.33,46.7,50.0,3.87
77.81,46.1,50.0,4.19
94.43,43.9,50.0,6.45
94.72,45.8,50.0,5.16
97.46,37.7,50.0,11.29
97.56,37.3,50.0,13.87
97.65,37.6,50.0,12.9
97.95,35.2,50.0,18.71
98.04,32.5,50.0,21.61
97.95,31.9,50.0,20.32
98.04,30.2,50.0,20.0
98.04,31.3,50.0,21.29
98.04,30.8,50.0,22.9
97.95,28.6,51.0,19.68
97.85,28.6,50.0,20.32
97.85,27.8,50.0,19.03
97.85,27.5,50.0,21.94
97.75,26.9,50.0,20.65
97.65,26.9,51.0,19.03
97.46,27.2,50.0,20.32
96.09,25.1,55.0,18.06
96.19,24.8,50.0,17.42
91.5,29.1,50.0,10.97
89.64,30.6,50.0,9.35
93.65,29.7,50.0,13.87
88.37,31.9,50.0,8.71
85.92,34.1,50.0,9.03
82.5,36.6,50.0,8.06
67.55,38.2,50.0,7.74
42.52,40.3,50.0,6.45
6.55,41.0,50.0,6.77
0.78,41.7,50.0,6.77
0.39,42.9,50.0,6.13
0.29,43.3,50.0,6.45
0.39,44.4,50.0,6.13
0.29,46.4,50.0,6.13
0.29,45.3,50.0,6.45
0.29,44.4,50.0,6.45
0.29,48.8,50.0,5.48
0.29,50.3,50.0,5.16
0.39,50.0,50.0,5.16
0.39,51.1,50.0,4.84
0.39,50.7,50.0,4.84
0.39,51.1,50.0,4.19
0.39,52.1,50.0,4.19
0.0,53.7,50.0,3.87
0.0,54.1,50.0,3.87
0.0,54.6,50.0,3.87
0.0,53.3,50.0,4.52
0.0,52.7,50.0,4.52
0.0,54.4,50.0,3.55
0.0,60.1,50.0,2.58
0.0,58.4,50.0,2.9
0.0,58.7,50.0,3.23
0.0,59.3,50.0,2.9
0.0,60.9,50.0,2.9
0.0,60.0,50.0,2.9
0.0,60.1,50.0,2.9
0.0,61.1,53.0,2.9
0.0,61.4,50.0,2.9
0.0,64.2,50.0,2.9
0.0,63.1,50.0,2.9
0.0,62.5,50.0,3.55
0.0,61.9,50.0,3.55
0.0,62.6,50.0,4.19
0.0,62.6,50.0,3.87
0.0,63.1,50.0,3.55
0.0,64.5,56.0,3.87
0.0,64.1,56.0,4.52
0.29,65.0,50.0,4.52
0.88,64.4,54.0,4.84
7.43,65.8,57.0,5.16
40.27,64.9,50.0,6.77
55.23,66.1,63.0,5.48
72.24,65.8,51.0,5.81
85.34,64.5,63.0,5.81
91.2,63.7,58.0,6.13
95.7,61.2,62.0,7.1
95.6,59.8,61.0,7.42
93.84,58.2,50.0,8.06
92.38,58.1,60.0,7.74
90.81,58.7,61.0,7.42
92.96,57.9,57.0,7.74
95.8,56.0,50.0,9.03
93.74,54.9,50.0,9.03
94.72,54.3,62.0,9.35
94.14,54.9,50.0,9.68
94.33,54.6,54.0,10.0
92.77,55.9,50.0,9.35
94.72,55.1,64.0,10.0
92.77,54.8,50.0,10.32
91.79,56.2,61.0,10.0
88.76,56.7,69.0,10.0
89.05,57.1,59.0,10.0
82.31,58.7,62.0,9.68
84.75,59.5,54.0,9.68
84.07,58.9,50.0,10.0
69.01,62.5,59.0,9.03
66.67,63.3,61.0,9.35
52.59,64.4,52.0,9.03
31.67,64.7,50.0,9.03
5.57,64.7,50.0,8.71
0.68,62.6,50.0,9.35
0.29,63.7,55.0,9.03
0.39,64.2,50.0,9.03
0.39,63.9,50.0,9.03
0.49,63.1,50.0,9.35
0.39,63.0,50.0,9.35
0.39,62.5,50.0,9.03
0.49,62.5,50.0,9.35
0.49,63.1,50.0,9.03
0.49,62.8,50.0,9.03
0.39,62.8,50.0,9.35
0.39,62.8,50.0,9.03
0.29,64.1,50.0,8.71
0.29,63.9,50.0,9.03
0.0,64.2,50.0,8.71
0.2,64.7,58.0,8.71
0.1,66.7,50.0,8.71
0.2,66.9,50.0,8.71
0.1,66.3,50.0,8.71
0.1,67.5,50.0,8.71
0.2,68.5,50.0,8.71
0.1,69.6,50.0,8.71
0.2,70.5,50.0,8.39
0.1,71.2,50.0,8.71
0.1,71.0,50.0,9.35
0.1,71.6,50.0,9.35
0.0,71.9,51.0,9.68
0.1,72.6,61.0,9.68
0.1,72.7,50.0,9.35
0.1,72.6,50.0,10.0
0.0,71.6,50.0,10.0
0.0,71.5,50.0,10.32
0.0,72.1,50.0,10.0
0.0,73.4,50.0,9.68
0.0,74.2,50.0,10.0
0.1,74.0,50.0,10.0
0.1,75.1,50.0,10.0
0.0,74.2,50.0,10.65
0.49,72.6,50.0,10.97
0.39,73.8,50.0,10.65
1.47,74.0,54.0,10.65
12.9,73.7,50.0,10.65
39.2,70.5,50.0,11.29
67.64,71.0,52.0,11.61
75.56,69.6,51.0,11.61
76.54,69.4,63.0,11.61
83.77,69.3,64.0,11.94
89.93,70.2,61.0,11.61
91.79,69.7,64.0,11.94
87.0,69.4,69.0,12.26
88.76,68.9,63.0,12.26
86.9,69.6,50.0,12.26
87.59,68.9,76.0,12.26
85.92,69.4,50.0,12.58
84.26,70.2,76.0,12.26
87.2,70.2,67.0,12.58
85.92,69.9,50.0,12.58
86.32,68.8,64.0,12.9
83.68,69.1,61.0,12.58
84.56,70.8,65.0,11.94
83.48,70.4,50.0,11.94
79.57,72.3,50.0,11.61
82.6,71.3,50.0,11.94
87.1,68.6,64.0,12.58
77.13,68.8,50.0,12.58
83.68,68.2,61.0,12.58
71.55,66.7,50.0,12.58
72.14,67.4,50.0,12.26
61.98,67.4,50.0,12.26
36.36,66.9,65.0,12.26
11.54,67.4,50.0,11.94
0.98,66.7,65.0,12.26
0.39,67.1,58.0,11.94
0.39,67.1,73.0,11.94
0.29,67.2,50.0,11.94
0.29,66.9,57.0,11.94
0.29,66.3,61.0,11.94
0.39,67.2,71.0,11.61
0.29,67.2,63.0,11.61
0.39,68.0,63.0,11.61
0.29,71.9,62.0,10.32
0.29,70.5,62.0,10.97
0.29,70.5,64.0,10.97
0.29,70.7,59.0,10.97
0.29,71.2,62.0,10.97
0.29,72.9,61.0,10.32
0.0,72.9,50.0,10.32
0.0,72.7,50.0,10.32
0.0,72.6,50.0,10.0
0.0,72.1,60.0,10.0
0.0,71.9,51.0,10.0
0.0,72.7,59.0,10.0
0.0,74.2,50.0,10.0
0.0,73.4,50.0,10.0
0.0,72.1,50.0,9.68
0.0,72.6,50.0,9.68
0.0,72.3,67.0,9.68
0.0,72.6,55.0,9.68
0.0,73.0,57.0,9.68
0.0,72.6,50.0,10.0
0.0,72.7,50.0,9.35
0.0,72.4,50.0,9.35
0.0,72.1,50.0,10.0
0.0,70.7,50.0,10.32
0.0,70.1,50.0,10.0
0.0,67.5,50.0,10.0
0.0,66.6,50.0,10.32
0.1,66.1,50.0,10.0
0.39,66.4,50.0,10.0
1.56,67.8,50.0,9.68
6.45,65.2,83.0,10.32
37.44,65.6,50.0,10.32
65.4,66.0,50.0,10.0
79.86,64.9,50.0,10.32
81.92,63.4,71.0,10.32
92.57,63.0,60.0,10.65
92.38,60.9,50.0,11.61
95.21,57.3,50.0,12.9
90.32,60.4,51.0,11.29
92.86,60.4,50.0,11.94
89.44,61.1,50.0,11.29
90.03,61.7,50.0,11.61
91.89,61.9,66.0,11.61
92.77,63.7,50.0,11.29
92.08,63.1,50.0,12.26
90.03,62.0,62.0,11.94
91.01,61.4,50.0,12.26
92.38,60.6,50.0,12.9
93.55,60.1,50.0,13.23
93.65,58.4,58.0,13.87
93.55,59.3,50.0,13.23
96.87,57.1,50.0,17.1
92.18,58.2,50.0,13.87
90.62,59.2,50.0,13.23
88.27,59.3,50.0,13.23
83.09,60.1,50.0,12.9
86.22,60.9,50.0,12.58
82.7,61.1,50.0,11.94
74.78,62.0,50.0,11.29
51.42,62.6,50.0,10.97
11.54,63.9,50.0,10.32
1.17,66.3,50.0,10.0
0.49,66.4,50.0,9.68
0.29,66.3,50.0,10.0
0.49,65.5,50.0,10.0
0.49,66.9,50.0,9.35
0.39,67.1,50.0,9.68
0.39,66.7,50.0,9.35
0.39,67.2,50.0,9.03
0.39,67.8,50.0,8.71
0.39,69.4,50.0,8.71
0.39,67.1,50.0,9.68
0.49,67.2,50.0,9.35
0.49,67.2,50.0,9.68
0.49,66.6,50.0,9.35
0.1,66.4,50.0,9.35
0.1,67.4,50.0,9.35
0.1,66.3,50.0,9.35
0.1,65.3,50.0,9.03
0.0,61.4,50.0,8.71
0.0,66.9,50.0,8.06
0.0,67.5,50.0,8.39
0.0,66.9,50.0,8.71
0.0,66.4,50.0,8.39
0.0,68.2,50.0,8.39
0.0,67.7,50.0,8.39
0.0,66.1,50.0,7.74
0.0,66.9,50.0,6.77
0.0,67.5,50.0,6.45
0.0,68.3,60.0,6.45
0.0,67.1,52.0,6.13
0.0,66.9,50.0,5.81
0.0,67.2,54.0,5.48
0.0,65.8,53.0,5.81
0.0,66.3,55.0,5.48
0.0,64.7,50.0,5.16
0.0,64.9,50.0,5.81
0.0,63.9,50.0,6.13
0.0,63.0,51.0,6.13
0.2,63.4,58.0,6.13
0.49,63.6,54.0,6.13
4.69,64.7,55.0,6.77
22.09,62.6,54.0,6.77
54.74,61.7,50.0,6.77
68.52,61.4,51.0,7.1
76.93,60.9,53.0,7.42
82.99,60.9,50.0,7.42
86.71,60.4,50.0,7.74
87.0,60.3,50.0,7.74
89.44,60.9,50.0,8.06
94.33,60.4,50.0,9.03
95.31,59.2,50.0,10.65
94.92,54.9,50.0,10.32
90.91,57.0,50.0,8.71
95.7,58.1,61.0,9.68
91.4,58.1,50.0,9.03
90.13,58.4,66.0,9.03
90.32,57.4,50.0,9.03
89.25,57.3,50.0,9.35
92.67,56.3,50.0,9.35
88.07,56.0,50.0,9.35
89.34,56.0,63.0,9.35
90.52,55.4,50.0,9.68
91.69,54.3,61.0,9.68
91.69,53.2,50.0,10.97
87.29,51.3,51.0,10.0
82.8,51.3,50.0,9.68
76.54,52.6,51.0,9.35
73.9,54.3,50.0,9.35
65.79,56.3,50.0,9.03
41.45,57.3,50.0,9.03
10.56,58.9,50.0,8.71
1.08,60.8,52.0,8.06
0.39,63.6,50.0,7.42
0.29,68.8,50.0,7.42
0.29,70.5,50.0,7.42
0.2,69.9,50.0,7.74
0.29,68.8,51.0,7.74
0.39,67.1,50.0,7.42
0.29,66.1,50.0,7.42
0.39,67.1,50.0,7.42
0.29,67.7,57.0,7.42
0.29,68.9,53.0,7.1
0.29,69.4,50.0,7.74
0.29,69.3,50.0,7.1
0.39,71.5,52.0,7.1
0.29,70.7,56.0,7.42
0.0,70.8,50.0,7.42
0.2,70.1,50.0,7.1
0.1,70.2,51.0,7.42
0.0,70.2,53.0,7.42
0.0,69.7,58.0,7.42
0.0,69.6,53.0,7.74
0.0,69.4,50.0,7.1
0.0,71.5,56.0,7.42
0.0,71.6,50.0,7.42
0.0,71.0,50.0,7.42
0.0,71.8,57.0,7.74
0.0,71.5,50.0,8.06
0.0,71.2,50.0,8.06
0.0,70.2,50.0,8.39
0.0,70.4,53.0,8.39
0.0,70.5,50.0,7.74
0.0,71.6,55.0,8.06
0.0,70.7,56.0,8.06
0.0,70.4,50.0,8.06
0.0,70.2,50.0,7.74
0.0,70.7,50.0,8.06
0.0,69.6,50.0,8.06
0.0,70.1,50.0,8.06
0.0,69.6,50.0,8.39
0.0,68.8,50.0,8.39
0.1,68.0,50.0,8.39
3.42,68.3,50.0,8.39
18.38,69.1,50.0,8.39
51.91,70.1,50.0,8.39
71.26,70.5,50.0,8.71
78.69,70.2,50.0,8.71
85.44,69.7,50.0,9.03
84.75,69.7,50.0,9.35
82.4,69.6,50.0,9.35
79.57,67.7,56.0,9.68
83.19,66.1,61.0,9.35
81.43,64.9,61.0,9.68
84.26,63.9,50.0,9.68
87.88,64.2,54.0,9.68
85.44,64.4,50.0,9.68
86.8,65.8,50.0,9.68
88.76,66.7,57.0,10.0
89.25,67.1,50.0,10.0
89.54,66.4,58.0,10.0
91.01,65.2,50.0,10.32
91.4,63.3,50.0,10.65
90.22,62.6,63.0,10.32
92.18,63.3,50.0,10.32
92.86,63.6,50.0,10.65
89.54,62.3,65.0,10.65
83.77,63.3,67.0,10.0
81.33,64.4,50.0,9.68
82.21,63.6,50.0,10.0
74.68,63.0,50.0,9.68
51.22,64.1,61.0,9.35
15.44,62.8,54.0,9.35
1.17,63.7,71.0,9.03
0.0,65.2,60.0,9.03
0.0,66.9,50.0,9.03
0.0,67.5,53.0,9.03
0.0,67.8,50.0,9.03
0.0,67.5,52.0,9.03
0.0,66.3,63.0,9.03
0.0,67.7,60.0,9.03
0.0,68.2,50.0,8.71
0.0,67.7,50.0,8.71
0.0,66.4,50.0,8.71
0.0,66.1,50.0,8.71
0.0,67.2,50.0,8.39
0.0,67.1,50.0,8.71
0.1,67.5,50.0,8.71
0.1,67.5,50.0,8.39
0.1,67.7,50.0,8.39
0.1,68.5,50.0,8.71
0.1,69.1,50.0,8.71
0.0,68.8,50.0,8.71
0.1,69.6,50.0,8.39
0.1,69.9,50.0,8.71
0.1,71.2,53.0,8.71
0.1,71.3,50.0,9.03
0.1,71.3,50.0,9.35
0.0,70.8,50.0,9.35
0.0,71.0,50.0,9.03
0.1,71.9,50.0,9.03
0.1,73.2,50.0,9.03
0.1,74.0,50.0,9.35
0.1,74.6,54.0,9.35
0.1,74.2,50.0,9.35
0.1,74.8,58.0,9.35
0.1,75.1,63.0,9.68
0.0,75.1,50.0,9.68
0.0,74.5,62.0,10.0
0.0,74.0,52.0,10.0
0.0,72.7,50.0,9.68
0.0,69.6,50.0,9.68
0.0,67.8,50.0,9.35
0.0,66.6,57.0,8.71
2.05,67.5,53.0,8.06
16.81,69.6,50.0,7.74
55.91,69.4,50.0,7.74
72.63,69.3,52.0,7.74
85.83,69.4,50.0,7.74
91.79,69.3,62.0,8.06
91.89,68.3,50.0,8.06
94.23,68.2,50.0,8.71
88.07,67.5,54.0,8.39
88.86,68.3,62.0,8.71
88.66,67.8,50.0,9.03
88.95,67.2,50.0,9.35
91.59,66.9,50.0,9.68
90.91,65.5,50.0,9.68
91.1,64.4,56.0,10.0
92.38,65.0,50.0,11.29
90.13,63.1,50.0,10.0
90.03,63.4,50.0,10.32
0.68,63.6,50.0,10.0
87.78,62.6,50.0,10.0
90.91,62.3,50.0,10.65
90.62,60.8,50.0,10.32
89.64,61.5,50.0,10.0
87.98,61.4,51.0,10.0
87.39,61.1,50.0,10.32
87.0,62.6,50.0,10.0
82.21,62.3,50.0,9.68
74.58,63.7,50.0,9.35
65.2,63.4,50.0,8.71
64.12,61.4,50.0,8.71
33.53,59.0,50.0,8.71
5.47,59.5,50.0,8.39
0.39,60.1,50.0,7.42
0.0,61.4,50.0,6.77
0.0,62.5,50.0,6.77
0.0,63.4,50.0,6.77
0.0,63.9,60.0,7.1
0.0,65.0,50.0,7.1
0.0,64.5,55.0,6.77
0.0,64.2,51.0,6.45
0.0,64.9,50.0,6.45
0.0,64.4,50.0,6.13
0.0,65.0,54.0,5.81
0.0,65.5,50.0,5.48
0.0,65.2,55.0,5.16
0.0,65.6,57.0,5.16
0.0,65.5,50.0,4.84
0.0,67.1,58.0,4.84
0.0,66.6,51.0,4.19
0.0,66.7,58.0,4.19
0.0,66.0,50.0,4.19
0.0,66.3,58.0,4.19
0.0,67.1,61.0,4.19
0.0,66.0,50.0,3.55
0.0,66.7,50.0,3.87
0.0,66.7,61.0,3.55
0.0,66.7,56.0,3.55
0.0,67.2,58.0,3.55
0.0,66.4,62.0,3.55
0.0,66.3,58.0,3.23
0.0,66.1,61.0,3.55
0.0,65.8,56.0,3.55
0.0,66.1,62.0,3.55
0.0,65.2,61.0,3.55
0.0,65.6,56.0,3.23
0.0,66.1,59.0,3.23
0.0,66.4,57.0,2.9
0.0,66.3,58.0,2.9
0.0,67.2,60.0,2.9
0.0,67.2,63.0,3.23
0.29,66.0,62.0,3.23
0.29,65.5,60.0,3.23
1.17,64.4,61.0,2.9
12.51,65.0,57.0,3.23
55.91,64.9,62.0,2.9
78.69,65.6,62.0,3.55
87.98,64.2,64.0,5.81
95.8,60.9,61.0,7.74
97.07,56.0,58.0,7.42
97.26,54.9,64.0,11.29
97.56,52.4,50.0,12.26
97.75,48.3,50.0,13.55
97.85,47.8,50.0,15.81
97.95,45.6,61.0,18.39
98.04,41.8,50.0,20.0
98.04,44.5,50.0,19.03
97.85,42.0,50.0,18.39
97.85,41.2,50.0,18.06
97.75,40.4,50.0,17.74
97.75,40.1,50.0,19.03
97.75,41.8,50.0,18.71
97.65,39.2,50.0,19.03
97.46,38.7,50.0,19.35
97.07,37.9,50.0,18.06
96.28,38.7,50.0,17.74
95.41,38.0,50.0,16.77
94.82,38.7,50.0,13.87
90.91,39.8,50.0,8.71
80.06,45.8,50.0,7.74
64.03,48.3,50.0,6.45
29.03,51.4,50.0,6.45
2.93,51.9,50.0,6.13
0.39,52.4,50.0,6.13
0.29,52.6,50.0,5.48
0.29,54.3,50.0,5.48
0.29,54.4,50.0,4.84
0.29,55.4,50.0,4.84
0.29,55.9,50.0,4.52
0.29,55.5,50.0,4.52
0.29,55.9,50.0,4.52
0.29,54.9,50.0,3.87
0.29,56.0,50.0,4.19
0.39,56.3,50.0,3.87
0.39,56.3,50.0,4.19
0.39,56.0,50.0,3.55
0.39,56.8,50.0,3.87
0.0,57.1,50.0,3.23
0.0,57.8,50.0,3.55
0.0,57.6,50.0,3.55
0.0,57.1,50.0,3.55
0.0,57.4,50.0,3.55
0.0,57.8,50.0,3.23
0.0,59.0,50.0,3.55
0.0,58.4,53.0,2.9
0.0,60.8,58.0,2.9
0.0,60.8,50.0,2.58
0.0,59.6,50.0,2.58
0.0,61.9,57.0,2.58
0.0,60.6,58.0,3.23
0.0,60.0,57.0,3.23
0.0,59.8,51.0,3.23
0.0,62.6,55.0,2.58
0.0,62.5,61.0,2.58
0.0,62.6,60.0,2.9
0.0,62.3,54.0,3.23
0.0,62.3,61.0,3.23
0.0,63.0,57.0,2.9
0.0,63.0,61.0,3.23
0.0,62.0,60.0,3.55
0.0,63.9,59.0,3.23
0.29,63.4,58.0,2.9
4.89,62.5,61.0,3.55
36.95,64.4,60.0,3.87
71.46,64.4,58.0,4.19
84.26,64.9,61.0,4.19
89.83,65.6,61.0,4.84
96.97,54.6,54.0,9.03
97.36,52.9,60.0,10.97
97.56,50.7,50.0,11.94
97.85,49.1,50.0,12.58
97.95,45.9,50.0,13.87
97.95,45.3,60.0,13.23
98.04,45.1,51.0,13.55
98.04,46.7,50.0,13.23
98.04,45.0,50.0,14.19
97.65,44.7,61.0,13.55
97.75,44.8,50.0,13.23
97.75,42.3,67.0,13.55
97.65,41.8,66.0,13.23
97.65,41.4,54.0,12.58
97.56,41.8,63.0,12.9
96.19,46.4,58.0,10.32
93.35,53.0,50.0,9.35
95.5,50.0,63.0,10.65
94.33,53.8,53.0,8.39
94.53,53.7,50.0,9.35
92.96,54.6,50.0,9.68
86.12,55.4,58.0,7.42
82.8,54.6,50.0,7.74
72.14,56.8,50.0,6.77
44.77,57.3,50.0,6.45
8.8,57.1,50.0,6.13
0.78,57.0,56.0,6.13
0.29,56.3,50.0,6.13
0.2,56.7,56.0,6.13
0.2,56.5,50.0,6.13
0.2,57.6,50.0,5.81
0.2,58.4,50.0,5.81
0.2,59.6,50.0,5.48
0.2,59.3,50.0,5.81
0.2,59.5,50.0,5.48
0.29,59.2,50.0,5.48
0.29,58.5,50.0,6.13
0.29,59.2,50.0,6.77
0.2,59.0,69.0,6.45
0.29,57.3,62.0,6.45
0.0,56.7,50.0,6.45
0.0,57.1,50.0,6.45
0.0,56.5,50.0,6.77
0.0,56.0,70.0,6.77
0.0,57.6,50.0,6.77
0.0,57.3,72.0,6.77
0.0,56.7,53.0,6.45
0.0,56.0,67.0,6.45
0.0,57.8,60.0,6.45
0.0,60.6,50.0,6.13
0.0,60.0,50.0,6.45
0.0,59.6,50.0,6.13
0.0,58.5,68.0,6.45
0.0,59.3,50.0,6.45
0.0,58.1,58.0,6.45
0.0,59.0,50.0,6.13
0.0,58.7,55.0,6.13
0.0,58.5,57.0,6.45
0.0,58.7,60.0,6.45
0.0,58.7,64.0,6.45
0.0,59.3,61.0,6.13
0.0,61.4,50.0,6.45
0.0,61.5,50.0,6.13
0.0,62.5,50.0,6.13
0.29,63.3,57.0,6.13
0.29,63.6,50.0,6.45
0.98,63.9,50.0,6.45
8.5,63.7,50.0,6.77
31.96,63.3,58.0,6.77
71.94,63.4,51.0,7.1
83.38,65.0,53.0,7.1
87.68,65.5,54.0,7.42
95.11,64.5,50.0,8.39
97.36,59.8,50.0,10.65
96.48,55.5,50.0,11.29
96.28,54.9,52.0,11.29
97.65,54.8,50.0,12.26
96.28,59.5,54.0,10.32
93.16,62.2,50.0,9.03
92.47,63.1,60.0,9.03
92.77,63.1,58.0,9.35
83.19,63.9,50.0,8.71
80.35,64.1,50.0,8.71
91.79,64.2,50.0,9.03
89.93,63.4,50.0,9.03
93.06,62.2,50.0,9.68
95.7,61.7,50.0,10.65
89.05,62.8,50.0,9.03
86.51,62.8,50.0,8.71
87.59,62.6,50.0,9.03
83.68,63.0,50.0,8.39
79.96,62.2,50.0,9.03
77.81,60.8,50.0,8.71
77.91,60.1,50.0,8.71
73.7,58.9,50.0,8.71
51.42,60.3,50.0,7.74
12.51,62.3,50.0,7.42
0.98,63.9,50.0,7.1
0.29,64.7,50.0,7.1
0.2,65.3,51.0,7.1
0.29,65.3,50.0,7.1
0.29,66.4,52.0,6.77
0.29,68.2,50.0,7.42
0.29,65.8,50.0,7.1
0.2,66.1,51.0,6.77
0.29,67.2,53.0,6.45
0.29,68.0,53.0,6.77
0.29,66.9,51.0,6.45
0.29,67.8,52.0,6.77
0.29,67.2,52.0,6.77
0.2,66.4,50.0,7.1
0.29,67.8,50.0,7.74
0.0,66.0,50.0,7.42
0.0,66.0,50.0,6.77
0.0,66.1,50.0,7.1
0.0,65.0,50.0,7.42
0.0,65.5,50.0,7.74
0.0,64.9,50.0,7.1
0.0,65.0,50.0,8.39
0.0,64.5,50.0,7.74
0.0,62.5,50.0,8.39
0.0,63.7,50.0,7.42
0.0,63.6,50.0,7.1
0.0,63.0,50.0,7.42
0.0,63.7,50.0,7.1
0.0,63.1,50.0,7.1
0.0,63.4,50.0,7.1
0.0,64.5,50.0,7.1
0.0,65.2,50.0,7.1
0.0,65.6,50.0,7.1
0.0,66.3,50.0,6.77
0.0,66.6,58.0,6.77
0.0,66.3,50.0,6.77
0.0,65.5,60.0,6.77
0.1,64.4,61.0,7.1
0.1,64.2,55.0,6.77
0.39,64.5,50.0,6.77
0.39,64.7,50.0,6.45
0.78,63.4,53.0,6.45
5.47,61.2,51.0,6.45
28.94,60.9,61.0,6.77
48.88,59.2,50.0,6.77
74.39,59.3,62.0,6.45
76.54,58.4,61.0,6.45
84.07,58.2,56.0,6.45
74.98,57.8,61.0,6.45
81.43,58.2,68.0,6.45
89.15,59.0,51.0,6.77
88.37,59.3,61.0,6.77
85.63,60.8,66.0,7.42
91.69,61.5,61.0,7.74
85.53,63.1,64.0,7.74
86.8,64.2,66.0,7.74
85.83,65.2,61.0,7.74
86.22,65.2,63.0,8.06
90.42,64.9,70.0,8.71
86.9,65.0,55.0,9.03
87.59,67.7,72.0,8.06
87.2,67.1,61.0,8.71
85.14,65.5,71.0,9.35
82.21,64.7,61.0,9.35
75.46,67.1,60.0,8.71
70.58,67.2,61.0,9.03
73.51,66.9,59.0,9.03
63.54,67.2,51.0,8.71
46.53,70.5,57.0,8.39
29.13,71.2,50.0,9.03
7.82,69.4,50.0,9.35
0.88,67.8,50.0,9.03
0.39,69.6,50.0,7.74
0.29,70.2,50.0,7.74
0.29,70.4,50.0,7.74
0.29,69.7,50.0,7.74
0.29,69.4,50.0,7.74
0.2,68.6,52.0,7.74
0.2,69.3,50.0,7.1
0.2,68.5,50.0,7.1
0.29,68.6,56.0,6.77
0.29,67.2,52.0,6.77
0.2,65.5,56.0,6.77
0.2,65.0,63.0,6.13
0.2,64.2,50.0,6.45
0.2,65.0,62.0,5.81
0.0,65.3,54.0,6.45
0.0,65.5,56.0,5.16
0.0,65.6,60.0,5.16
0.0,65.8,56.0,5.16
0.0,65.2,50.0,5.16
0.0,64.2,56.0,5.48
0.0,65.3,57.0,4.52
0.0,65.5,53.0,4.52
0.0,65.0,50.0,4.52
0.0,64.7,50.0,4.84
0.0,65.5,66.0,4.52
0.0,65.3,60.0,4.84
0.0,65.5,59.0,4.84
0.0,63.6,58.0,5.48
0.0,63.9,64.0,5.16
0.0,63.0,65.0,5.48
0.0,62.5,58.0,5.48
0.0,63.0,63.0,5.48
0.0,63.6,57.0,5.16
0.0,64.4,56.0,5.48
0.0,64.7,57.0,5.81
0.0,64.2,55.0,5.48
0.0,62.5,64.0,5.81
0.1,64.2,59.0,4.52
0.2,66.7,58.0,4.84
0.29,67.2,56.0,4.84
0.29,67.2,58.0,5.16
0.88,67.8,58.0,5.16
11.24,68.3,58.0,5.48
43.3,68.0,63.0,5.81
72.34,68.0,64.0,6.13
83.19,67.2,60.0,6.13
89.54,65.2,52.0,6.77
97.16,60.1,51.0,9.03
97.46,57.0,50.0,10.65
97.65,55.5,59.0,10.97
97.46,53.3,62.0,11.94
97.36,54.4,62.0,12.26
89.64,60.1,70.0,8.39
74.1,62.2,58.0,6.45
92.96,64.5,53.0,6.45
88.27,64.2,55.0,6.13
88.86,63.1,51.0,6.77
79.37,66.7,58.0,5.48
66.37,69.4,58.0,5.48
79.28,69.1,60.0,4.84
87.39,68.9,56.0,5.48
87.88,68.8,54.0,6.13
84.95,65.8,51.0,5.48
90.71,64.1,51.0,6.45
90.81,63.4,54.0,6.45
90.03,62.3,66.0,5.81
87.68,63.6,53.0,5.81
78.3,63.6,59.0,5.48
57.97,63.9,62.0,5.48
29.03,63.6,62.0,4.84
3.52,62.6,57.0,5.16
0.59,59.3,75.0,5.16
0.29,62.0,60.0,4.52
0.29,60.6,61.0,4.84
0.2,59.0,59.0,5.48
0.2,57.3,57.0,5.81
0.2,55.2,53.0,6.13
0.2,54.4,51.0,5.81
0.2,53.3,50.0,6.13
0.2,52.6,50.0,6.13
0.2,52.9,50.0,6.45
0.2,52.7,50.0,6.13
0.2,51.0,50.0,6.45
0.2,50.5,50.0,6.13
0.2,51.4,61.0,6.13
0.2,51.0,50.0,6.13
0.0,51.9,50.0,5.81
0.0,52.4,50.0,5.48
0.0,52.2,50.0,5.48
0.0,53.5,50.0,5.16
0.0,54.4,66.0,4.52
0.0,54.8,50.0,4.52
0.0,54.1,63.0,4.84
0.0,55.2,50.0,4.84
0.0,54.6,52.0,4.84
0.0,55.2,50.0,4.84
0.0,56.0,51.0,4.52
0.0,56.7,67.0,4.19
0.0,56.7,50.0,4.19
0.0,54.8,50.0,4.84
0.0,51.8,61.0,5.16
0.0,55.5,50.0,3.87
0.0,56.0,50.0,4.52
0.0,56.8,50.0,4.19
0.0,57.0,64.0,4.19
0.0,57.4,50.0,3.87
0.0,57.6,50.0,4.19
0.0,57.6,50.0,4.19
0.0,56.2,50.0,5.16
0.0,55.9,50.0,5.16
1.27,59.0,54.0,3.87
14.08,59.3,61.0,3.55
54.74,57.3,50.0,3.87
78.89,56.3,50.0,3.87
86.41,57.0,51.0,3.87
96.48,53.3,50.0,6.77
94.23,50.7,50.0,7.1
97.16,46.9,50.0,10.0
97.36,51.8,50.0,10.32
97.85,45.3,50.0,13.23
97.85,45.8,66.0,11.61
97.95,42.6,60.0,15.16
97.95,42.0,50.0,17.1
97.95,40.6,50.0,17.1
97.75,39.2,57.0,15.81
97.75,38.7,63.0,16.45
97.65,39.9,50.0,15.81
97.65,38.0,50.0,14.84
97.65,42.0,53.0,13.23
97.46,39.9,50.0,16.45
97.07,38.5,50.0,14.84
96.48,41.7,50.0,12.58
95.5,39.5,50.0,14.52
92.86,42.9,50.0,11.29
89.25,46.1,50.0,8.39
90.22,50.7,50.0,6.77
87.68,50.8,50.0,7.74
76.34,53.3,50.0,5.48
57.87,53.7,50.0,5.48
18.67,53.7,50.0,5.48
1.47,56.2,50.0,4.52
0.0,55.7,50.0,4.84
0.0,56.0,50.0,4.19
0.0,56.8,50.0,4.52
0.0,59.3,50.0,3.55
0.0,58.9,50.0,3.55
0.0,58.7,50.0,3.87
0.0,62.3,50.0,3.23
0.0,63.3,62.0,2.9
0.0,61.9,58.0,2.9
0.0,62.2,57.0,2.58
0.0,62.5,62.0,2.9
0.0,59.3,54.0,3.55
0.0,60.8,50.0,2.9
0.0,59.2,57.0,2.9
0.0,60.6,57.0,2.9
0.0,59.2,59.0,3.23
0.0,59.3,57.0,3.23
0.0,59.2,56.0,3.55
0.0,58.4,55.0,3.87
0.0,59.0,56.0,3.87
0.0,61.2,66.0,3.87
0.0,61.9,55.0,3.87
0.0,62.0,57.0,4.19
0.0,63.7,56.0,4.19
0.0,64.1,58.0,4.19
0.0,64.5,53.0,4.52
0.0,62.8,56.0,4.84
0.0,63.4,60.0,4.84
0.0,63.3,56.0,4.84
0.0,62.8,50.0,5.16
0.0,62.5,50.0,5.16
0.0,64.7,67.0,4.19
0.0,65.2,57.0,4.19
0.0,63.9,60.0,4.52
0.0,63.1,57.0,4.84
0.0,64.7,57.0,4.52
0.0,62.8,60.0,4.84
0.0,61.9,54.0,4.84
0.0,63.3,60.0,4.19
0.0,63.9,59.0,3.87
0.2,62.8,60.0,3.87
3.52,64.5,57.0,3.87
27.86,63.9,56.0,3.87
68.04,64.2,62.0,3.55
85.83,63.4,58.0,3.87
93.94,60.4,54.0,5.16
96.58,54.4,59.0,7.74
96.38,53.7,53.0,7.74
94.72,56.5,50.0,6.77
93.16,58.1,62.0,5.48
93.35,59.3,50.0,5.48
95.31,56.7,50.0,6.45
95.6,56.5,55.0,6.45
95.11,56.0,51.0,6.77
95.11,56.2,50.0,7.1
95.31,53.7,53.0,7.74
95.8,54.8,50.0,8.06
96.19,53.3,62.0,8.71
95.8,53.5,50.0,8.39
95.6,54.9,50.0,8.06
95.6,52.7,57.0,11.29
94.82,54.1,50.0,8.71
93.84,53.7,50.0,9.03
92.86,52.1,50.0,9.68
91.3,53.5,50.0,9.03
87.59,55.9,51.0,7.74
85.44,57.1,50.0,7.42
77.91,58.2,50.0,6.45
61.19,60.3,50.0,5.81
29.33,60.6,50.0,5.48
4.01,59.6,50.0,5.48
0.2,59.2,50.0,5.48
0.0,59.6,50.0,5.16
0.0,58.4,50.0,5.48
0.0,57.9,50.0,5.48
0.0,57.8,50.0,5.48
0.0,56.7,50.0,5.81
0.0,56.0,50.0,5.48
0.0,56.0,50.0,5.16
0.0,56.0,50.0,5.16
0.0,55.7,50.0,5.16
0.0,55.7,50.0,4.84
0.0,55.7,50.0,4.52
0.0,54.8,50.0,4.52
0.0,54.6,50.0,5.16
0.0,53.5,50.0,5.48
0.0,53.8,50.0,4.84
0.0,54.0,50.0,4.52
0.0,53.8,50.0,4.84
0.0,55.1,50.0,3.55
0.0,55.9,50.0,3.55
0.0,55.7,50.0,3.55
0.0,55.7,50.0,2.9
0.0,55.1,50.0,3.23
0.0,57.3,50.0,2.26
0.0,58.4,54.0,1.61
0.0,57.9,53.0,2.26
0.0,57.3,53.0,1.94
0.0,57.6,55.0,2.58
0.0,57.1,55.0,2.26
0.0,56.7,50.0,2.9
0.0,55.7,50.0,3.87
0.0,54.6,50.0,4.52
0.0,53.8,50.0,4.19
0.0,53.7,50.0,4.52
0.0,53.7,50.0,4.52
0.0,53.0,50.0,4.19
0.0,53.5,50.0,3.87
0.0,53.0,50.0,3.87
0.0,53.2,50.0,4.19
0.2,52.9,50.0,4.52
0.29,52.7,50.0,4.52
1.56,54.8,50.0,4.19
0.0,54.9,50.0,4.19
12.9,55.1,50.0,4.52
53.08,55.9,50.0,4.52
77.32,55.5,50.0,6.45
94.33,49.1,50.0,10.65
96.87,45.9,50.0,10.97
96.87,45.0,50.0,16.45
97.56,44.0,50.0,17.42
97.56,43.3,50.0,20.0
97.85,40.7,50.0,19.68
97.46,40.6,50.0,21.94
98.04,39.3,50.0,21.29
97.95,41.0,50.0,19.35
97.95,38.7,50.0,20.97
97.85,37.4,50.0,20.97
97.75,39.8,50.0,21.61
97.65,38.5,50.0,15.16
96.77,39.9,50.0,18.71
97.36,36.6,50.0,20.32
97.56,39.5,50.0,15.16
96.19,40.6,50.0,11.61
92.38,46.6,50.0,10.65
94.14,43.6,50.0,10.32
91.89,45.9,50.0,7.74
88.56,47.7,50.0,7.74
88.07,46.6,50.0,7.1
82.21,49.7,50.0,6.13
66.37,51.3,50.0,6.13
39.69,53.0,50.0,4.19
8.7,52.1,50.0,5.16
0.88,52.4,50.0,4.52
0.29,55.1,50.0,3.87
0.2,55.1,55.0,3.87
0.29,55.4,50.0,3.87
0.29,55.5,50.0,3.23
0.29,56.7,50.0,3.23
0.29,56.2,50.0,3.23
0.29,56.0,50.0,3.23
0.29,56.2,54.0,3.23
0.29,55.9,50.0,3.23
0.29,54.6,50.0,4.19
0.29,54.6,56.0,3.87
0.29,56.0,50.0,3.55
0.2,57.9,56.0,2.9
0.2,58.7,50.0,2.26
0.0,58.5,63.0,2.26
0.0,59.3,50.0,2.58
0.0,60.4,50.0,1.94
0.0,61.1,55.0,2.26
0.0,60.3,58.0,1.94
0.0,60.4,50.0,1.29
0.0,60.4,61.0,1.61
0.0,60.8,60.0,1.29
0.0,61.4,62.0,1.29
0.0,60.0,59.0,1.29
0.0,60.6,62.0,1.94
0.0,60.0,60.0,1.61
0.0,61.2,63.0,1.29
0.0,62.0,62.0,1.29
0.0,62.3,62.0,1.29
0.0,61.5,55.0,1.29
0.0,62.3,61.0,1.29
0.0,61.9,57.0,1.94
0.0,59.3,63.0,2.26
0.0,59.2,60.0,2.26
0.0,59.3,60.0,2.26
0.0,60.0,61.0,2.58
0.0,59.2,51.0,2.9
0.29,60.1,57.0,2.9
0.29,60.4,61.0,2.9
0.29,60.9,58.0,2.9
0.68,62.5,62.0,2.58
21.8,66.0,60.0,2.9
38.32,67.2,62.0,2.9
48.58,68.3,61.0,3.23
63.93,68.8,64.0,3.23
81.72,69.7,62.0,3.55
76.44,69.4,61.0,3.87
82.31,69.9,60.0,3.87
86.41,70.2,63.0,4.19
84.75,69.9,61.0,4.84
83.09,69.9,61.0,5.16
84.36,70.8,62.0,5.48
85.73,71.3,60.0,5.81
89.64,71.9,62.0,6.45
95.31,73.4,50.0,8.39
89.05,71.0,51.0,8.06
92.18,70.2,50.0,9.35
94.62,72.1,50.0,13.23
95.11,70.8,50.0,11.29
90.03,69.1,66.0,10.0
89.15,70.4,50.0,9.68
89.93,68.6,50.0,10.97
91.4,58.5,50.0,12.26
88.46,60.1,50.0,10.0
86.02,57.8,50.0,11.29
78.3,58.7,50.0,9.03
62.56,60.3,50.0,8.71
26.88,60.4,50.0,8.71
2.44,60.8,50.0,8.39
0.39,60.6,50.0,7.74
0.29,61.2,50.0,7.42
0.29,61.1,50.0,7.74
0.29,61.2,50.0,7.42
0.29,61.2,50.0,7.1
0.29,63.3,50.0,6.45
0.29,64.5,61.0,6.13
0.29,64.2,50.0,6.13
0.29,64.9,53.0,6.45
0.2,64.2,51.0,6.13
0.2,64.2,50.0,6.13
0.2,65.2,53.0,5.48
0.2,65.2,56.0,5.16
0.2,66.4,58.0,4.84
0.2,67.4,66.0,4.84
0.0,67.2,59.0,4.84
0.0,66.7,61.0,4.52
0.0,67.1,51.0,4.52
0.0,66.0,53.0,4.84
0.0,65.8,56.0,4.52
0.0,66.3,63.0,4.52
0.0,67.4,59.0,4.19
0.0,66.7,56.0,4.84
0.0,66.6,56.0,5.16
0.0,65.0,56.0,5.48
0.0,65.2,57.0,5.16
0.0,66.3,50.0,4.84
0.0,67.1,53.0,4.52
0.0,67.1,54.0,4.84
0.0,67.1,53.0,4.84
0.0,66.6,60.0,4.52
0.0,66.4,58.0,4.84
0.0,66.9,57.0,4.52
0.0,66.9,59.0,4.52
0.0,66.6,50.0,4.19
0.0,68.2,59.0,4.52
0.0,69.4,56.0,4.84
0.0,67.8,58.0,4.19
0.0,67.2,61.0,4.52
0.2,67.7,60.0,4.52
0.29,67.7,61.0,4.19
1.27,67.7,60.0,4.19
11.54,67.8,60.0,4.19
51.12,68.0,60.0,4.19
77.42,68.5,62.0,4.19
91.1,66.3,59.0,5.48
95.99,63.7,50.0,7.42
96.87,61.5,58.0,7.42
91.98,61.4,50.0,8.06
95.89,63.1,55.0,8.71
92.96,62.0,50.0,8.06
91.5,63.0,55.0,8.71
93.35,65.5,51.0,8.39
96.38,57.9,50.0,13.55
97.65,57.8,50.0,13.87
97.46,54.8,51.0,14.19
97.56,53.2,50.0,15.48
97.56,53.5,50.0,16.45
97.26,50.2,50.0,16.13
96.68,53.3,50.0,15.81
93.26,55.4,50.0,12.26
92.08,56.3,50.0,10.97
90.13,55.9,63.0,11.94
89.15,58.2,50.0,10.0
86.8,59.0,50.0,9.35
83.09,58.7,51.0,9.35
66.18,60.6,50.0,8.39
32.65,60.0,50.0,7.74
4.3,60.3,50.0,7.74
0.49,62.5,50.0,6.77
0.2,64.4,50.0,6.45
0.2,64.1,50.0,6.13
0.2,64.9,55.0,5.81
0.29,64.4,55.0,5.81
0.2,64.7,50.0,5.48
0.2,64.4,55.0,5.48
0.2,64.1,52.0,5.81
0.2,64.2,51.0,5.48
0.2,65.0,50.0,5.16
0.29,65.0,53.0,5.48
0.2,65.5,57.0,5.48
0.2,65.2,55.0,4.84
0.2,64.9,57.0,4.84
0.2,65.2,56.0,4.84
0.0,65.0,58.0,4.84
0.0,66.4,57.0,4.52
0.0,66.4,53.0,4.52
0.0,65.5,60.0,3.87
0.0,65.8,58.0,3.87
0.0,66.0,61.0,4.19
0.0,66.0,60.0,4.19
0.0,66.3,61.0,3.87
0.0,66.4,56.0,4.52
0.0,64.9,57.0,4.19
0.0,64.5,54.0,5.16
0.0,65.2,55.0,3.87
0.0,65.5,58.0,4.52
0.0,63.9,59.0,4.52
0.0,64.4,58.0,4.19
0.0,63.7,60.0,3.87
0.0,65.8,56.0,2.9
0.0,66.3,61.0,3.55
0.0,67.4,57.0,3.23
0.0,66.6,59.0,3.87
0.0,65.6,60.0,3.87
0.0,66.3,57.0,3.87
0.0,66.9,61.0,4.19
0.0,66.1,60.0,4.84
0.2,66.1,56.0,5.48
0.2,65.3,56.0,5.81
0.29,67.8,51.0,5.81
0.68,68.3,63.0,5.81
3.62,68.8,55.0,6.13
21.7,68.9,54.0,6.13
43.4,69.6,51.0,6.45
49.36,67.4,56.0,6.45
64.32,68.0,58.0,6.13
75.07,67.7,56.0,6.77
82.89,66.9,53.0,6.77
84.75,69.7,61.0,6.45
82.99,71.5,50.0,6.45
81.72,72.4,50.0,6.77
83.58,73.4,51.0,6.77
87.68,73.4,64.0,6.77
88.95,72.7,50.0,7.42
87.0,71.5,54.0,7.42
84.65,72.6,50.0,7.42
82.6,72.7,65.0,7.42
80.25,73.2,57.0,7.1
78.98,73.0,57.0,7.74
78.69,72.7,50.0,7.74
79.96,72.3,56.0,7.74
76.83,71.9,66.0,8.06
72.82,71.5,60.0,8.06
71.06,71.5,50.0,8.06
65.2,70.8,54.0,8.39
67.84,70.5,57.0,8.39
51.12,71.2,60.0,8.06
29.91,70.8,60.0,8.39
2.84,70.8,57.0,8.39
0.78,70.7,56.0,8.71
0.59,70.7,56.0,8.71
0.39,70.2,63.0,8.71
0.39,70.2,64.0,8.71
0.49,71.3,62.0,8.06
0.49,72.3,50.0,8.39
0.39,72.7,62.0,8.39
0.39,73.2,63.0,8.39
0.29,72.1,63.0,8.71
0.29,71.9,54.0,8.39
0.49,73.0,59.0,8.39
0.29,70.7,50.0,7.74
0.29,68.8,50.0,7.74
0.2,68.6,53.0,7.74
0.2,67.4,50.0,7.42
0.2,67.2,61.0,7.1
0.0,68.0,52.0,6.45
0.0,68.0,60.0,6.13
0.0,68.0,63.0,5.48
0.0,67.8,57.0,5.48
0.0,66.6,57.0,5.48
0.0,64.4,57.0,5.16
0.0,62.8,58.0,5.16
0.0,62.2,57.0,4.84
0.0,61.7,59.0,4.84
0.0,60.8,50.0,4.84
0.0,60.4,50.0,4.52
0.0,61.5,61.0,3.87
0.0,61.2,64.0,4.19
0.0,61.4,60.0,3.87
0.0,62.0,61.0,3.55
0.0,61.4,61.0,3.55
0.0,61.2,51.0,3.87
0.0,61.5,61.0,3.87
0.0,61.4,59.0,3.87
0.0,60.3,60.0,3.87
0.0,61.4,55.0,3.55
0.0,62.2,60.0,3.87
0.0,62.8,59.0,3.23
0.2,62.5,61.0,3.55
0.2,63.4,62.0,2.9
0.29,63.3,60.0,2.9
1.08,62.8,64.0,3.23
8.7,62.2,61.0,3.55
48.68,62.2,63.0,3.55
74.88,62.8,62.0,3.23
86.41,62.8,61.0,3.23
95.5,62.8,57.0,5.48
96.48,57.1,65.0,6.13
97.07,54.3,54.0,8.06
97.36,51.9,62.0,9.35
97.75,49.2,50.0,11.61
97.75,48.9,61.0,11.61
97.85,47.8,50.0,14.19
97.95,45.8,50.0,14.52
97.65,49.4,50.0,12.26
97.65,46.9,50.0,12.58
97.56,46.2,65.0,13.23
97.56,46.7,66.0,13.55
97.56,46.7,66.0,12.58
97.46,47.0,62.0,12.26
97.26,45.1,66.0,12.26
96.87,44.8,61.0,12.58
96.19,47.0,64.0,10.97
94.92,45.9,60.0,11.29
92.96,47.5,64.0,10.32
88.66,51.0,58.0,8.06
87.39,51.8,50.0,8.39
77.32,53.7,66.0,7.1
61.98,54.6,70.0,6.77
28.15,55.5,50.0,6.13
3.23,54.9,50.0,6.13
0.39,55.9,50.0,5.81
0.29,56.2,68.0,5.81
0.29,56.8,50.0,5.81
0.2,58.5,62.0,5.81
0.2,58.4,63.0,5.81
0.2,57.9,66.0,5.16
0.2,58.9,58.0,5.48
0.2,58.7,59.0,5.16
0.2,58.2,55.0,5.16
0.2,59.0,50.0,5.16
0.2,59.6,66.0,5.16
0.2,59.8,61.0,5.16
0.2,59.0,66.0,5.48
0.2,59.3,63.0,5.48
0.1,60.0,62.0,5.16
0.0,60.1,71.0,5.16
0.0,59.8,63.0,5.48
0.0,62.5,67.0,4.84
0.0,62.2,54.0,5.16
0.0,63.0,55.0,4.84
0.0,63.7,63.0,4.84
0.0,63.4,60.0,4.84
0.0,63.9,52.0,4.84
0.0,63.3,61.0,4.84
0.0,63.6,50.0,5.16
0.0,63.6,53.0,4.84
0.0,64.7,60.0,4.52
0.0,64.4,65.0,4.84
0.0,65.0,56.0,4.84
0.0,64.5,62.0,4.84
0.0,66.4,59.0,4.52
0.0,66.9,61.0,5.16
0.0,66.1,58.0,5.16
0.0,66.1,63.0,5.16
0.0,66.6,65.0,4.84
0.0,66.9,57.0,5.16
0.0,66.9,59.0,5.16
0.0,66.4,67.0,4.84
0.0,67.1,61.0,4.84
0.0,67.4,64.0,4.84
0.1,65.3,60.0,4.84
0.0,65.2,59.0,3.55
0.1,67.1,62.0,3.23
3.13,67.5,61.0,3.23
30.79,67.5,60.0,3.55
32.94,66.6,64.0,3.87
51.91,66.4,62.0,4.19
60.8,66.0,69.0,3.87
78.89,64.7,61.0,3.87
77.81,63.9,61.0,3.87
77.03,63.7,63.0,3.55
80.64,63.4,64.0,3.87
78.3,62.8,60.0,4.52
95.11,65.5,56.0,6.13
94.72,60.4,56.0,6.13
94.92,57.6,50.0,7.1
97.56,49.1,50.0,14.19
97.65,47.8,61.0,14.84
97.56,46.1,50.0,14.52
97.26,47.3,60.0,12.26
97.36,45.1,50.0,13.23
96.97,48.9,66.0,10.32
96.38,48.5,50.0,11.29
95.41,48.0,66.0,10.0
94.23,51.3,65.0,9.35
91.4,53.0,50.0,7.1
87.49,55.2,50.0,5.48
78.3,56.7,50.0,5.48
69.7,57.9,72.0,5.16
44.58,57.9,62.0,5.16
8.9,58.2,50.0,5.16
0.1,57.6,50.0,5.48
0.0,58.1,58.0,5.16
0.0,57.8,50.0,6.13
0.0,58.5,50.0,5.16
0.0,61.4,55.0,4.19
0.0,63.9,54.0,4.19
0.1,62.5,61.0,4.52
0.0,62.2,56.0,4.19
0.0,63.3,60.0,3.87
0.0,63.3,59.0,3.87
0.0,62.3,53.0,4.52
0.0,60.9,59.0,4.19
0.0,62.6,60.0,3.87
0.0,61.7,50.0,4.84
0.0,60.3,57.0,5.48
0.0,59.6,57.0,4.84
0.0,62.5,65.0,4.19
0.0,61.2,64.0,4.52
0.0,61.1,66.0,4.84
0.0,60.9,56.0,4.52
0.0,61.1,57.0,4.84
0.0,60.3,53.0,4.52
0.0,61.4,59.0,4.84
0.0,62.6,58.0,4.52
0.0,64.7,51.0,3.87
0.0,65.0,57.0,4.19
0.0,64.5,53.0,4.84
0.0,62.8,58.0,5.16
0.0,63.3,63.0,5.16
0.0,63.0,57.0,5.16
0.0,61.7,66.0,5.16
0.0,60.4,55.0,5.48
0.0,60.1,54.0,5.81
0.0,61.2,57.0,5.48
0.0,61.4,54.0,5.81
0.0,60.4,53.0,6.45
0.0,59.6,50.0,6.77
0.0,59.2,50.0,6.77
0.0,58.4,51.0,6.77
0.0,57.8,50.0,6.77
0.0,56.0,50.0,6.77
0.0,56.3,50.0,6.13
0.1,56.3,50.0,6.13
1.08,55.4,50.0,6.45
17.3,55.9,50.0,5.81
57.77,56.2,50.0,5.48
81.53,56.2,50.0,5.16
74.78,55.5,57.0,5.48
95.89,54.3,50.0,6.45
90.62,55.4,50.0,5.81
97.56,53.8,53.0,9.68
97.75,45.1,50.0,13.55
97.75,44.0,50.0,15.48
97.95,40.9,50.0,16.77
97.95,40.1,50.0,17.1
97.75,39.9,50.0,15.81
94.62,40.1,50.0,11.29
97.65,40.7,50.0,12.26
97.75,39.8,50.0,15.81
90.52,41.7,68.0,7.42
89.54,43.3,51.0,6.77
89.93,43.1,50.0,6.13
96.87,38.8,50.0,12.58
96.09,40.1,50.0,11.29
94.72,37.6,50.0,11.94
88.56,38.7,50.0,8.39
84.26,41.8,50.0,5.81
78.69,42.8,50.0,5.81
68.04,42.6,50.0,5.48
57.09,43.6,50.0,4.84
23.75,44.7,50.0,4.19
2.25,44.7,50.0,4.19
0.0,44.8,50.0,3.87
0.0,45.6,50.0,3.87
0.0,46.7,50.0,3.55
0.0,48.6,50.0,3.23
0.0,48.1,50.0,3.55
0.0,48.0,50.0,3.23
0.0,48.6,50.0,3.23
0.0,49.2,50.0,2.58
0.0,50.0,50.0,2.58
0.0,52.7,59.0,0.65
0.0,55.4,51.0,0.32
0.0,55.2,50.0,0.32
0.0,56.3,61.0,0.32
0.0,56.5,53.0,0.32
0.0,56.5,51.0,0.0
0.0,56.8,50.0,0.32
0.0,57.9,56.0,0.0
0.0,57.8,53.0,0.0
0.0,57.0,54.0,0.0
0.0,55.5,50.0,0.65
0.0,54.4,61.0,0.65
0.0,55.2,50.0,0.32
0.0,55.4,50.0,0.65
0.0,55.9,57.0,0.32
0.0,56.5,50.0,1.29
0.0,57.0,50.0,0.97
0.0,57.9,51.0,1.29
0.0,58.4,60.0,1.29
0.0,59.6,58.0,1.29
0.0,60.4,51.0,1.94
0.0,61.2,61.0,1.29
0.0,62.8,62.0,1.61
0.0,61.2,61.0,2.26
0.0,60.1,60.0,2.9
0.0,59.0,56.0,3.55
0.0,59.2,59.0,2.58
0.0,59.0,50.0,4.19
0.2,58.4,54.0,4.19
0.2,58.5,58.0,2.9
0.29,57.9,56.0,3.55
1.86,58.2,56.0,3.55
21.21,60.1,62.0,2.26
60.9,62.8,59.0,1.94
80.64,62.2,61.0,1.94
88.17,62.0,61.0,2.58
91.59,58.5,55.0,2.9
96.19,55.2,55.0,6.45
97.26,54.9,51.0,6.45
97.75,50.2,50.0,13.23
96.09,51.3,50.0,8.71
97.85,48.3,50.0,12.9
97.26,48.9,50.0,10.65
96.87,49.6,50.0,9.35
97.75,45.8,50.0,15.81
96.58,48.1,50.0,10.65
94.92,53.8,50.0,9.35
95.21,51.4,50.0,9.35
93.65,54.0,50.0,7.42
92.28,56.2,50.0,6.45
92.38,54.0,50.0,7.1
91.2,56.0,50.0,5.81
91.01,55.5,50.0,7.1
88.95,55.5,50.0,6.13
85.04,55.9,50.0,5.81
83.58,57.6,50.0,4.84
74.49,58.5,50.0,3.87
59.04,58.1,50.0,4.19
29.72,59.6,50.0,4.19
4.89,59.8,54.0,3.87
0.59,61.2,55.0,3.87
0.29,58.9,51.0,4.19
0.29,60.4,55.0,3.87
0.29,59.3,56.0,3.55
0.2,61.7,58.0,3.23
0.29,60.6,56.0,4.19
0.29,59.2,55.0,3.87
0.2,59.0,53.0,4.19
0.2,58.2,50.0,4.19
0.2,60.6,59.0,3.23
0.2,60.4,61.0,3.23
0.2,62.3,60.0,3.23
0.2,60.0,56.0,3.87
0.2,60.0,56.0,3.87
0.1,59.3,55.0,4.19
0.0,59.5,51.0,3.87
0.0,60.0,58.0,3.55
0.0,60.8,61.0,2.58
0.0,58.9,58.0,3.55
0.0,57.9,58.0,3.23
0.0,59.3,56.0,3.23
0.0,58.9,60.0,3.23
0.0,59.6,55.0,3.55
0.0,59.2,57.0,3.55
0.0,59.3,58.0,3.23
0.0,58.4,59.0,2.26
0.0,58.9,60.0,2.9
0.0,58.7,60.0,2.9
0.0,58.1,59.0,3.23
0.0,57.9,59.0,2.58
0.0,58.4,60.0,2.58
0.0,59.0,58.0,2.58
0.0,60.1,63.0,0.65
0.0,63.0,63.0,0.65
0.0,60.8,63.0,0.65
0.0,61.1,64.0,0.32
0.0,61.7,65.0,0.0
0.0,59.6,65.0,0.0
0.0,60.9,63.0,0.65
0.2,59.2,64.0,0.65
0.2,59.8,64.0,0.32
0.29,60.3,64.0,-0.32
0.78,60.3,65.0,-0.32
5.57,61.7,64.0,0.0
25.51,61.7,66.0,-0.32
64.22,62.8,69.0,0.65
75.76,60.4,64.0,0.97
78.3,59.3,65.0,0.32
91.98,57.6,63.0,1.29
82.8,57.1,62.0,2.58
84.46,56.7,62.0,2.58
90.52,56.5,61.0,3.23
90.42,56.3,63.0,2.26
90.52,59.8,63.0,2.26
89.93,57.3,61.0,4.19
92.57,57.9,61.0,2.58
93.26,55.7,57.0,5.48
91.79,56.8,57.0,4.52
94.72,55.5,53.0,7.1
94.04,54.1,51.0,7.74
94.14,53.0,50.0,8.71
90.71,53.7,50.0,8.39
88.07,55.9,50.0,7.1
88.46,59.3,55.0,6.45
87.2,59.0,50.0,6.77
89.93,58.7,52.0,8.06
82.5,57.8,50.0,7.42
73.61,57.6,50.0,6.13
56.4,57.4,50.0,5.81
31.87,60.1,50.0,4.84
7.14,60.9,57.0,4.84
0.68,61.9,51.0,4.84
0.39,60.4,57.0,4.52
0.29,60.4,50.0,4.84
0.29,59.8,50.0,5.16
0.39,60.3,53.0,5.16
0.39,59.8,55.0,4.84
0.49,61.2,64.0,5.16
0.29,61.2,53.0,4.84
0.29,61.5,55.0,4.84
0.39,62.6,50.0,4.84
0.49,66.1,58.0,4.52
0.39,67.7,73.0,4.19
0.29,68.3,61.0,4.19
0.29,69.3,58.0,4.19
0.29,68.3,60.0,4.52
0.29,67.5,66.0,4.84
0.0,66.9,64.0,4.84
0.0,66.9,71.0,4.84
0.0,67.4,71.0,4.84
0.0,67.5,57.0,4.52
0.0,68.8,63.0,4.19
0.0,69.1,67.0,3.87
0.0,69.3,63.0,3.87
0.0,70.1,62.0,3.55
0.0,70.1,66.0,3.55
0.0,70.4,63.0,3.55
0.1,70.5,66.0,3.55
0.0,70.8,77.0,3.23
0.0,70.5,77.0,3.55
0.1,71.2,67.0,3.55
0.1,71.3,67.0,3.55
0.1,71.6,64.0,3.55
0.1,71.9,64.0,3.87
0.2,71.9,66.0,3.87
0.2,72.3,65.0,4.19
0.2,72.6,73.0,4.52
0.2,72.7,67.0,4.84
0.2,73.5,61.0,5.16
0.2,73.7,58.0,5.48
0.29,73.5,68.0,5.48
0.59,73.4,56.0,5.48
0.59,74.2,57.0,6.13
0.59,74.0,65.0,6.13
0.68,74.2,54.0,6.45
1.56,74.3,59.0,6.77
11.34,74.5,50.0,6.77
43.01,75.3,52.0,7.42
59.14,75.3,59.0,8.06
71.55,75.9,62.0,8.39
87.88,75.9,50.0,9.03
82.99,75.9,50.0,9.35
91.01,75.4,50.0,9.68
89.44,75.1,50.0,10.32
81.62,74.8,65.0,9.68
87.29,75.1,50.0,10.32
95.21,74.9,50.0,10.97
91.2,73.7,59.0,11.29
89.83,71.8,64.0,11.61
89.64,73.4,59.0,10.65
86.22,73.0,50.0,10.97
86.22,73.4,50.0,10.97
85.34,73.2,50.0,11.29
76.34,72.9,50.0,10.97
71.06,73.8,50.0,10.65
66.37,74.2,58.0,9.68
74.39,75.7,50.0,9.68
76.44,76.0,50.0,10.0
52.0,76.2,50.0,10.0
36.46,76.2,51.0,10.0
22.58,76.5,50.0,10.0
5.57,76.2,63.0,10.0
0.98,76.2,66.0,9.68
0.68,76.0,50.0,9.68
0.68,75.7,71.0,9.68
0.68,75.7,61.0,9.68
0.59,75.6,65.0,9.68
0.59,74.9,68.0,9.68
0.59,74.5,50.0,9.68
0.49,74.3,55.0,10.0
0.49,73.8,66.0,10.0
0.49,73.5,63.0,10.0
0.49,73.4,68.0,10.0
0.39,73.2,50.0,10.0
0.29,72.4,66.0,9.68
0.29,68.9,51.0,9.68
0.2,66.1,59.0,9.68
0.1,65.2,64.0,9.35
0.0,64.9,68.0,9.03
0.0,64.7,60.0,8.71
0.0,64.2,66.0,8.71
0.0,63.1,50.0,8.71
0.0,63.0,65.0,8.71
0.0,61.9,63.0,8.71
0.0,62.2,56.0,8.39
0.0,62.5,65.0,8.39
0.0,61.7,50.0,8.06
0.0,60.4,54.0,8.39
0.0,59.5,62.0,8.39
0.0,59.0,60.0,8.39
0.0,60.1,68.0,8.06
0.0,60.8,64.0,7.74
0.0,60.9,63.0,7.74
0.0,59.6,63.0,8.06
0.0,58.7,65.0,8.06
0.0,57.9,71.0,8.06
0.0,57.9,63.0,8.06
0.0,57.4,60.0,8.06
0.0,57.4,67.0,8.39
0.0,56.7,66.0,8.39
0.0,56.8,65.0,8.39
0.0,57.0,71.0,8.39
0.2,57.0,59.0,8.71
0.2,56.5,63.0,8.71
0.2,56.3,71.0,8.71
0.29,56.2,53.0,9.03
1.76,55.9,66.0,9.35
12.22,55.7,66.0,9.68
48.19,55.1,64.0,9.35
68.82,54.3,66.0,9.35
76.54,53.8,70.0,9.68
79.47,53.3,71.0,10.0
81.04,53.2,67.0,10.32
81.72,55.5,66.0,9.35
79.37,55.2,67.0,9.35
81.23,57.4,65.0,9.35
84.85,60.1,68.0,8.71
93.74,55.5,74.0,10.65
90.22,54.3,69.0,10.65
91.89,53.8,66.0,10.65
94.23,51.8,72.0,10.97
90.52,52.6,69.0,10.65
91.2,54.1,68.0,10.65
82.89,56.0,66.0,10.32
82.01,65.5,50.0,8.39
76.34,69.7,67.0,8.39
70.28,70.7,67.0,8.39
69.21,71.9,68.0,8.39
64.81,72.6,66.0,9.03
43.21,72.1,55.0,8.71
28.94,72.6,64.0,9.03
66.08,72.6,61.0,9.68
49.36,71.8,50.0,9.35
9.38,71.9,68.0,9.35
1.27,71.3,67.0,9.35
0.59,69.6,50.0,9.35
0.39,69.3,50.0,9.03
0.39,67.7,63.0,8.06
0.49,68.2,70.0,7.74
0.49,68.3,50.0,7.42
0.39,66.0,51.0,6.77
0.39,58.5,50.0,6.77
0.39,58.2,62.0,6.45
0.39,59.5,63.0,6.13
0.39,59.8,66.0,5.81
0.39,59.6,57.0,5.81
0.39,60.1,61.0,5.81
0.29,58.5,56.0,6.13
0.29,58.5,62.0,6.13
0.29,58.5,65.0,6.45
0.0,58.7,63.0,6.13
0.0,59.0,53.0,6.13
0.0,60.6,63.0,6.13
0.0,62.3,63.0,5.81
0.0,62.5,62.0,6.13
0.0,64.1,53.0,5.81
0.0,64.5,63.0,6.13
0.0,64.5,65.0,6.13
0.0,62.5,69.0,6.45
0.0,60.4,61.0,6.77
0.0,60.8,62.0,6.45
0.0,60.3,60.0,6.45
0.0,60.4,53.0,6.13
0.0,60.3,55.0,6.13
0.0,60.4,59.0,6.13
0.0,60.1,68.0,5.81
0.0,61.1,59.0,5.48
0.0,61.4,54.0,5.48
0.0,62.0,50.0,5.16
0.0,62.2,50.0,5.16
0.0,62.5,50.0,5.16
0.0,62.5,53.0,4.84
0.0,62.3,56.0,4.84
0.39,62.8,54.0,4.84
0.39,63.0,54.0,4.84
0.29,63.0,56.0,5.16
0.59,63.1,58.0,5.16
3.03,63.0,53.0,4.84
22.97,63.6,54.0,4.84
46.04,63.3,56.0,4.84
62.46,63.6,54.0,4.84
74.0,63.1,55.0,5.16
82.21,62.6,51.0,5.16
85.92,63.3,50.0,5.16
86.12,62.6,56.0,5.48
86.02,62.5,56.0,5.81
90.13,61.9,53.0,6.13
90.91,61.2,61.0,6.13
90.13,60.9,50.0,6.45
93.65,60.8,50.0,8.06
89.54,59.8,50.0,7.1
88.17,61.4,50.0,6.45
87.68,61.9,51.0,6.45
87.88,61.2,50.0,6.77
85.34,60.4,50.0,6.45
86.22,60.4,50.0,6.13
85.63,61.9,50.0,5.81
85.34,61.7,50.0,6.13
82.5,63.4,53.0,5.48
82.99,63.6,50.0,5.48
79.76,64.1,50.0,5.48
70.58,65.3,55.0,5.16
53.37,64.9,57.0,4.84
20.63,65.2,59.0,4.52
2.44,65.2,57.0,4.52
0.49,62.6,58.0,4.19
0.29,62.0,61.0,3.55
0.39,62.3,61.0,3.55
0.39,61.9,61.0,3.55
0.39,60.8,58.0,3.55
0.29,60.9,61.0,3.55
0.39,61.5,60.0,2.9
0.29,61.7,62.0,2.58
0.29,61.9,61.0,2.58
0.29,62.6,62.0,2.58
0.29,63.6,62.0,2.26
0.29,64.1,57.0,2.58
0.49,63.9,61.0,2.58
0.39,65.0,57.0,2.26
0.39,65.2,63.0,2.26
0.0,66.0,61.0,2.26
0.0,65.0,64.0,2.26
0.0,64.7,64.0,1.94
0.0,65.0,60.0,1.61
0.0,64.5,63.0,1.94
0.0,64.7,64.0,1.61
0.0,64.7,64.0,1.61
0.0,64.2,64.0,1.29
0.0,64.2,64.0,1.29
0.0,64.5,51.0,0.97
0.0,64.9,62.0,0.97
0.0,65.5,64.0,0.97
0.0,64.9,64.0,1.29
0.0,64.5,64.0,1.29
0.0,65.3,61.0,1.29
0.0,64.4,64.0,1.61
0.0,63.6,57.0,1.29
0.0,64.5,66.0,1.29
0.0,64.1,64.0,1.29
0.0,63.6,63.0,1.29
0.0,64.1,65.0,0.65
0.0,64.2,64.0,0.97
0.0,63.3,64.0,0.97
0.0,63.4,63.0,1.29
0.0,62.3,59.0,1.61
0.0,62.3,65.0,1.29
0.0,62.6,64.0,0.97
0.1,62.0,65.0,0.97
2.74,62.3,58.0,0.65
24.93,63.1,65.0,0.65
62.56,61.9,63.0,0.97
78.89,62.3,64.0,0.97
87.0,62.5,61.0,1.61
96.58,60.1,61.0,4.19
97.16,50.7,59.0,7.74
97.56,48.9,51.0,10.0
93.35,53.8,59.0,4.52
96.87,55.9,64.0,7.42
97.46,52.4,54.0,12.9
97.56,47.5,50.0,13.87
94.53,48.1,50.0,8.71
93.35,55.2,50.0,5.48
90.62,56.0,50.0,5.16
87.98,57.4,50.0,4.52
90.81,57.8,50.0,5.81
97.26,57.1,50.0,5.81
97.16,49.4,50.0,9.68
96.77,49.6,50.0,9.35
95.89,52.2,68.0,8.39
94.62,51.0,50.0,8.71
92.96,52.6,50.0,8.06
84.56,58.9,50.0,3.87
78.5,59.8,50.0,3.55
64.61,60.9,59.0,3.23
35.68,61.1,59.0,3.23
5.96,62.2,58.0,2.9
0.39,62.5,60.0,2.9
0.0,63.9,56.0,2.58
0.0,64.1,57.0,2.26
0.0,63.4,60.0,2.26
0.0,63.9,60.0,1.94
0.0,63.7,58.0,1.61
0.0,64.1,64.0,1.61
0.0,63.7,57.0,1.29
0.0,63.4,58.0,0.97
0.0,63.3,64.0,0.97
0.0,63.7,61.0,0.97
0.0,63.9,65.0,0.32
0.0,63.9,66.0,0.32
0.0,64.2,65.0,0.65
0.0,63.9,65.0,0.65
0.0,63.9,61.0,0.65
0.0,63.4,63.0,0.65
0.0,63.3,60.0,0.65
0.0,63.0,61.0,0.97
0.0,63.0,61.0,0.65
0.0,63.3,62.0,0.65
0.0,63.0,60.0,0.97
0.0,62.5,58.0,0.65
0.0,62.8,63.0,0.97
0.0,62.5,61.0,0.97
0.0,63.3,60.0,0.65
0.0,64.1,60.0,0.97
0.0,63.1,62.0,0.65
0.0,63.7,59.0,0.97
0.0,64.4,60.0,0.97
0.0,64.4,62.0,0.97
0.0,63.6,61.0,1.29
0.0,63.6,64.0,1.29
0.0,63.0,62.0,1.61
0.0,62.6,60.0,1.61
0.0,62.6,63.0,1.94
0.0,62.5,64.0,1.94
0.0,62.5,61.0,1.94
0.0,62.6,58.0,1.94
0.0,63.6,53.0,1.94
0.0,64.9,63.0,1.61
0.0,66.9,62.0,1.29
0.0,66.3,64.0,1.94
0.0,66.0,63.0,2.26
2.44,66.1,52.0,1.94
21.41,66.6,62.0,2.26
57.38,66.3,63.0,1.94
72.04,67.1,65.0,2.26
85.63,66.9,63.0,2.26
90.22,66.7,64.0,2.58
92.47,63.6,61.0,3.23
97.46,57.4,58.0,8.71
95.99,59.0,58.0,5.81
91.89,63.3,62.0,4.19
94.53,62.3,56.0,6.13
95.6,58.5,61.0,6.77
95.41,63.0,59.0,5.81
96.09,63.0,66.0,5.81
97.36,56.7,63.0,9.03
97.36,56.2,55.0,9.68
97.36,56.3,53.0,9.35
97.16,54.1,61.0,9.68
96.77,54.4,71.0,9.68
94.82,53.7,59.0,9.03
89.05,59.6,52.0,6.13
91.5,60.4,57.0,6.45
87.49,61.1,57.0,5.81
82.89,61.9,61.0,5.81
73.9,62.2,54.0,5.48
40.96,63.1,56.0,5.16
13.39,64.7,68.0,4.84
1.08,64.5,56.0,4.84
0.0,64.2,57.0,4.84
0.0,64.5,57.0,4.84
0.0,65.5,61.0,4.52
0.0,65.0,51.0,4.52
0.0,64.9,61.0,4.52
0.0,64.4,72.0,4.19
0.0,63.7,57.0,4.19
0.0,61.4,63.0,4.19
0.0,61.5,65.0,4.19
0.0,62.8,60.0,4.19
0.0,62.0,64.0,3.87
0.0,61.2,57.0,4.19
0.0,60.6,61.0,4.19
0.0,61.9,66.0,4.19
0.0,63.0,59.0,4.19
0.0,63.4,61.0,4.19
0.0,64.4,60.0,3.87
0.0,65.3,59.0,4.19
0.0,65.3,58.0,4.19
0.0,65.2,75.0,4.19
0.0,64.9,55.0,3.87
0.0,63.4,54.0,3.87
0.0,63.7,63.0,3.87
0.0,64.5,64.0,3.87
0.0,65.6,64.0,3.87
0.0,66.1,62.0,3.55
0.0,65.8,57.0,3.55
0.0,66.1,64.0,3.55
0.0,66.0,63.0,3.55
0.0,66.1,61.0,3.55
0.0,66.7,61.0,3.55
0.0,66.3,63.0,3.55
0.0,65.8,61.0,3.55
0.0,65.6,71.0,3.87
0.0,65.5,61.0,3.55
0.0,66.6,63.0,3.23
0.0,66.6,62.0,3.23
0.0,65.8,61.0,3.23
0.0,66.3,62.0,3.23
0.29,65.5,68.0,3.23
0.39,65.0,65.0,3.23
0.29,65.0,63.0,3.23
0.49,64.1,61.0,3.23
1.56,64.1,60.0,3.23
10.46,65.8,61.0,3.23
45.16,66.3,63.0,2.9
74.0,66.6,61.0,2.9
84.65,66.6,59.0,2.58
86.02,65.2,59.0,3.23
88.76,62.8,61.0,3.55
81.43,63.7,60.0,3.55
84.46,64.2,64.0,3.87
85.63,64.1,63.0,4.19
84.46,64.7,59.0,4.19
83.87,65.5,62.0,4.19
76.93,67.8,69.0,3.87
76.05,69.1,58.0,3.87
77.81,69.9,64.0,3.87
81.92,70.1,67.0,3.55
80.84,70.4,73.0,3.23
79.18,70.4,70.0,3.23
77.13,70.5,63.0,3.23
78.3,70.5,70.0,2.9
74.39,70.5,76.0,2.9
69.11,70.4,66.0,2.58
67.45,70.7,64.0,2.58
55.42,70.7,67.0,2.58
46.24,71.2,60.0,2.58
21.21,71.2,68.0,3.23
6.26,71.6,59.0,3.23
1.37,71.8,63.0,3.55
0.88,72.4,60.0,3.87
0.68,72.7,59.0,4.19
0.59,72.4,63.0,4.52
0.59,71.9,58.0,4.52
0.39,71.9,62.0,4.19
0.39,71.3,61.0,4.52
0.39,70.7,60.0,4.19
0.29,70.4,56.0,4.19
0.39,70.8,60.0,4.19
0.39,70.1,58.0,4.52
0.29,69.6,61.0,3.87
0.29,68.9,63.0,3.55
0.29,68.9,56.0,3.55
0.29,69.4,61.0,3.55
0.29,69.6,62.0,3.23
0.39,69.6,59.0,3.55
0.0,69.1,61.0,3.23
0.0,68.5,59.0,3.55
0.0,67.4,58.0,3.23
0.0,66.6,56.0,3.23
0.0,65.5,62.0,3.23
0.0,66.4,61.0,2.9
0.0,66.6,61.0,3.23
0.0,66.3,50.0,2.9
0.0,66.1,59.0,2.58
0.0,65.6,62.0,2.58
0.0,66.6,63.0,2.26
0.0,66.9,62.0,2.26
0.0,67.7,62.0,2.26
0.0,68.6,62.0,1.94
0.0,68.9,63.0,2.26
0.0,68.6,61.0,2.58
0.0,68.6,62.0,2.26
0.0,67.4,63.0,1.94
0.0,68.3,62.0,1.94
0.0,68.9,61.0,2.58
0.0,68.3,62.0,2.9
0.0,67.5,62.0,3.55
0.0,67.2,50.0,3.55
0.0,67.4,55.0,3.23
0.49,66.1,61.0,3.87
0.39,66.1,53.0,3.87
0.49,66.0,62.0,3.87
0.68,66.0,60.0,4.19
1.17,65.8,61.0,4.52
8.21,65.6,57.0,4.52
35.48,64.9,59.0,4.52
58.94,65.3,56.0,4.52
64.81,65.5,58.0,4.52
76.64,65.3,60.0,4.52
76.25,66.4,58.0,4.52
76.05,67.5,57.0,5.48
81.92,65.8,53.0,6.13
86.71,63.4,50.0,7.74
87.29,62.0,50.0,8.06
85.24,59.5,50.0,8.39
85.53,61.4,50.0,7.74
88.17,61.4,50.0,7.74
88.17,60.4,50.0,7.42
87.29,59.6,51.0,7.1
89.25,59.8,50.0,7.1
89.93,58.9,50.0,6.13
89.44,58.9,54.0,6.77
89.54,59.8,57.0,6.77
82.11,59.5,50.0,6.45
78.89,60.0,50.0,6.13
60.9,59.3,50.0,6.77
48.88,59.6,50.0,6.45
26.2,60.0,50.0,5.81
6.55,60.4,50.0,5.81
0.98,62.8,58.0,3.87
0.59,64.9,60.0,3.23
0.68,66.3,60.0,3.23
0.59,66.1,61.0,3.23
0.39,65.5,61.0,3.23
0.49,65.5,62.0,2.9
0.49,65.3,62.0,3.23
0.49,66.0,63.0,2.9
0.39,65.5,62.0,3.23
0.39,66.1,62.0,2.9
0.49,66.4,62.0,3.23
0.39,66.3,62.0,2.9
0.49,67.4,62.0,3.23
0.49,66.9,62.0,3.23
0.39,66.6,62.0,3.55
0.0,66.4,62.0,3.23
0.0,66.6,62.0,3.23
0.0,66.3,62.0,2.9
0.0,66.1,62.0,2.9
0.0,65.5,62.0,2.9
0.0,66.1,62.0,2.9
0.0,65.8,63.0,2.9
0.0,66.3,62.0,2.58
0.0,66.3,63.0,2.9
0.0,66.3,63.0,2.58
0.0,66.7,63.0,2.58
0.0,65.6,64.0,1.94
0.0,66.0,65.0,0.97
0.0,66.1,66.0,0.32
0.0,66.7,65.0,0.65
0.0,67.2,66.0,0.32
0.0,67.2,66.0,0.0
0.0,67.5,66.0,0.0
0.0,68.0,66.0,0.0
0.0,68.0,66.0,0.0
0.0,67.7,66.0,-0.65
0.0,67.7,67.0,-0.65
0.0,69.6,63.0,0.65
0.0,68.6,65.0,1.29
0.39,67.5,63.0,1.29
0.29,66.6,62.0,1.29
0.29,66.0,63.0,0.97
0.49,64.9,63.0,0.97
1.17,66.6,64.0,0.97
5.86,66.1,64.0,1.29
34.51,66.1,64.0,1.29
59.14,65.5,61.0,1.29
74.39,65.0,61.0,1.29
80.84,64.9,62.0,2.58
82.5,65.0,62.0,2.58
83.97,62.3,61.0,2.9
90.42,64.4,63.0,2.58
89.93,64.9,63.0,1.94
90.03,64.9,63.0,2.26
92.86,63.9,63.0,2.58
92.28,66.6,61.0,3.55
89.25,62.0,63.0,2.58
90.22,65.6,64.0,1.94
91.2,62.3,61.0,3.55
89.83,62.5,61.0,3.23
88.66,61.4,59.0,3.87
89.44,60.8,60.0,3.55
88.95,63.0,61.0,3.23
84.95,62.8,61.0,3.23
87.88,62.8,61.0,2.58
82.21,62.8,61.0,3.23
77.52,64.2,61.0,2.9
67.55,61.4,50.0,3.55
57.67,62.5,61.0,2.26
19.55,66.3,63.0,1.94
1.66,65.3,63.0,1.94
0.68,66.7,63.0,1.61
0.59,67.2,64.0,1.94
0.49,66.9,64.0,1.61
0.49,67.4,63.0,1.61
0.49,67.4,63.0,1.94
0.39,66.9,63.0,2.26
0.49,66.7,62.0,1.94
0.39,66.9,63.0,1.94
0.39,66.9,64.0,1.94
0.39,67.1,64.0,1.61
0.39,67.1,64.0,1.61
0.29,67.1,62.0,1.94
0.39,66.7,64.0,1.61
0.39,67.1,64.0,1.61
0.39,67.2,64.0,0.97
0.39,67.8,63.0,0.97
0.0,67.7,58.0,1.29
0.0,67.5,64.0,0.97
0.0,67.8,64.0,0.65
0.0,68.0,65.0,0.97
0.0,67.8,65.0,0.97
0.0,67.7,65.0,0.65
0.0,67.7,66.0,0.65
0.0,67.2,65.0,0.97
0.0,67.8,50.0,0.65
0.0,67.7,61.0,0.65
0.0,67.7,64.0,0.97
0.0,68.0,65.0,0.65
0.0,67.7,64.0,0.97
0.0,67.2,65.0,0.97
0.0,66.7,66.0,0.32
0.0,66.1,66.0,-0.32
0.0,66.6,67.0,-0.65
0.0,67.7,66.0,-0.32
0.0,67.1,66.0,-0.97
0.1,67.4,67.0,-1.29
0.1,67.7,62.0,-1.94
0.2,67.5,69.0,-1.94
0.0,67.7,69.0,-2.26
0.39,70.1,65.0,0.32
0.49,67.2,66.0,-0.65
0.49,67.5,65.0,-0.32
0.49,66.9,63.0,-0.65
0.68,67.1,65.0,-0.32
3.81,66.1,65.0,-0.65
35.88,65.0,66.0,-1.61
47.7,66.7,65.0,-0.97
64.32,66.6,63.0,0.97
67.64,65.2,62.0,1.61
72.24,64.2,64.0,1.29
83.48,63.1,62.0,2.26
89.83,63.1,62.0,2.58
84.56,63.4,61.0,3.23
87.59,63.6,62.0,2.58
86.51,63.0,59.0,4.19
92.38,62.5,61.0,2.9
97.07,52.2,55.0,8.71
97.56,52.7,50.0,15.48
97.46,49.1,50.0,14.52
90.22,56.5,56.0,6.45
89.83,62.5,61.0,4.52
91.79,64.7,60.0,5.48
95.99,58.4,51.0,8.39
90.81,57.3,55.0,6.13
94.04,52.1,50.0,9.03
91.01,51.8,50.0,10.65
81.72,54.6,56.0,5.16
75.76,57.1,58.0,4.52
63.24,57.9,55.0,3.87
35.68,57.3,57.0,3.55
5.96,58.9,61.0,2.26
0.98,59.2,64.0,0.32
0.68,61.5,66.0,-0.97
0.59,63.0,67.0,-1.29
0.59,64.1,67.0,-1.29
0.59,64.4,67.0,-1.29
0.39,65.0,67.0,-1.29
0.49,65.2,67.0,-1.29
0.49,66.7,66.0,0.0
0.49,66.1,65.0,0.32
0.49,65.0,66.0,-0.32
0.49,64.5,67.0,-1.29
0.39,65.6,67.0,-1.29
0.49,66.6,66.0,-0.65
0.49,66.7,66.0,0.0
0.49,65.8,65.0,0.65
0.39,65.3,65.0,0.32
0.0,65.0,66.0,0.32
0.0,64.7,63.0,0.32
0.0,64.4,64.0,0.32
0.0,65.0,65.0,0.32
0.0,65.0,65.0,0.32
0.0,65.2,64.0,0.32
0.0,65.5,65.0,0.97
0.0,63.6,66.0,0.32
0.0,64.2,65.0,0.32
0.0,64.9,65.0,0.32
0.0,65.5,65.0,0.32
0.0,65.5,66.0,0.65
0.0,64.9,65.0,0.32
0.0,64.9,65.0,0.0
0.0,66.0,65.0,-0.32
0.0,65.8,65.0,-0.32
0.0,66.3,66.0,-0.32
0.0,66.7,66.0,0.32
0.0,66.7,65.0,0.32
0.0,66.3,65.0,0.32
0.0,66.3,66.0,0.32
0.0,66.3,65.0,0.32
0.0,66.9,65.0,0.65
0.0,66.9,65.0,0.97
0.39,68.3,61.0,3.55
0.49,63.3,60.0,4.19
0.49,62.2,60.0,4.19
0.59,62.3,58.0,4.52
0.68,60.6,58.0,4.84
3.52,60.3,56.0,4.52
29.03,61.1,60.0,3.87
57.48,61.2,57.0,4.19
66.86,60.0,58.0,4.52
77.52,59.3,56.0,5.16
82.8,58.7,54.0,5.16
86.71,60.3,56.0,4.84
91.1,59.6,56.0,4.84
97.26,61.1,50.0,8.71
90.81,59.3,50.0,6.45
89.54,60.0,55.0,5.81
97.65,52.2,50.0,15.48
96.68,51.1,50.0,11.61
93.65,49.1,50.0,10.0
91.69,54.0,50.0,8.06
89.44,53.7,50.0,6.77
86.12,56.0,50.0,5.81
91.1,57.4,50.0,6.45
89.25,52.4,50.0,6.45
83.58,54.1,50.0,5.48
74.39,56.7,50.0,4.84
68.43,61.2,50.0,4.52
65.98,61.1,51.0,4.84
45.16,58.2,50.0,4.84
23.85,55.4,52.0,4.52
6.45,52.9,50.0,4.19
1.37,53.3,50.0,3.87
0.59,54.4,50.0,3.23
0.49,55.2,50.0,2.9
0.49,55.4,50.0,2.9
0.49,55.4,50.0,2.9
0.49,56.2,50.0,2.58
0.49,57.9,50.0,2.26
0.49,57.9,55.0,2.26
0.49,59.0,57.0,2.26
0.49,58.4,54.0,2.58
0.49,58.7,58.0,1.61
0.49,59.0,57.0,1.94
0.49,58.5,56.0,3.23
0.49,58.9,57.0,2.26
0.49,58.4,58.0,2.58
0.49,57.4,50.0,3.55
0.49,57.6,50.0,2.9
0.1,61.9,52.0,0.65
0.1,62.8,50.0,0.65
0.1,63.4,56.0,0.0
0.0,63.7,65.0,-0.32
0.0,64.7,64.0,0.65
0.0,63.3,65.0,0.32
0.0,62.2,60.0,-0.32
0.0,63.4,63.0,-0.32
0.0,65.0,66.0,-0.65
0.0,64.7,64.0,-1.29
0.0,63.7,67.0,-0.97
0.0,64.9,66.0,-0.97
0.0,63.9,65.0,-1.61
0.0,63.1,62.0,-1.94
0.0,63.9,68.0,-1.94
0.0,63.7,69.0,-2.26
0.0,64.4,67.0,-2.26
0.0,64.2,68.0,-1.61
0.0,63.7,63.0,-1.94
0.0,63.1,65.0,-1.94
0.0,63.0,66.0,-1.61
0.0,61.9,65.0,-1.29
0.0,61.7,60.0,-0.97
0.0,62.6,61.0,-0.97
0.0,60.8,66.0,0.32
0.0,61.5,65.0,0.0
0.0,61.5,65.0,0.0
0.49,61.1,63.0,0.32
6.65,61.1,62.0,0.32
38.22,62.3,63.0,0.32
65.1,62.6,67.0,0.32
80.25,62.2,62.0,0.97
86.41,60.6,63.0,1.94
85.73,61.9,62.0,2.26
87.0,61.5,62.0,1.61
88.76,62.0,63.0,1.94
91.79,62.0,66.0,2.26
93.26,61.5,64.0,2.26
93.65,61.5,62.0,2.9
91.69,59.8,67.0,3.23
93.45,59.0,63.0,3.87
97.26,57.8,57.0,6.13
97.16,52.6,62.0,7.74
96.28,54.3,53.0,6.45
96.48,55.9,63.0,6.45
95.89,56.3,54.0,6.13
96.09,57.1,55.0,6.13
92.67,57.9,62.0,5.16
91.1,58.7,56.0,4.84
90.91,58.5,61.0,5.81
84.85,61.1,63.0,3.55
78.3,62.3,58.0,3.55
52.79,62.8,53.0,3.55
30.6,64.1,63.0,3.55
4.3,66.1,62.0,3.23
0.2,66.6,66.0,3.23
0.1,67.1,63.0,3.23
0.2,67.8,59.0,3.55
0.1,68.5,61.0,3.23
0.2,68.8,63.0,3.23
0.1,68.8,60.0,3.55
0.29,69.6,60.0,3.23
0.2,69.9,61.0,3.23
0.2,70.5,61.0,3.23
0.1,70.5,61.0,3.23
0.1,70.4,53.0,3.23
0.1,69.6,66.0,3.55
0.1,69.3,65.0,3.23
0.2,69.9,66.0,3.23
0.1,70.1,65.0,3.23
0.1,70.4,63.0,3.23
0.1,69.9,61.0,3.55
0.1,70.1,61.0,3.55
0.1,70.1,55.0,3.23
0.1,70.8,60.0,3.23
0.1,71.0,64.0,3.55
0.1,71.0,61.0,3.55
0.0,71.9,58.0,3.87
0.1,71.9,60.0,3.55
0.0,72.3,62.0,3.87
0.0,72.3,65.0,3.87
0.0,72.6,54.0,3.87
0.1,72.3,54.0,4.19
0.0,72.3,59.0,4.52
0.0,72.4,58.0,4.52
0.0,72.7,59.0,4.84
0.0,72.7,64.0,4.84
0.0,72.9,57.0,4.84
0.0,72.9,56.0,4.84
0.0,72.9,57.0,4.84
0.0,73.2,52.0,4.84
0.1,73.4,56.0,5.16
0.1,73.2,55.0,5.16
0.0,73.7,55.0,5.48
0.0,73.7,50.0,5.81
0.0,74.6,50.0,6.45
0.0,73.2,50.0,6.45
0.0,72.1,50.0,6.45
0.0,70.4,50.0,7.42
0.59,68.8,50.0,6.45
9.48,68.6,54.0,6.13
44.18,68.2,54.0,5.48
65.59,68.5,51.0,5.48
83.87,68.2,56.0,5.48
91.01,68.0,54.0,5.81
93.35,66.4,52.0,6.13
91.89,65.5,60.0,5.16
96.28,67.1,50.0,6.13
94.33,60.4,65.0,6.77
96.48,54.9,50.0,10.97
97.65,52.2,50.0,11.94
97.46,51.1,61.0,11.94
97.46,49.1,60.0,12.9
97.26,51.0,50.0,13.23
97.26,50.0,50.0,13.23
96.97,51.0,50.0,12.9
97.07,49.6,50.0,12.58
95.7,51.9,50.0,11.94
90.52,55.5,50.0,8.06
90.03,55.9,50.0,8.71
85.34,57.1,50.0,7.74
87.49,54.8,50.0,7.74
82.11,51.8,50.0,7.1
72.24,51.8,50.0,6.13
47.31,51.6,50.0,6.13
12.22,52.4,50.0,5.48
1.08,53.7,50.0,3.87
0.0,56.0,50.0,3.23
0.0,56.2,50.0,2.58
0.0,56.3,51.0,2.58
0.0,56.3,50.0,2.58
0.1,57.1,50.0,2.26
0.1,57.6,63.0,1.94
0.1,57.6,50.0,2.26
0.2,57.4,53.0,1.94
0.1,58.1,57.0,1.94
0.2,58.4,53.0,1.94
0.2,57.8,58.0,0.97
0.2,57.8,56.0,1.61
0.2,58.5,60.0,1.94
0.1,57.8,59.0,1.94
0.2,58.2,50.0,1.94
0.1,57.9,59.0,1.94
0.2,58.9,50.0,1.61
0.2,59.2,61.0,1.29
0.2,59.5,62.0,1.29
0.2,59.2,62.0,0.97
0.2,60.3,62.0,0.97
0.1,60.8,63.0,0.65
0.2,60.9,64.0,0.32
0.1,61.4,63.0,0.0
0.1,61.7,64.0,0.32
0.0,61.4,64.0,0.65
0.0,61.9,64.0,0.65
0.0,62.3,64.0,0.32
0.0,62.5,65.0,0.32
0.0,62.3,65.0,0.32
0.0,62.5,65.0,0.0
0.0,62.5,65.0,-0.32
0.0,62.6,65.0,-0.32
0.0,62.8,65.0,-0.32
0.0,63.1,66.0,0.0
0.0,62.5,66.0,-0.32
0.0,62.2,66.0,-0.32
0.0,62.2,66.0,-0.65
0.0,63.0,64.0,-0.65
0.39,65.0,64.0,0.65
0.39,59.2,61.0,2.58
0.29,57.6,61.0,2.58
0.39,58.5,61.0,2.58
0.88,57.6,61.0,1.61
6.35,59.8,62.0,0.97
36.76,60.8,60.0,0.65
68.33,61.7,53.0,0.65
82.01,61.5,66.0,0.97
88.17,60.0,62.0,1.94
96.58,51.4,60.0,5.81
96.87,51.1,61.0,5.81
97.36,49.6,60.0,7.74
97.56,49.4,50.0,12.58
97.95,47.2,50.0,16.77
97.95,43.6,50.0,17.1
97.65,43.3,50.0,15.48
97.56,44.8,50.0,14.52
97.56,44.0,50.0,15.81
97.56,43.9,50.0,15.81
97.46,42.9,50.0,15.81
97.46,41.5,50.0,14.84
97.16,41.0,50.0,14.52
91.4,45.5,50.0,9.35
93.65,44.5,50.0,9.35
89.34,45.6,50.0,8.71
85.04,48.0,50.0,6.13
74.78,47.5,50.0,5.48
57.18,48.9,50.0,4.84
24.63,48.8,50.0,4.84
2.44,49.1,50.0,4.19
0.49,52.2,50.0,2.58
0.39,54.1,50.0,2.26
0.39,55.1,50.0,1.94
0.39,56.0,50.0,1.61
0.39,56.5,50.0,1.61
0.39,56.2,50.0,1.61
0.39,56.2,50.0,1.61
0.39,55.2,50.0,1.94
0.39,55.4,50.0,1.94
0.39,55.4,57.0,1.94
0.39,55.5,50.0,2.26
0.39,56.0,50.0,2.58
0.39,56.3,50.0,2.26
0.49,57.0,50.0,2.26
0.39,57.9,50.0,2.26
0.39,58.9,50.0,2.58
0.0,60.1,51.0,2.58
0.0,59.8,54.0,2.9
0.0,61.1,56.0,2.9
0.0,61.2,55.0,3.23
0.0,60.9,56.0,3.23
0.0,62.3,58.0,3.87
0.0,62.6,58.0,3.55
0.0,64.1,57.0,3.87
0.1,66.1,57.0,4.19
0.1,69.9,62.0,4.84
0.0,70.4,56.0,5.16
0.1,70.5,54.0,5.81
0.1,70.4,50.0,6.13
0.1,70.4,53.0,6.13
0.1,71.3,51.0,6.13
0.1,71.0,53.0,6.45
0.1,71.5,55.0,6.45
0.1,70.5,50.0,6.45
0.0,69.7,61.0,6.45
0.1,69.4,50.0,6.45
0.0,68.3,50.0,6.77
0.0,68.0,54.0,6.13
0.0,68.2,50.0,7.42
0.39,62.5,72.0,8.06
0.39,63.4,50.0,8.39
0.39,62.6,50.0,8.39
0.59,62.8,50.0,8.06
0.98,64.7,50.0,7.42
2.84,64.5,50.0,7.74
15.64,64.4,68.0,8.06
48.78,65.3,50.0,7.74
68.04,66.4,50.0,8.06
76.93,65.8,55.0,8.06
78.89,64.1,50.0,8.71
82.01,62.3,50.0,8.71
86.22,62.8,50.0,8.71
87.1,64.5,53.0,8.71
79.67,65.5,50.0,8.06
80.94,63.6,50.0,8.71
81.53,64.5,50.0,8.39
86.02,63.9,50.0,8.71
84.07,62.0,65.0,9.68
86.41,59.6,79.0,10.0
83.58,60.4,50.0,10.0
88.56,59.6,69.0,10.32
87.1,60.9,50.0,10.0
84.36,61.2,50.0,10.0
84.26,62.5,53.0,9.35
74.29,60.6,50.0,9.68
71.06,59.3,50.0,9.68
61.58,59.3,67.0,10.0
46.04,61.1,50.0,9.35
22.78,61.2,50.0,9.35
3.03,62.3,50.0,9.03
0.78,65.0,50.0,7.74
0.59,67.7,50.0,7.74
0.39,65.6,50.0,7.74
0.49,64.9,50.0,7.74
0.49,65.3,50.0,7.74
0.39,66.7,50.0,7.42
0.39,66.3,50.0,7.74
0.29,66.1,50.0,7.42
0.29,66.0,50.0,7.42
0.39,65.0,50.0,7.42
0.39,65.8,53.0,7.42
0.39,68.8,69.0,6.77
0.39,69.7,61.0,6.77
0.49,70.8,50.0,6.77
0.49,71.2,50.0,7.1
0.49,69.4,50.0,7.42
0.1,70.1,51.0,7.1
0.0,70.1,50.0,7.1
0.0,69.6,71.0,7.42
0.0,68.0,54.0,7.74
0.0,67.7,50.0,7.74
0.0,67.4,50.0,7.74
0.0,68.2,63.0,7.42
0.0,68.2,50.0,7.42
0.0,68.0,50.0,7.42
0.0,66.6,54.0,7.42
0.0,65.8,50.0,7.42
0.0,65.8,50.0,7.42
0.0,65.8,50.0,7.42
0.0,65.5,65.0,7.42
0.0,64.5,61.0,7.42
0.0,64.2,53.0,7.42
0.0,64.5,50.0,7.1
0.0,64.2,63.0,7.1
0.0,66.4,53.0,6.77
0.0,67.4,62.0,6.77
0.0,67.5,57.0,6.45
0.0,67.4,50.0,6.77
0.0,68.2,56.0,6.45
0.0,69.9,50.0,6.45
0.49,69.9,53.0,6.77
0.59,67.4,50.0,7.1
0.59,68.8,55.0,6.77
0.59,70.4,64.0,6.77
0.59,71.0,55.0,6.77
0.98,71.6,64.0,6.77
4.79,70.7,60.0,7.1
30.79,70.5,65.0,7.42
56.4,70.7,65.0,7.42
66.08,70.7,50.0,7.42
77.81,71.5,50.0,7.74
82.31,71.2,50.0,7.74
82.11,71.3,50.0,8.06
81.53,71.8,50.0,8.06
83.48,71.5,51.0,7.74
85.44,71.9,69.0,8.71
85.53,71.5,64.0,8.71
85.53,70.4,50.0,9.35
88.46,71.2,64.0,8.71
85.83,70.4,68.0,8.71
84.36,70.8,60.0,8.39
84.65,70.5,62.0,8.71
85.14,70.4,50.0,8.71
85.73,69.9,50.0,8.71
78.79,69.7,67.0,8.71
74.88,68.8,71.0,9.03
68.52,68.9,55.0,8.39
59.53,70.1,50.0,8.06
51.71,68.9,50.0,8.39
25.81,68.9,73.0,8.39
5.77,69.1,50.0,8.39
1.08,67.8,50.0,8.39
0.59,69.3,59.0,8.06
0.59,68.8,50.0,8.06
0.59,68.5,64.0,8.06
0.59,68.0,50.0,7.74
0.59,67.4,62.0,7.74
0.59,67.5,50.0,7.74
0.49,67.2,50.0,7.74
0.39,66.6,68.0,7.74
0.39,66.3,50.0,7.74
0.39,66.3,62.0,8.06
0.29,65.8,56.0,7.74
0.29,65.3,51.0,7.74
0.29,64.4,59.0,8.06
0.29,63.6,52.0,8.06
0.29,63.0,70.0,8.06
0.29,63.0,62.0,8.06
0.0,63.0,51.0,8.06
0.0,62.6,50.0,8.06
0.0,62.8,61.0,8.06
0.0,62.5,68.0,8.06
0.0,63.1,61.0,8.39
0.0,63.3,58.0,8.06
0.0,63.0,66.0,8.06
0.0,63.4,66.0,8.06
0.0,63.0,62.0,8.39
0.0,62.8,76.0,8.39
0.0,62.3,74.0,8.39
0.0,61.9,59.0,8.39
0.0,61.2,70.0,8.39
0.0,61.4,66.0,8.06
0.0,62.0,70.0,8.06
0.0,61.7,50.0,8.06
0.1,62.2,72.0,8.06
0.2,63.4,66.0,8.06
0.1,65.0,50.0,8.06
0.1,64.5,50.0,8.39
0.1,63.7,98.0,8.39
0.1,63.4,73.0,8.39
0.1,64.5,57.0,7.74
0.2,66.9,67.0,7.1
0.59,67.4,72.0,7.1
0.68,68.2,70.0,6.77
0.68,68.3,69.0,7.1
0.68,70.1,66.0,6.45
0.78,70.1,61.0,6.45
1.27,69.4,72.0,6.45
6.74,69.1,57.0,6.13
17.6,69.7,68.0,5.81
29.72,70.7,70.0,5.81
41.84,70.8,70.0,5.81
55.33,70.5,66.0,5.48
61.78,70.2,60.0,5.48
68.43,70.7,67.0,5.81
70.58,69.9,60.0,6.13
72.43,70.4,69.0,5.81
71.85,70.4,68.0,5.48
70.67,70.4,63.0,5.48
75.17,70.7,64.0,5.16
78.79,70.7,74.0,4.84
82.31,71.0,63.0,4.84
81.82,71.5,66.0,4.84
82.11,71.3,77.0,4.84
81.04,71.3,70.0,4.84
80.16,72.1,76.0,4.84
73.12,71.5,66.0,4.84
75.56,71.9,63.0,4.84
69.99,71.6,68.0,4.84
61.1,71.6,73.0,4.84
33.43,71.8,72.0,4.84
14.56,71.9,71.0,4.52
2.15,72.3,72.0,4.84
0.78,72.4,63.0,4.84
0.68,72.4,67.0,4.52
0.68,72.4,68.0,4.52
0.59,72.7,66.0,4.84
0.68,73.2,63.0,4.52
0.68,73.0,68.0,4.84
0.59,73.0,66.0,5.16
0.49,73.8,61.0,5.48
0.39,73.5,59.0,5.81
0.49,73.4,50.0,6.13
0.39,73.0,62.0,6.13
0.39,72.1,50.0,6.13
0.39,71.2,54.0,6.13
0.39,71.2,50.0,6.13
0.39,71.0,61.0,5.81
0.39,71.2,56.0,5.48
0.0,70.2,62.0,5.48
0.0,70.4,60.0,5.48
0.0,68.6,60.0,5.48
0.0,66.3,56.0,5.48
0.0,62.5,56.0,5.48
0.0,63.1,58.0,4.84
0.0,60.8,57.0,5.16
0.0,59.5,63.0,4.84
0.0,60.1,50.0,4.52
0.0,60.3,61.0,4.52
0.0,60.0,66.0,4.52
0.0,60.0,67.0,4.19
0.0,59.8,58.0,3.87
0.0,60.1,59.0,3.87
0.0,59.6,64.0,3.87
0.0,60.4,61.0,3.55
0.0,60.0,58.0,3.87
0.2,62.5,56.0,3.23
0.1,63.9,63.0,2.9
0.2,65.8,64.0,1.94
0.0,66.7,66.0,1.94
0.0,66.0,63.0,2.26
0.0,66.0,58.0,1.94
0.68,67.8,61.0,2.9
0.39,66.7,60.0,1.94
0.39,67.1,62.0,1.94
0.39,66.6,64.0,1.94
0.59,65.6,63.0,1.94
3.03,65.2,65.0,1.94
19.75,65.3,64.0,1.94
55.23,65.6,62.0,1.94
84.85,63.9,65.0,2.26
95.8,57.6,67.0,4.52
96.48,58.1,61.0,4.84
97.36,53.2,66.0,6.13
97.36,52.4,63.0,6.45
97.46,51.3,63.0,6.45
97.56,51.4,60.0,7.42
97.36,51.9,69.0,7.1
97.07,53.7,63.0,6.45
97.26,49.9,54.0,8.06
97.26,48.8,58.0,8.06
97.16,49.2,55.0,8.71
96.97,48.6,58.0,8.71
96.77,46.7,66.0,7.74
95.02,53.0,66.0,5.16
92.38,47.5,64.0,6.45
91.98,50.0,70.0,6.45
87.0,56.3,50.0,5.16
82.01,55.5,69.0,4.19
74.68,56.5,73.0,3.55
52.59,57.9,64.0,3.55
3.72,57.8,69.0,4.19
0.88,62.0,67.0,2.58
0.1,64.1,67.0,1.94
0.0,63.3,61.0,1.94
0.0,63.6,70.0,1.94
0.2,63.1,63.0,1.94
0.1,64.9,64.0,1.61
0.0,64.9,63.0,1.61
0.1,65.2,63.0,1.61
0.0,64.9,62.0,1.61
0.0,65.0,63.0,0.97
0.0,65.6,54.0,0.97
0.0,63.6,65.0,0.97
0.0,61.5,71.0,1.29
0.0,61.4,63.0,1.29
0.0,61.1,63.0,0.97
0.0,60.1,63.0,0.97
0.0,57.8,65.0,1.29
0.0,57.1,65.0,1.61
0.0,57.8,63.0,1.29
0.0,57.9,71.0,1.61
0.0,57.3,65.0,1.94
0.0,59.2,73.0,1.61
0.0,62.5,66.0,1.61
0.0,64.4,64.0,1.29
0.0,64.7,71.0,1.29
0.0,65.3,79.0,1.29
0.0,65.3,70.0,1.29
0.0,65.8,66.0,0.97
0.0,66.3,68.0,0.97
0.0,65.8,59.0,1.29
0.0,65.5,65.0,1.29
0.0,65.0,64.0,1.61
0.0,64.5,64.0,1.94
0.0,63.7,61.0,2.26
0.0,62.5,61.0,2.26
0.0,62.5,62.0,2.26
0.0,62.0,60.0,2.26
0.0,61.2,55.0,2.26
0.0,61.4,57.0,2.26
0.0,61.4,69.0,2.26
0.0,57.1,56.0,4.19
0.0,56.7,52.0,4.19
0.0,56.3,50.0,4.19
0.0,56.0,53.0,4.19
0.1,56.2,60.0,3.87
3.23,57.0,58.0,3.55
21.9,56.5,56.0,3.23
55.33,56.8,66.0,2.9
74.88,57.1,50.0,3.87
83.77,55.7,50.0,3.87
91.4,56.0,60.0,3.87
92.96,54.6,58.0,4.19
93.26,53.3,50.0,5.16
94.92,51.6,50.0,6.13
96.38,48.9,50.0,6.77
97.56,44.2,51.0,11.61
97.36,42.8,50.0,11.61
97.36,41.7,63.0,11.94
97.26,42.9,50.0,10.65
97.16,42.0,50.0,11.94
96.28,44.5,52.0,7.1
96.68,43.1,65.0,8.06
89.64,47.0,50.0,5.16
85.53,51.4,50.0,3.55
93.65,51.0,52.0,4.84
88.27,49.2,55.0,3.87
86.61,54.0,50.0,3.87
78.1,53.7,50.0,2.9
64.22,54.8,50.0,1.29
33.04,57.4,57.0,1.29
5.28,55.2,50.0,2.9
0.29,55.9,64.0,1.29
0.0,54.4,50.0,1.29
0.0,56.2,61.0,0.97
0.0,57.3,61.0,0.65
0.0,57.4,57.0,0.32
0.0,57.9,68.0,0.32
0.0,59.5,56.0,0.32
0.0,60.4,64.0,0.0
0.0,61.4,62.0,0.0
0.0,61.2,63.0,-0.32
0.0,60.6,62.0,0.0
0.0,60.9,50.0,0.0
0.0,61.4,61.0,0.0
0.0,63.1,65.0,-0.65
0.0,64.2,63.0,-0.97
0.0,64.5,63.0,-0.97
0.0,63.9,67.0,-0.65
0.0,63.4,63.0,-0.97
0.0,63.6,64.0,-0.65
0.0,63.4,62.0,-0.32
0.0,63.0,65.0,-0.65
0.0,63.3,66.0,-0.97
0.0,63.4,66.0,-0.65
0.0,63.1,62.0,-0.97
0.0,63.0,62.0,-0.65
0.0,63.3,62.0,-0.65
0.0,64.4,63.0,-0.97
0.0,64.4,66.0,-1.29
0.0,63.4,63.0,-1.29
0.0,63.9,68.0,-1.61
0.0,64.7,67.0,-1.29
0.0,64.9,67.0,-1.29
0.0,64.9,66.0,-0.97
0.0,66.0,69.0,-0.97
0.0,65.5,61.0,-0.65
0.0,65.0,64.0,-0.97
0.0,65.8,66.0,-0.32
0.0,66.3,63.0,-0.97
0.0,66.4,67.0,-1.29
0.0,66.7,66.0,-1.29
0.0,66.6,67.0,-0.65
0.2,65.8,65.0,-0.97
0.2,66.4,60.0,-0.65
0.1,65.0,62.0,-0.65
0.2,65.8,66.0,-0.65
2.15,66.1,63.0,-0.65
16.23,64.9,53.0,-0.65
54.06,64.7,65.0,-0.97
74.1,64.9,64.0,-0.97
84.56,66.0,65.0,-0.97
89.54,64.9,62.0,-0.32
92.67,62.8,66.0,0.32
88.46,64.2,65.0,0.0
86.61,65.0,63.0,0.32
84.95,64.7,59.0,0.32
90.52,63.7,65.0,0.97
89.93,62.3,64.0,1.29
91.1,61.4,65.0,0.97
83.77,62.0,64.0,0.97
79.28,63.4,61.0,0.65
85.34,63.0,63.0,1.29
73.02,62.5,64.0,0.97
74.68,61.7,60.0,0.97
75.46,61.4,63.0,0.97
71.85,62.0,64.0,0.65
69.01,61.9,63.0,0.97
64.32,62.6,65.0,0.97
53.76,62.0,66.0,0.97
40.86,61.7,62.0,0.97
32.65,61.1,65.0,0.65
9.58,60.0,64.0,0.32
0.68,60.1,64.0,0.32
0.0,59.2,59.0,0.32
0.0,59.2,62.0,0.32
0.0,58.4,61.0,0.32
0.0,57.3,61.0,0.32
0.0,54.8,58.0,0.32
0.0,55.5,62.0,0.32
0.0,56.3,60.0,0.0
0.0,57.0,64.0,0.0
0.0,57.3,64.0,0.32
0.2,56.5,60.0,0.32
0.1,58.7,74.0,0.97
0.0,56.3,68.0,0.97
0.0,58.5,63.0,0.65
0.0,58.1,50.0,0.97
0.0,58.4,74.0,0.97
0.0,57.3,61.0,0.97
0.0,56.5,63.0,0.97
0.0,57.8,61.0,0.65
0.0,59.0,64.0,0.97
0.0,59.3,64.0,0.97
0.0,59.5,64.0,0.97
0.0,59.8,64.0,0.65
0.0,60.4,62.0,0.97
0.0,61.2,62.0,0.32
0.0,61.9,61.0,0.0
0.0,60.6,62.0,0.32
0.0,59.2,64.0,0.65
0.0,57.3,63.0,0.65
0.0,56.5,56.0,0.65
0.0,55.7,60.0,0.97
0.0,54.8,54.0,0.65
0.0,54.0,61.0,0.32
0.0,54.0,61.0,0.65
0.0,54.8,62.0,0.65
0.0,55.1,60.0,0.65
0.0,57.0,63.0,-0.32
0.0,58.4,64.0,-0.97
0.0,60.0,64.0,-0.32
0.0,63.9,63.0,0.97
0.0,60.0,63.0,1.29
0.68,56.8,57.0,2.9
0.2,60.1,57.0,3.87
0.0,59.6,62.0,1.29
0.1,60.1,63.0,0.97
0.78,59.2,61.0,0.65
7.14,58.4,63.0,0.65
42.33,57.8,61.0,1.29
67.25,58.1,59.0,1.61
80.55,57.9,61.0,1.29
89.93,56.2,54.0,3.55
94.23,52.4,54.0,5.48
94.43,53.5,54.0,4.84
95.11,53.7,50.0,5.16
94.92,51.8,50.0,5.48
94.92,50.7,50.0,6.13
94.62,49.7,50.0,5.81
95.31,49.4,50.0,5.48
94.14,51.6,50.0,4.52
88.27,51.8,50.0,5.16
92.47,53.5,50.0,5.48
90.91,52.9,50.0,4.84
93.45,51.0,50.0,5.48
92.18,52.6,50.0,5.16
89.54,52.2,50.0,4.52
87.29,54.1,50.0,4.84
83.28,52.4,50.0,4.52
77.42,52.4,50.0,4.52
64.42,49.4,50.0,4.19
45.36,48.6,50.0,4.19
17.99,49.1,50.0,3.55
2.25,48.1,50.0,3.55
0.59,51.8,50.0,0.65
0.49,53.5,50.0,0.32
0.49,54.6,50.0,0.65
0.49,54.9,50.0,0.32
0.49,55.2,50.0,0.32
0.49,56.5,50.0,0.32
0.49,57.6,50.0,0.32
0.59,57.8,51.0,0.32
0.68,58.1,51.0,0.32
0.78,58.4,56.0,0.65
0.59,61.2,59.0,0.32
0.68,62.5,59.0,0.32
0.78,63.4,63.0,0.32
0.78,63.9,65.0,0.32
0.68,64.1,63.0,0.0
0.68,64.7,63.0,0.0
0.2,65.2,65.0,0.0
0.1,64.9,65.0,0.0
0.1,65.5,65.0,0.0
0.2,65.5,66.0,0.0
0.1,65.8,65.0,0.32
0.0,65.8,65.0,0.32
0.0,66.3,65.0,0.65
0.0,66.1,65.0,0.32
0.1,66.1,64.0,0.65
0.1,65.8,63.0,0.65
0.0,65.8,65.0,0.65
0.1,65.6,65.0,0.65
0.1,66.0,65.0,0.65
0.1,66.1,65.0,0.97
0.0,66.1,65.0,0.65
0.2,65.8,64.0,0.97
0.1,66.4,66.0,0.65
0.1,66.0,65.0,0.97
0.2,65.8,65.0,0.97
0.2,66.3,65.0,0.65
0.2,66.1,65.0,0.65
0.0,63.6,59.0,3.87
0.0,60.0,55.0,3.55
0.2,60.1,61.0,3.23
0.59,60.6,60.0,3.55
0.59,60.0,62.0,3.23
0.59,60.6,60.0,3.55
0.68,59.8,59.0,3.87
0.68,58.5,59.0,3.87
0.78,56.5,57.0,4.19
2.74,58.5,56.0,3.87
20.04,59.0,58.0,3.87
43.4,60.1,59.0,3.87
61.1,59.6,57.0,3.55
74.39,59.6,56.0,3.87
73.12,58.7,59.0,3.87
76.25,57.8,57.0,3.87
85.14,55.2,50.0,3.87
97.16,56.0,52.0,5.48
94.53,48.3,53.0,7.42
92.08,51.3,50.0,4.84
83.87,53.5,50.0,4.19
90.62,53.0,50.0,4.84
91.89,51.9,50.0,5.16
97.16,46.7,50.0,12.26
93.94,47.0,50.0,6.77
86.22,50.0,50.0,4.52
95.11,49.2,50.0,7.1
90.62,49.6,50.0,5.81
87.49,50.0,50.0,4.19
81.92,50.2,50.0,3.55
82.8,51.1,50.0,3.55
73.31,52.7,50.0,2.9
51.71,52.7,50.0,2.58
17.11,53.5,50.0,1.94
2.15,53.2,50.0,0.32
0.59,58.5,50.0,-0.32
0.59,59.0,50.0,0.0
0.49,59.2,53.0,-0.65
0.39,60.9,57.0,-0.97
0.39,61.7,55.0,-0.97
0.39,61.7,64.0,-0.97
0.39,61.7,64.0,-1.29
0.39,61.9,63.0,-1.29
0.39,61.4,58.0,-0.65
0.39,61.1,62.0,-0.65
0.39,61.1,64.0,-0.65
0.39,60.6,61.0,0.0
0.39,59.0,63.0,0.0
0.29,60.0,65.0,0.0
0.39,59.8,63.0,0.0
0.29,60.3,62.0,0.0
0.0,61.5,64.0,0.32
0.0,62.6,65.0,0.65
0.0,64.2,60.0,0.97
0.0,64.2,65.0,0.65
0.0,64.2,64.0,0.97
0.0,64.5,63.0,0.65
0.0,64.5,51.0,0.65
0.0,65.8,64.0,0.97
0.0,65.2,59.0,0.97
0.0,64.4,61.0,0.97
0.0,65.5,64.0,0.65
0.0,66.4,63.0,0.97
0.0,65.6,61.0,0.97
0.0,64.9,61.0,0.97
0.0,63.3,58.0,1.29
0.0,63.6,65.0,1.29
0.0,63.9,59.0,1.29
0.0,62.8,64.0,1.61
0.0,64.5,64.0,1.61
0.0,65.2,64.0,1.94
0.0,64.7,65.0,1.94
0.1,66.7,65.0,1.61
0.1,65.8,70.0,1.61
0.1,64.4,63.0,1.94
0.49,63.9,71.0,1.94
0.49,63.6,70.0,1.94
0.59,63.7,62.0,1.61
0.68,63.7,65.0,1.61
0.68,63.0,67.0,1.61
2.15,62.2,64.0,1.94
14.37,61.5,67.0,1.94
31.48,61.4,63.0,1.61
44.09,60.9,69.0,1.94
52.59,61.2,63.0,1.61
59.82,61.1,67.0,1.94
75.66,60.8,68.0,1.94
82.7,62.0,61.0,1.29
87.2,62.3,69.0,1.61
80.06,63.1,82.0,1.29
78.01,66.0,63.0,1.29
75.27,66.7,65.0,0.97
76.44,68.0,71.0,1.61
75.46,67.2,76.0,1.94
74.58,67.5,73.0,1.29
72.82,67.7,63.0,1.29
79.57,68.2,66.0,1.61
77.03,68.0,69.0,1.61
78.4,68.2,63.0,1.61
75.95,68.2,68.0,1.29
71.36,68.6,64.0,1.29
66.96,69.1,64.0,1.29
48.58,68.8,62.0,1.29
26.88,68.8,69.0,0.97
7.53,69.1,63.0,0.97
1.56,69.7,64.0,1.61
0.78,68.8,63.0,1.29
0.78,68.6,65.0,0.65
0.68,68.9,64.0,0.32
0.78,68.9,66.0,0.32
0.88,68.8,66.0,-0.32
0.78,69.3,63.0,0.0
0.68,69.3,64.0,0.0
0.68,69.7,63.0,0.32
0.68,69.6,62.0,0.32
0.68,69.9,66.0,0.32
0.68,69.6,63.0,0.65
0.59,69.7,63.0,0.32
0.59,69.9,63.0,0.32
0.59,69.6,66.0,0.0
0.49,69.6,66.0,0.0
0.68,70.1,61.0,0.0
0.29,69.7,64.0,0.32
0.29,70.5,64.0,0.65
0.29,70.4,64.0,0.65
0.29,70.7,50.0,0.97
0.29,71.2,60.0,1.29
0.29,71.2,61.0,1.29
0.29,71.2,64.0,1.61
0.2,71.3,63.0,1.61
0.29,71.5,50.0,1.61
0.29,71.3,62.0,1.61
0.2,71.6,65.0,1.61
0.2,71.3,50.0,1.61
0.29,71.3,61.0,1.61
0.29,71.5,61.0,1.94
0.2,72.1,62.0,1.94
0.29,72.3,58.0,2.26
0.29,72.3,61.0,1.94
0.2,72.1,52.0,2.26
0.29,72.3,65.0,2.26
0.2,71.8,63.0,2.26
0.2,71.6,59.0,1.94
0.1,71.2,53.0,1.61
0.2,71.3,58.0,1.61
0.1,70.5,60.0,0.65
0.68,70.7,60.0,0.97
0.78,70.4,61.0,0.32
0.88,70.1,65.0,0.32
0.98,69.7,65.0,-0.32
0.88,70.5,64.0,0.32
1.08,70.4,64.0,0.0
2.74,71.0,63.0,0.65
12.32,71.0,62.0,0.97
30.89,71.3,61.0,1.61
62.46,70.4,61.0,0.65
67.64,70.4,63.0,0.97
74.29,70.1,63.0,0.97
80.64,70.8,63.0,1.94
84.85,70.1,59.0,2.58
83.38,69.4,64.0,3.23
83.28,69.3,59.0,3.23
85.63,69.9,50.0,3.87
85.34,68.0,61.0,3.23
84.56,68.8,60.0,3.55
83.87,68.5,60.0,4.19
86.32,68.5,61.0,2.58
87.98,68.6,76.0,2.58
86.8,68.9,57.0,2.58
73.02,68.0,65.0,2.26
84.46,69.3,63.0,3.23
82.21,69.3,60.0,2.9
84.75,69.1,60.0,3.23
70.87,69.7,58.0,2.9
53.28,69.4,61.0,2.9
28.74,69.3,60.0,2.9
6.35,68.5,63.0,2.58
1.08,68.0,61.0,2.58
0.49,67.7,59.0,2.26
0.49,67.7,56.0,2.26
0.49,66.9,60.0,1.94
0.49,64.4,58.0,2.26
0.39,63.7,61.0,1.94
0.49,64.1,62.0,1.61
0.49,64.7,63.0,1.29
0.49,64.5,62.0,1.29
0.49,64.9,64.0,0.97
0.49,64.7,62.0,0.97
0.29,65.5,62.0,1.29
0.39,65.2,65.0,1.29
0.29,65.0,61.0,1.29
0.39,65.0,65.0,1.29
0.29,64.7,65.0,0.97
0.29,64.9,66.0,0.97
0.0,65.3,60.0,0.65
0.0,65.5,64.0,0.65
0.0,64.7,71.0,0.97
0.0,65.0,64.0,0.97
0.0,65.5,64.0,0.65
0.0,65.6,61.0,0.65
0.0,65.2,62.0,0.32
0.0,65.3,62.0,0.32
0.0,65.5,66.0,-0.32
0.0,66.4,66.0,-0.32
0.0,67.1,61.0,0.0
0.0,66.7,58.0,0.0
0.0,66.7,65.0,0.0
0.0,66.9,66.0,0.0
0.0,67.1,65.0,0.0
0.0,66.3,56.0,-0.32
0.0,66.6,63.0,0.0
0.0,66.6,64.0,0.0
0.0,67.1,65.0,-0.65
0.0,67.2,66.0,-0.97
0.0,69.3,63.0,1.29
0.2,65.5,56.0,1.61
0.59,64.2,62.0,2.58
0.68,63.3,62.0,1.61
0.68,63.7,62.0,1.29
0.49,66.0,61.0,1.94
0.39,62.5,61.0,2.58
0.88,64.1,64.0,1.29
6.26,65.2,61.0,1.61
38.12,65.0,63.0,1.29
65.49,63.1,60.0,2.26
82.6,64.4,61.0,2.9
85.73,63.1,63.0,2.9
89.54,62.3,62.0,2.58
94.92,61.2,59.0,5.16
94.82,58.9,56.0,7.74
93.55,57.1,54.0,6.45
96.28,65.8,61.0,4.52
97.16,53.8,59.0,7.42
93.55,54.8,57.0,7.42
93.06,60.4,60.0,4.52
90.13,59.5,56.0,5.48
90.13,61.7,55.0,3.23
92.57,60.9,58.0,3.87
89.15,60.9,57.0,4.52
95.21,63.1,50.0,6.13
94.82,58.1,54.0,6.77
88.56,56.7,55.0,5.81
86.02,62.6,60.0,3.23
80.84,61.7,59.0,3.55
69.4,62.8,60.0,2.58
48.68,63.9,60.0,2.26
21.02,65.5,60.0,1.94
3.62,64.7,61.0,1.61
0.78,66.7,61.0,0.97
0.39,66.6,65.0,0.65
0.49,67.4,64.0,0.65
0.49,67.2,65.0,0.65
0.49,67.2,66.0,0.65
0.39,67.2,63.0,0.65
0.39,67.1,65.0,0.65
0.39,66.6,64.0,0.65
0.39,66.7,62.0,0.97
0.39,66.6,64.0,0.65
0.39,66.4,62.0,0.97
0.39,65.3,66.0,1.29
0.29,65.0,61.0,1.29
0.29,65.0,63.0,0.97
0.29,65.8,64.0,1.29
0.29,65.8,64.0,0.97
0.0,65.6,63.0,1.29
0.0,66.7,59.0,0.97
0.0,66.3,64.0,0.97
0.0,66.4,63.0,0.65
0.0,67.1,61.0,0.65
0.0,66.7,65.0,0.0
0.0,67.2,65.0,0.0
0.0,66.6,65.0,0.0
0.0,66.3,66.0,-0.32
0.0,66.4,63.0,-0.32
0.0,65.8,66.0,-0.65
0.0,65.6,67.0,-0.65
0.0,65.8,67.0,-1.29
0.0,66.3,67.0,-1.29
0.0,66.0,67.0,-1.29
0.0,65.6,68.0,-1.61
0.0,65.6,67.0,-1.94
0.0,66.1,68.0,-1.94
0.0,66.3,67.0,-1.94
0.0,67.1,67.0,-1.61
0.0,65.8,68.0,-1.94
0.0,66.6,68.0,-1.29
0.0,65.6,68.0,-1.61
0.0,66.3,68.0,-1.94
0.0,67.7,65.0,0.32
0.0,64.7,64.0,0.0
0.0,61.7,63.0,0.32
0.0,61.4,64.0,0.32
0.1,60.9,63.0,0.97
2.44,63.1,65.0,-1.29
19.84,62.5,65.0,-0.65
57.67,61.5,65.0,-0.65
77.91,60.9,62.0,0.0
93.26,61.2,64.0,0.65
96.19,51.1,58.0,3.87
96.87,51.9,55.0,5.81
97.07,48.5,57.0,5.16
97.46,46.7,50.0,11.94
97.56,46.6,50.0,10.65
97.65,44.5,50.0,10.65
97.56,42.6,50.0,10.65
97.56,42.9,50.0,11.29
97.46,43.4,50.0,12.26
97.46,42.8,61.0,8.71
97.36,45.5,53.0,6.77
97.26,47.2,50.0,6.77
97.07,45.9,50.0,7.74
96.48,48.1,61.0,6.13
89.74,48.0,50.0,3.23
91.2,51.9,50.0,4.52
85.24,53.8,50.0,1.61
80.84,57.4,50.0,0.97
70.97,57.3,50.0,0.65
46.24,57.8,50.0,0.65
13.0,58.1,50.0,0.65
1.17,56.8,56.0,-0.32
0.1,59.3,61.0,-1.94
0.0,60.6,65.0,-2.26
0.0,61.9,65.0,-2.58
0.0,61.9,67.0,-2.58
0.0,61.9,66.0,-2.58
0.0,62.0,67.0,-2.26
0.0,60.9,66.0,-1.61
0.0,58.9,65.0,-0.97
0.0,57.4,65.0,-0.97
0.0,58.1,65.0,-0.97
0.0,56.5,65.0,-0.65
0.0,56.8,65.0,-0.32
0.0,56.5,59.0,-0.32
0.0,56.2,64.0,-0.32
0.0,57.0,60.0,-0.65
0.0,59.0,65.0,-0.97
0.0,60.4,65.0,-0.65
0.0,61.2,66.0,-0.97
0.0,61.9,67.0,-1.29
0.0,63.4,50.0,-0.97
0.0,63.7,66.0,-0.97
0.0,63.4,50.0,-0.32
0.0,63.1,65.0,0.0
0.0,63.6,65.0,0.32
0.0,63.6,66.0,-0.65
0.0,63.9,50.0,-0.65
0.1,64.9,50.0,-0.32
0.0,65.2,50.0,0.0
0.0,65.2,66.0,0.0
0.0,65.2,66.0,0.0
0.0,65.0,65.0,-0.32
0.0,65.3,66.0,0.0
0.2,65.2,66.0,0.0
0.0,65.2,66.0,-0.32
0.0,65.0,66.0,-0.32
0.0,64.5,67.0,-0.32
0.0,64.5,63.0,0.0
0.0,63.9,50.0,0.0
0.0,63.0,50.0,-0.32
0.0,63.6,66.0,0.0
0.0,57.0,61.0,3.23
0.0,56.0,61.0,2.58
0.0,56.8,61.0,1.94
0.0,56.3,61.0,1.94
0.98,56.5,57.0,1.29
9.29,56.7,63.0,0.65
43.5,57.6,61.0,1.29
71.65,56.5,61.0,1.29
83.87,58.2,62.0,1.61
94.82,57.8,61.0,0.65
96.38,51.3,59.0,2.58
96.97,53.7,62.0,2.58
97.26,51.4,57.0,5.81
97.46,51.0,62.0,5.16
97.46,49.4,65.0,5.16
97.65,47.5,51.0,10.0
97.46,48.3,50.0,10.65
96.77,49.9,50.0,5.48
96.97,52.6,53.0,5.81
97.36,48.9,50.0,6.45
96.77,50.3,53.0,5.81
96.28,52.7,61.0,4.19
96.09,52.1,50.0,4.52
95.89,47.8,50.0,7.42
93.45,50.3,50.0,5.16
89.54,53.7,50.0,2.58
87.68,55.9,50.0,1.61
77.61,57.1,53.0,0.97
58.16,58.2,56.0,0.65
23.56,58.5,57.0,0.32
3.42,60.0,51.0,0.0
0.1,61.9,61.0,-0.32
0.0,62.2,65.0,-0.65
0.0,62.8,65.0,-0.97
0.0,62.3,63.0,-0.65
0.0,62.8,63.0,-0.65
0.0,62.3,62.0,-0.65
0.0,63.0,66.0,-0.65
0.0,62.5,62.0,-0.65
0.0,62.3,62.0,-0.65
0.0,62.8,66.0,-0.32
0.0,62.2,60.0,-0.32
0.0,62.5,61.0,0.0
0.0,62.8,64.0,0.0
0.0,63.3,63.0,0.32
0.0,63.4,61.0,0.65
0.0,64.2,66.0,0.32
0.0,64.2,63.0,0.65
0.0,64.9,62.0,0.65
0.0,64.5,63.0,0.65
0.0,65.0,63.0,0.65
0.0,64.5,65.0,0.32
0.0,65.2,64.0,0.65
0.0,65.3,63.0,0.65
0.0,65.5,60.0,0.65
0.0,66.0,63.0,0.65
0.0,66.4,64.0,0.65
0.0,66.7,63.0,0.97
0.0,67.7,64.0,0.97
0.0,66.9,61.0,1.29
0.0,67.1,61.0,1.29
0.0,67.2,63.0,0.97
0.0,67.4,62.0,0.97
0.0,67.1,61.0,1.29
0.1,67.4,61.0,1.29
0.0,67.2,63.0,1.29
0.0,66.0,64.0,1.29
0.1,65.5,60.0,1.61
0.0,64.7,62.0,1.29
0.1,64.4,62.0,1.29
0.2,65.0,60.0,1.29
0.39,63.7,61.0,1.29
0.39,63.9,63.0,1.29
0.39,63.9,58.0,1.29
0.49,64.1,64.0,1.29
0.49,63.7,63.0,1.61
1.76,64.4,61.0,1.29
18.28,64.7,62.0,0.97
19.26,64.4,64.0,1.61
35.88,63.6,62.0,1.61
56.5,63.1,61.0,1.61
65.69,63.1,63.0,1.94
